
> express-db-access-performance-experiments@0.1.0 test
> node --test 'bench/*.test.mjs'

✔ seed oracle replays a small fixture exactly (2.503466ms)
✔ seed oracle materializes the declared fan-out fixture (2.082141ms)
✔ median: odd, even, unsorted, empty (3.090719ms)
✔ cv: known value, degenerate cases (0.264776ms)
✔ mean and sd: hand-computed (0.238365ms)
✔ logRatios and geomMeanRatio (0.231182ms)
✔ winFraction: dominance with ties = 1/2 (0.250863ms)
✔ cliffsDelta and magnitude thresholds (0.319795ms)
✔ mannWhitneyU: identical -> p~1, separated -> small p, U symmetric (0.4462ms)
✔ pairedPermutation: identical samples give p = 1 (2.87056ms)
✔ pairedPermutation: well-separated gives small p; respects the 1/(B+1) floor (5.292514ms)
✔ pairedPermutation: p is symmetric under swapping a,b (same seed) (3.013044ms)
✔ wilcoxonSignedRank: all-zero differences -> p = 1 (0.362787ms)
✔ wilcoxonSignedRank: constant positive shift, hand-computed z and p (0.260325ms)
✔ pairedBootstrapRatioCI: identical -> [1,1] regardless of resampling (0.83807ms)
✔ pairedBootstrapRatioCI: uniform 2x -> [2,2]; ordered lo<=hi otherwise (2.438394ms)
✔ pairedTOST: identical samples are equivalent within +/-5% (1.040931ms)
✔ pairedTOST: a 2x larger is NOT equivalent; a 2% shift IS (0.663614ms)
✔ blockedInteraction: no layer effect -> F=0, p=1 (5.370834ms)
✔ blockedInteraction: strong, consistent layer effect -> large F, small p (16.497207ms)
✔ blockedInteraction: p respects the 1/(B+1) resolution floor (3.806701ms)
ℹ tests 21
ℹ suites 0
ℹ pass 21
ℹ fail 0
ℹ cancelled 0
ℹ skipped 0
ℹ todo 0
ℹ duration_ms 131.227676

> express-db-access-performance-experiments@0.1.0 verify:spec
> npm run prisma:generate:pg && ENGINE=postgres node bench/verify-spec.mjs && npm run prisma:generate:mysql && ENGINE=mysql node bench/verify-spec.mjs


> express-db-access-performance-experiments@0.1.0 prisma:generate:pg
> prisma generate --schema=prisma/schema.postgres.prisma

Prisma schema loaded from prisma/schema.postgres.prisma.

✔ Generated Prisma Client (v7.8.0) to ./node_modules/@prisma/client in 94ms

Start by importing your Prisma Client (See: https://pris.ly/d/importing-client)


Building DB-independent seed oracle: 100000 posts, 1000000 comments; 1015 post inputs, 1007 author inputs
  ✓ pg: 4060 expected-result checks
  ✓ pg-tuned: 4060 expected-result checks
  ✓ knex: 4060 expected-result checks
  ✓ drizzle: 4060 expected-result checks
  ✓ prisma: 4060 expected-result checks
  ✓ sequelize: 4060 expected-result checks
  ✓ typeorm: 4060 expected-result checks
  ✓ objection: 4060 expected-result checks
  ✓ mikroorm: 4060 expected-result checks

ALL ADAPTERS MATCH THE SEED SPECIFICATION
summary -> experiments/spec-oracle.json

> express-db-access-performance-experiments@0.1.0 prisma:generate:mysql
> prisma generate --schema=prisma/schema.mysql.prisma

Prisma schema loaded from prisma/schema.mysql.prisma.
┌─────────────────────────────────────────────────────────┐
│  Update available 7.8.0 -> 7.9.0                        │
│  Run the following to update                            │
│    npm i --save-dev prisma@latest                       │
│    npm i @prisma/client@latest                          │
└─────────────────────────────────────────────────────────┘

✔ Generated Prisma Client (v7.8.0) to ./node_modules/@prisma/client in 90ms

Start by importing your Prisma Client (See: https://pris.ly/d/importing-client)


Building DB-independent seed oracle: 100000 posts, 1000000 comments; 1015 post inputs, 1007 author inputs
  ✓ mysql2: 4060 expected-result checks
  ✓ mysql2-tuned: 4060 expected-result checks
  ✓ knex: 4060 expected-result checks
  ✓ drizzle: 4060 expected-result checks
  ✓ prisma: 4060 expected-result checks
  ✓ sequelize: 4060 expected-result checks
  ✓ typeorm: 4060 expected-result checks
  ✓ objection: 4060 expected-result checks
  ✓ mikroorm: 4060 expected-result checks

ALL ADAPTERS MATCH THE SEED SPECIFICATION
summary -> experiments/spec-oracle.json

> express-db-access-performance-experiments@0.1.0 verify:fixed
> npm run prisma:generate:pg && ENGINE=postgres node bench/verify.mjs && npm run prisma:generate:mysql && ENGINE=mysql node bench/verify.mjs


> express-db-access-performance-experiments@0.1.0 prisma:generate:pg
> prisma generate --schema=prisma/schema.postgres.prisma

Prisma schema loaded from prisma/schema.postgres.prisma.

✔ Generated Prisma Client (v7.8.0) to ./node_modules/@prisma/client in 93ms

Start by importing your Prisma Client (See: https://pris.ly/d/importing-client)


Verifying 9 adapters on postgres (baseline=pg, byte-level)

baseline pg: 12 probes, bytes: getPost:1=186 thread:1=2814 threadRaw:1=2814 getPost:50000=210 thread:50000=2853 threadRaw:50000=2853 getPost:99999=209 thread:99999=1937 threadRaw:99999=1937 list:1000=3970 list:60000=4204 summary:1000=59
  ✓ pg (baseline)
  ✓ pg-tuned (byte-identical on 12 probes)
  ✓ knex (byte-identical on 12 probes)
  ✓ drizzle (byte-identical on 12 probes)
  ✓ prisma (byte-identical on 12 probes)
  ✓ sequelize (byte-identical on 12 probes)
  ✓ typeorm (byte-identical on 12 probes)
  ✓ objection (byte-identical on 12 probes)
  ✓ mikroorm (byte-identical on 12 probes)

Alternative documented deep-fetch strategy (postgres) --- byte-equivalent documented alternatives:
  ✓ sequelize (alt byte-identical, a valid documented-strategy sensitivity candidate)
  – typeorm (alt errors; not a valid drop-in on postgres)
  – objection (alt not byte-identical; not a valid drop-in on postgres)
  ✓ mikroorm (alt byte-identical, a valid documented-strategy sensitivity candidate)

ALL BYTE-IDENTICAL

> express-db-access-performance-experiments@0.1.0 prisma:generate:mysql
> prisma generate --schema=prisma/schema.mysql.prisma

Prisma schema loaded from prisma/schema.mysql.prisma.

✔ Generated Prisma Client (v7.8.0) to ./node_modules/@prisma/client in 90ms

Start by importing your Prisma Client (See: https://pris.ly/d/importing-client)


Verifying 9 adapters on mysql (baseline=mysql2, byte-level)

baseline mysql2: 12 probes, bytes: getPost:1=186 thread:1=2814 threadRaw:1=2814 getPost:50000=210 thread:50000=2853 threadRaw:50000=2853 getPost:99999=209 thread:99999=1937 threadRaw:99999=1937 list:1000=3970 list:60000=4204 summary:1000=59
  ✓ mysql2 (baseline)
  ✓ mysql2-tuned (byte-identical on 12 probes)
  ✓ knex (byte-identical on 12 probes)
  ✓ drizzle (byte-identical on 12 probes)
  ✓ prisma (byte-identical on 12 probes)
  ✓ sequelize (byte-identical on 12 probes)
  ✓ typeorm (byte-identical on 12 probes)
  ✓ objection (byte-identical on 12 probes)
  ✓ mikroorm (byte-identical on 12 probes)

Alternative documented deep-fetch strategy (mysql) --- byte-equivalent documented alternatives:
  ✓ sequelize (alt byte-identical, a valid documented-strategy sensitivity candidate)
  – typeorm (alt errors; not a valid drop-in on mysql)
  ✓ objection (alt byte-identical, a valid documented-strategy sensitivity candidate)
  ✓ mikroorm (alt byte-identical, a valid documented-strategy sensitivity candidate)

ALL BYTE-IDENTICAL

> express-db-access-performance-experiments@0.1.0 verify:property
> npm run prisma:generate:pg && ENGINE=postgres node bench/verify-property.mjs && npm run prisma:generate:mysql && ENGINE=mysql node bench/verify-property.mjs


> express-db-access-performance-experiments@0.1.0 prisma:generate:pg
> prisma generate --schema=prisma/schema.postgres.prisma

Prisma schema loaded from prisma/schema.postgres.prisma.

✔ Generated Prisma Client (v7.8.0) to ./node_modules/@prisma/client in 91ms

Start by importing your Prisma Client (See: https://pris.ly/d/importing-client)


Property gate on postgres: baseline=pg; 1009 post ids (9 edge + 1000 random), 1007 author ids (7 edge + 1000 random), 8 keyset params; 9 adapters

baseline pg: 3800 inputs/adapter
  ✓ pg (baseline)
  ✓ pg-tuned (byte-identical on 3800 inputs)
  ✓ knex (byte-identical on 3800 inputs)
  ✓ drizzle (byte-identical on 3800 inputs)
  ✓ prisma (byte-identical on 3800 inputs)
  ✓ sequelize (byte-identical on 3800 inputs)
  ✓ typeorm (byte-identical on 3800 inputs)
  ✓ objection (byte-identical on 3800 inputs)
  ✓ mikroorm (byte-identical on 3800 inputs)

ALL BYTE-IDENTICAL — 30400 adapter×input comparisons on postgres
coverage summary -> experiments/semantic-equivalence.json (postgres)

> express-db-access-performance-experiments@0.1.0 prisma:generate:mysql
> prisma generate --schema=prisma/schema.mysql.prisma

Prisma schema loaded from prisma/schema.mysql.prisma.

✔ Generated Prisma Client (v7.8.0) to ./node_modules/@prisma/client in 90ms

Start by importing your Prisma Client (See: https://pris.ly/d/importing-client)


Property gate on mysql: baseline=mysql2; 1009 post ids (9 edge + 1000 random), 1007 author ids (7 edge + 1000 random), 8 keyset params; 9 adapters

baseline mysql2: 3800 inputs/adapter
  ✓ mysql2 (baseline)
  ✓ mysql2-tuned (byte-identical on 3800 inputs)
  ✓ knex (byte-identical on 3800 inputs)
  ✓ drizzle (byte-identical on 3800 inputs)
  ✓ prisma (byte-identical on 3800 inputs)
  ✓ sequelize (byte-identical on 3800 inputs)
  ✓ typeorm (byte-identical on 3800 inputs)
  ✓ objection (byte-identical on 3800 inputs)
  ✓ mikroorm (byte-identical on 3800 inputs)

ALL BYTE-IDENTICAL — 30400 adapter×input comparisons on mysql
coverage summary -> experiments/semantic-equivalence.json (mysql)

> express-db-access-performance-experiments@0.1.0 verify:writes
> npm run prisma:generate:pg && ENGINE=postgres node bench/verify-writes.mjs && npm run prisma:generate:mysql && ENGINE=mysql node bench/verify-writes.mjs


> express-db-access-performance-experiments@0.1.0 prisma:generate:pg
> prisma generate --schema=prisma/schema.postgres.prisma

Prisma schema loaded from prisma/schema.postgres.prisma.

✔ Generated Prisma Client (v7.8.0) to ./node_modules/@prisma/client in 92ms

Start by importing your Prisma Client (See: https://pris.ly/d/importing-client)


Write-state admission: 9 adapters on postgres (separate pg verifier)

  ✓ pg (createPost + createThread fields/id/row counts + transaction atomicity)
  ✓ pg-tuned (createPost fields/id/row count; createThread not implemented)
  ✓ knex (createPost + createThread fields/id/row counts + transaction atomicity)
  ✓ drizzle (createPost fields/id/row count; createThread not implemented)
  ✓ prisma (createPost + createThread fields/id/row counts + transaction atomicity)
  ✓ sequelize (createPost fields/id/row count; createThread not implemented)
  ✓ typeorm (createPost + createThread fields/id/row counts + transaction atomicity)
  ✓ objection (createPost fields/id/row count; createThread not implemented)
  ✓ mikroorm (createPost + createThread fields/id/row counts + transaction atomicity)

ALL WRITES SEMANTICALLY CORRECT
scope summary -> experiments/write-admission.json

> express-db-access-performance-experiments@0.1.0 prisma:generate:mysql
> prisma generate --schema=prisma/schema.mysql.prisma

Prisma schema loaded from prisma/schema.mysql.prisma.

✔ Generated Prisma Client (v7.8.0) to ./node_modules/@prisma/client in 89ms

Start by importing your Prisma Client (See: https://pris.ly/d/importing-client)


Write-state admission: 9 adapters on mysql (separate mysql2 verifier)

  ✓ mysql2 (createPost fields/id/row count; createThread not implemented)
  ✓ mysql2-tuned (createPost fields/id/row count; createThread not implemented)
  ✓ knex (createPost + createThread fields/id/row counts + transaction atomicity)
  ✓ drizzle (createPost fields/id/row count; createThread not implemented)
  ✓ prisma (createPost + createThread fields/id/row counts + transaction atomicity)
  ✓ sequelize (createPost fields/id/row count; createThread not implemented)
  ✓ typeorm (createPost + createThread fields/id/row counts + transaction atomicity)
  ✓ objection (createPost fields/id/row count; createThread not implemented)
  ✓ mikroorm (createPost + createThread fields/id/row counts + transaction atomicity)

ALL WRITES SEMANTICALLY CORRECT
scope summary -> experiments/write-admission.json

> express-db-access-performance-experiments@0.1.0 verify:campaign-state
> ENGINE=postgres node bench/verify-campaign-state.mjs && ENGINE=mysql node bench/verify-campaign-state.mjs

postgres campaign-state preflight: PASS
{
  "expected": {
    "authors": 2000,
    "posts": 100006,
    "comments": 1000661,
    "nextPostId": 300001
  },
  "actual": {
    "authors": 2000,
    "posts": 100006,
    "comments": 1000661,
    "strayPosts": 0,
    "nextPostId": 300001,
    "fanout": [
      {
        "id": 250001,
        "comments": 0
      },
      {
        "id": 250002,
        "comments": 1
      },
      {
        "id": 250003,
        "comments": 10
      },
      {
        "id": 250004,
        "comments": 50
      },
      {
        "id": 250005,
        "comments": 100
      },
      {
        "id": 250006,
        "comments": 500
      }
    ]
  },
  "checks": {
    "authors": true,
    "posts": true,
    "comments": true,
    "noStrayPosts": true,
    "writeSequence": true,
    "fanout": true
  },
  "status": "PASS"
}
mysql campaign-state preflight: PASS
{
  "expected": {
    "authors": 2000,
    "posts": 100006,
    "comments": 1000661,
    "nextPostId": 300001
  },
  "actual": {
    "authors": 2000,
    "posts": 100006,
    "comments": 1000661,
    "strayPosts": 0,
    "nextPostId": 300001,
    "fanout": [
      {
        "id": 250001,
        "comments": 0
      },
      {
        "id": 250002,
        "comments": 1
      },
      {
        "id": 250003,
        "comments": 10
      },
      {
        "id": 250004,
        "comments": 50
      },
      {
        "id": 250005,
        "comments": 100
      },
      {
        "id": 250006,
        "comments": 500
      }
    ]
  },
  "checks": {
    "authors": true,
    "posts": true,
    "comments": true,
    "noStrayPosts": true,
    "writeSequence": true,
    "fanout": true
  },
  "status": "PASS"
}

> express-db-access-performance-experiments@0.1.0 verify:seed-parity
> node bench/verify-seed-parity.mjs

{
  "scope": "fan-out posts/comments; database-generated timestamps excluded",
  "rows": 662,
  "sha256": "402e0aebbbc99f6ca32f6e176182fbb4fe753fe273f2e79fb00d5b73a99fe5ca",
  "status": "IDENTICAL ACROSS ENGINES"
}
date_utc: 2026-07-24T01:30:55.201Z
node: v24.18.0
platform: linux 6.17.0-29-generic (x64)
cpu: Intel(R) Xeon(R) Gold 6140 CPU @ 2.30GHz x16
mem_total_gb: 125.8
loadavg: 1.14 1.32 2.01
cpu_governor: unavailable
turbo_no_turbo: unavailable
numa_nodes: 1
virtualization: vmware
process_affinity: pid 3795467's current affinity list: 0-15
git_commit: 61aa2b57168f53f02ec968189851374a4be8a002 (dirty)
package_lock_sha256: b4449306ba3784814488c4633a04ebb74f9c867366efadc1b793d7f5e88f1510
f3291450d463e4d2e2f45a0be70db85c3bb1ba75f4a2c6af986177eca38fe426  results/source-manifest-rq2-campaign2-corrected-state.json (42 files)
postgres campaign-state preflight: PASS
{
  "expected": {
    "authors": 2000,
    "posts": 100006,
    "comments": 1000661,
    "nextPostId": 300001
  },
  "actual": {
    "authors": 2000,
    "posts": 100006,
    "comments": 1000661,
    "strayPosts": 0,
    "nextPostId": 300001,
    "fanout": [
      {
        "id": 250001,
        "comments": 0
      },
      {
        "id": 250002,
        "comments": 1
      },
      {
        "id": 250003,
        "comments": 10
      },
      {
        "id": 250004,
        "comments": 50
      },
      {
        "id": 250005,
        "comments": 100
      },
      {
        "id": 250006,
        "comments": 500
      }
    ]
  },
  "checks": {
    "authors": true,
    "posts": true,
    "comments": true,
    "noStrayPosts": true,
    "writeSequence": true,
    "fanout": true
  },
  "status": "PASS"
}
mysql campaign-state preflight: PASS
{
  "expected": {
    "authors": 2000,
    "posts": 100006,
    "comments": 1000661,
    "nextPostId": 300001
  },
  "actual": {
    "authors": 2000,
    "posts": 100006,
    "comments": 1000661,
    "strayPosts": 0,
    "nextPostId": 300001,
    "fanout": [
      {
        "id": 250001,
        "comments": 0
      },
      {
        "id": 250002,
        "comments": 1
      },
      {
        "id": 250003,
        "comments": 10
      },
      {
        "id": 250004,
        "comments": 50
      },
      {
        "id": 250005,
        "comments": 100
      },
      {
        "id": 250006,
        "comments": 500
      }
    ]
  },
  "checks": {
    "authors": true,
    "posts": true,
    "comments": true,
    "noStrayPosts": true,
    "writeSequence": true,
    "fanout": true
  },
  "status": "PASS"
}

===== replicate 1/25 (order=shuffle: mysql2-tuned,sequelize,prisma,sequelize,typeorm,knex,prisma,mikroorm,mysql2,pg-tuned,typeorm,objection,objection,drizzle,pg,mikroorm,drizzle,knex) =====

== rep 1: mysql2-tuned on mysql ==
[server] adapter=mysql2-tuned engine=mysql pool=10 :3101
  mysql2-tuned/mysql/point_read: 4174 req/s  p99=14ms  cpu=100% (kids 0%, db 35%)  err/to/n2=0/0/0  rss=206MB
  mysql2-tuned/mysql/range_scan: 3229 req/s  p99=18ms  cpu=100% (kids 0%, db 45%)  err/to/n2=0/0/0  rss=212MB
  mysql2-tuned/mysql/deep_fetch: 2407 req/s  p99=26ms  cpu=100% (kids 0%, db 70%)  err/to/n2=0/0/0  rss=212MB
  mysql2-tuned/mysql/aggregation: 4423 req/s  p99=14ms  cpu=100% (kids 0%, db 310%)  err/to/n2=0/0/0  rss=212MB
[server] adapter=mysql2-tuned engine=mysql pool=10 :3102
  mysql2-tuned/mysql/write: 1539 req/s  p99=130ms  cpu=40% (kids 0%, db 40%)  err/to/n2=0/0/0  rss=144MB

== rep 1: sequelize on postgres ==
[server] adapter=sequelize engine=postgres pool=10 :3103
  sequelize/postgres/point_read: 3497 req/s  p99=16ms  cpu=100% (kids 0%, db 35%)  err/to/n2=0/0/0  rss=206MB
  sequelize/postgres/range_scan: 2408 req/s  p99=26ms  cpu=100% (kids 0%, db 35%)  err/to/n2=0/0/0  rss=216MB
  sequelize/postgres/deep_fetch: 974 req/s  p99=63ms  cpu=100% (kids 0%, db 50%)  err/to/n2=0/0/0  rss=246MB
  sequelize/postgres/aggregation: 4732 req/s  p99=15ms  cpu=100% (kids 0%, db 313%)  err/to/n2=0/0/0  rss=246MB
[server] adapter=sequelize engine=postgres pool=10 :3104
  sequelize/postgres/write: 2596 req/s  p99=24ms  cpu=100% (kids 0%, db 50%)  err/to/n2=0/0/0  rss=208MB

== rep 1: prisma on mysql ==
[server] adapter=prisma engine=mysql pool=10 :3105
  prisma/mysql/point_read: 2023 req/s  p99=31ms  cpu=105% (kids 0%, db 50%)  err/to/n2=0/0/0  rss=312MB
  prisma/mysql/range_scan: 1544 req/s  p99=39ms  cpu=105% (kids 0%, db 45%)  err/to/n2=0/0/0  rss=327MB
  prisma/mysql/deep_fetch: 628 req/s  p99=90ms  cpu=105% (kids 0%, db 60%)  err/to/n2=0/0/0  rss=333MB
  prisma/mysql/aggregation: 2377 req/s  p99=28ms  cpu=100% (kids 0%, db 225%)  err/to/n2=0/0/0  rss=343MB
[server] adapter=prisma engine=mysql pool=10 :3106
  prisma/mysql/write: 869 req/s  p99=104ms  cpu=95% (kids 0%, db 65%)  err/to/n2=0/0/0  rss=320MB

== rep 1: sequelize on mysql ==
[server] adapter=sequelize engine=mysql pool=10 :3107
  sequelize/mysql/point_read: 2723 req/s  p99=20ms  cpu=100% (kids 0%, db 30%)  err/to/n2=0/0/0  rss=217MB
  sequelize/mysql/range_scan: 2070 req/s  p99=28ms  cpu=100% (kids 0%, db 35%)  err/to/n2=0/0/0  rss=225MB
  sequelize/mysql/deep_fetch: 872 req/s  p99=67ms  cpu=100% (kids 0%, db 30%)  err/to/n2=0/0/0  rss=262MB
  sequelize/mysql/aggregation: 3446 req/s  p99=19ms  cpu=100% (kids 0%, db 265%)  err/to/n2=0/0/0  rss=258MB
[server] adapter=sequelize engine=mysql pool=10 :3108
  sequelize/mysql/write: 1295 req/s  p99=135ms  cpu=60% (kids 0%, db 35%)  err/to/n2=0/0/0  rss=210MB

== rep 1: typeorm on postgres ==
[server] adapter=typeorm engine=postgres pool=10 :3109
  typeorm/postgres/point_read: 4281 req/s  p99=15ms  cpu=100% (kids 0%, db 55%)  err/to/n2=0/0/0  rss=259MB
  typeorm/postgres/range_scan: 2464 req/s  p99=26ms  cpu=105% (kids 0%, db 40%)  err/to/n2=0/0/0  rss=264MB
  typeorm/postgres/deep_fetch: 1230 req/s  p99=48ms  cpu=105% (kids 0%, db 120%)  err/to/n2=0/0/0  rss=272MB
  typeorm/postgres/aggregation: 6175 req/s  p99=12ms  cpu=100% (kids 0%, db 380%)  err/to/n2=0/0/0  rss=271MB
[server] adapter=typeorm engine=postgres pool=10 :3110
  typeorm/postgres/write: 2248 req/s  p99=27ms  cpu=100% (kids 0%, db 55%)  err/to/n2=0/0/0  rss=238MB

== rep 1: knex on postgres ==
[server] adapter=knex engine=postgres pool=10 :3111
  knex/postgres/point_read: 4795 req/s  p99=13ms  cpu=100% (kids 0%, db 50%)  err/to/n2=0/0/0  rss=201MB
  knex/postgres/range_scan: 3022 req/s  p99=20ms  cpu=100% (kids 0%, db 45%)  err/to/n2=0/0/0  rss=209MB
  knex/postgres/deep_fetch: 2441 req/s  p99=24ms  cpu=100% (kids 0%, db 240%)  err/to/n2=0/0/0  rss=208MB
  knex/postgres/aggregation: 5326 req/s  p99=13ms  cpu=100% (kids 0%, db 345%)  err/to/n2=0/0/0  rss=208MB
[server] adapter=knex engine=postgres pool=10 :3112
  knex/postgres/write: 4902 req/s  p99=13ms  cpu=100% (kids 0%, db 85%)  err/to/n2=0/0/0  rss=198MB

== rep 1: prisma on postgres ==
[server] adapter=prisma engine=postgres pool=10 :3113
  prisma/postgres/point_read: 3219 req/s  p99=21ms  cpu=105% (kids 0%, db 40%)  err/to/n2=0/0/0  rss=312MB
  prisma/postgres/range_scan: 2436 req/s  p99=27ms  cpu=105% (kids 0%, db 35%)  err/to/n2=0/0/0  rss=313MB
  prisma/postgres/deep_fetch: 1158 req/s  p99=55ms  cpu=105% (kids 0%, db 60%)  err/to/n2=0/0/0  rss=315MB
  prisma/postgres/aggregation: 4374 req/s  p99=14ms  cpu=100% (kids 0%, db 285%)  err/to/n2=0/0/0  rss=316MB
[server] adapter=prisma engine=postgres pool=10 :3114
  prisma/postgres/write: 2692 req/s  p99=24ms  cpu=105% (kids 0%, db 55%)  err/to/n2=0/0/0  rss=302MB

== rep 1: mikroorm on postgres ==
[server] adapter=mikroorm engine=postgres pool=10 :3115
  mikroorm/postgres/point_read: 2441 req/s  p99=25ms  cpu=105% (kids 0%, db 25%)  err/to/n2=0/0/0  rss=283MB
  mikroorm/postgres/range_scan: 892 req/s  p99=66ms  cpu=105% (kids 0%, db 12%)  err/to/n2=0/0/0  rss=318MB
  mikroorm/postgres/deep_fetch: 523 req/s  p99=114ms  cpu=110% (kids 0%, db 50%)  err/to/n2=0/0/0  rss=328MB
  mikroorm/postgres/aggregation: 5548 req/s  p99=14ms  cpu=100% (kids 0%, db 350%)  err/to/n2=0/0/0  rss=320MB
[server] adapter=mikroorm engine=postgres pool=10 :3116
  mikroorm/postgres/write: 1914 req/s  p99=30ms  cpu=105% (kids 0%, db 45%)  err/to/n2=0/0/0  rss=262MB

== rep 1: mysql2 on mysql ==
[server] adapter=mysql2 engine=mysql pool=10 :3117
  mysql2/mysql/point_read: 4309 req/s  p99=16ms  cpu=105% (kids 0%, db 45%)  err/to/n2=0/0/0  rss=266MB
  mysql2/mysql/range_scan: 3024 req/s  p99=24ms  cpu=100% (kids 0%, db 50%)  err/to/n2=0/0/0  rss=291MB
  mysql2/mysql/deep_fetch: 2440 req/s  p99=28ms  cpu=105% (kids 0%, db 85%)  err/to/n2=0/0/0  rss=291MB
  mysql2/mysql/aggregation: 4513 req/s  p99=15ms  cpu=105% (kids 0%, db 340%)  err/to/n2=0/0/0  rss=291MB
[server] adapter=mysql2 engine=mysql pool=10 :3118
  mysql2/mysql/write: 1829 req/s  p99=99ms  cpu=50% (kids 0%, db 50%)  err/to/n2=0/0/0  rss=249MB

== rep 1: pg-tuned on postgres ==
[server] adapter=pg-tuned engine=postgres pool=10 :3119
  pg-tuned/postgres/point_read: 6773 req/s  p99=10ms  cpu=100% (kids 0%, db 30%)  err/to/n2=0/0/0  rss=193MB
  pg-tuned/postgres/range_scan: 3563 req/s  p99=19ms  cpu=100% (kids 0%, db 43%)  err/to/n2=0/0/0  rss=201MB
  pg-tuned/postgres/deep_fetch: 3647 req/s  p99=19ms  cpu=100% (kids 0%, db 220%)  err/to/n2=0/0/0  rss=201MB
  pg-tuned/postgres/aggregation: 7693 req/s  p99=9ms  cpu=100% (kids 0%, db 255%)  err/to/n2=0/0/0  rss=201MB
[server] adapter=pg-tuned engine=postgres pool=10 :3120
  pg-tuned/postgres/write: 6578 req/s  p99=10ms  cpu=100% (kids 0%, db 80%)  err/to/n2=0/0/0  rss=195MB

== rep 1: typeorm on mysql ==
[server] adapter=typeorm engine=mysql pool=10 :3121
  typeorm/mysql/point_read: 2973 req/s  p99=20ms  cpu=100% (kids 0%, db 35%)  err/to/n2=0/0/0  rss=216MB
  typeorm/mysql/range_scan: 2135 req/s  p99=25ms  cpu=100% (kids 0%, db 35%)  err/to/n2=0/0/0  rss=221MB
  typeorm/mysql/deep_fetch: 1023 req/s  p99=56ms  cpu=100% (kids 0%, db 70%)  err/to/n2=0/0/0  rss=222MB
  typeorm/mysql/aggregation: 3901 req/s  p99=17ms  cpu=100% (kids 0%, db 295%)  err/to/n2=0/0/0  rss=223MB
[server] adapter=typeorm engine=mysql pool=10 :3122
  typeorm/mysql/write: 1387 req/s  p99=89ms  cpu=90% (kids 0%, db 55%)  err/to/n2=0/0/0  rss=213MB

== rep 1: objection on postgres ==
[server] adapter=objection engine=postgres pool=10 :3123
  objection/postgres/point_read: 4045 req/s  p99=15ms  cpu=100% (kids 0%, db 40%)  err/to/n2=0/0/0  rss=204MB
  objection/postgres/range_scan: 2703 req/s  p99=22ms  cpu=100% (kids 0%, db 40%)  err/to/n2=0/0/0  rss=211MB
  objection/postgres/deep_fetch: 1012 req/s  p99=57ms  cpu=100% (kids 0%, db 50%)  err/to/n2=0/0/0  rss=213MB
  objection/postgres/aggregation: 3835 req/s  p99=15ms  cpu=100% (kids 0%, db 250%)  err/to/n2=0/0/0  rss=213MB
[server] adapter=objection engine=postgres pool=10 :3124
  objection/postgres/write: 3456 req/s  p99=17ms  cpu=100% (kids 0%, db 60%)  err/to/n2=0/0/0  rss=223MB

== rep 1: objection on mysql ==
[server] adapter=objection engine=mysql pool=10 :3125
  objection/mysql/point_read: 3169 req/s  p99=19ms  cpu=100% (kids 0%, db 30%)  err/to/n2=0/0/0  rss=213MB
  objection/mysql/range_scan: 2529 req/s  p99=23ms  cpu=100% (kids 0%, db 40%)  err/to/n2=0/0/0  rss=219MB
  objection/mysql/deep_fetch: 852 req/s  p99=69ms  cpu=100% (kids 0%, db 45%)  err/to/n2=0/0/0  rss=220MB
  objection/mysql/aggregation: 3061 req/s  p99=19ms  cpu=100% (kids 0%, db 233%)  err/to/n2=0/0/0  rss=220MB
[server] adapter=objection engine=mysql pool=10 :3126
  objection/mysql/write: 1776 req/s  p99=111ms  cpu=60% (kids 0%, db 50%)  err/to/n2=0/0/0  rss=216MB

== rep 1: drizzle on mysql ==
[server] adapter=drizzle engine=mysql pool=10 :3127
  drizzle/mysql/point_read: 2900 req/s  p99=22ms  cpu=105% (kids 0%, db 32%)  err/to/n2=0/0/0  rss=288MB
  drizzle/mysql/range_scan: 2191 req/s  p99=29ms  cpu=105% (kids 0%, db 40%)  err/to/n2=0/0/0  rss=299MB
  drizzle/mysql/deep_fetch: 1304 req/s  p99=46ms  cpu=105% (kids 0%, db 50%)  err/to/n2=0/0/0  rss=298MB
  drizzle/mysql/aggregation: 3945 req/s  p99=18ms  cpu=102% (kids 0%, db 305%)  err/to/n2=0/0/0  rss=304MB
[server] adapter=drizzle engine=mysql pool=10 :3128
  drizzle/mysql/write: 1796 req/s  p99=106ms  cpu=60% (kids 0%, db 52%)  err/to/n2=0/0/0  rss=277MB

== rep 1: pg on postgres ==
[server] adapter=pg engine=postgres pool=10 :3129
  pg/postgres/point_read: 7001 req/s  p99=9ms  cpu=100% (kids 0%, db 70%)  err/to/n2=0/0/0  rss=196MB
  pg/postgres/range_scan: 3794 req/s  p99=18ms  cpu=105% (kids 0%, db 52%)  err/to/n2=0/0/0  rss=203MB
  pg/postgres/deep_fetch: 3687 req/s  p99=16ms  cpu=100% (kids 0%, db 350%)  err/to/n2=0/0/0  rss=202MB
  pg/postgres/aggregation: 6983 req/s  p99=9ms  cpu=100% (kids 0%, db 450%)  err/to/n2=0/0/0  rss=202MB
[server] adapter=pg engine=postgres pool=10 :3130
  pg/postgres/write: 5682 req/s  p99=17ms  cpu=100% (kids 0%, db 95%)  err/to/n2=0/0/0  rss=194MB

== rep 1: mikroorm on mysql ==
[server] adapter=mikroorm engine=mysql pool=10 :3131
  mikroorm/mysql/point_read: 1881 req/s  p99=30ms  cpu=100% (kids 0%, db 20%)  err/to/n2=0/0/0  rss=281MB
  mikroorm/mysql/range_scan: 856 req/s  p99=67ms  cpu=105% (kids 0%, db 15%)  err/to/n2=0/0/0  rss=349MB
  mikroorm/mysql/deep_fetch: 449 req/s  p99=129ms  cpu=110% (kids 0%, db 20%)  err/to/n2=0/0/0  rss=360MB
  mikroorm/mysql/aggregation: 4069 req/s  p99=15ms  cpu=100% (kids 0%, db 306%)  err/to/n2=0/0/0  rss=356MB
[server] adapter=mikroorm engine=mysql pool=10 :3132
  mikroorm/mysql/write: 976 req/s  p99=167ms  cpu=75% (kids 0%, db 40%)  err/to/n2=0/0/0  rss=248MB

== rep 1: drizzle on postgres ==
[server] adapter=drizzle engine=postgres pool=10 :3133
  drizzle/postgres/point_read: 4183 req/s  p99=14ms  cpu=100% (kids 0%, db 45%)  err/to/n2=0/0/0  rss=244MB
  drizzle/postgres/range_scan: 2755 req/s  p99=23ms  cpu=100% (kids 0%, db 45%)  err/to/n2=0/0/0  rss=245MB
  drizzle/postgres/deep_fetch: 1863 req/s  p99=33ms  cpu=100% (kids 0%, db 185%)  err/to/n2=0/0/0  rss=245MB
  drizzle/postgres/aggregation: 6428 req/s  p99=10ms  cpu=100% (kids 0%, db 400%)  err/to/n2=0/0/0  rss=240MB
[server] adapter=drizzle engine=postgres pool=10 :3134
  drizzle/postgres/write: 4010 req/s  p99=18ms  cpu=100% (kids 0%, db 70%)  err/to/n2=0/0/0  rss=241MB

== rep 1: knex on mysql ==
[server] adapter=knex engine=mysql pool=10 :3135
  knex/mysql/point_read: 3673 req/s  p99=16ms  cpu=100% (kids 0%, db 40%)  err/to/n2=0/0/0  rss=205MB
  knex/mysql/range_scan: 2942 req/s  p99=21ms  cpu=100% (kids 0%, db 45%)  err/to/n2=0/0/0  rss=219MB
  knex/mysql/deep_fetch: 2000 req/s  p99=30ms  cpu=100% (kids 0%, db 75%)  err/to/n2=0/0/0  rss=221MB
  knex/mysql/aggregation: 3983 req/s  p99=15ms  cpu=100% (kids 0%, db 300%)  err/to/n2=0/0/0  rss=223MB
[server] adapter=knex engine=mysql pool=10 :3136
  knex/mysql/write: 1441 req/s  p99=92ms  cpu=40% (kids 0%, db 40%)  err/to/n2=0/0/0  rss=200MB
[checkpoint] replicate 1/25 saved (90 cells)

===== replicate 2/25 (order=shuffle: sequelize,prisma,typeorm,mysql2-tuned,objection,typeorm,mysql2,prisma,mikroorm,sequelize,drizzle,pg,knex,pg-tuned,drizzle,objection,mikroorm,knex) =====

== rep 2: sequelize on mysql ==
[server] adapter=sequelize engine=mysql pool=10 :3137
  sequelize/mysql/point_read: 2446 req/s  p99=23ms  cpu=100% (kids 0%, db 25%)  err/to/n2=0/0/0  rss=217MB
  sequelize/mysql/range_scan: 2058 req/s  p99=30ms  cpu=100% (kids 0%, db 35%)  err/to/n2=0/0/0  rss=222MB
  sequelize/mysql/deep_fetch: 870 req/s  p99=67ms  cpu=100% (kids 0%, db 30%)  err/to/n2=0/0/0  rss=257MB
  sequelize/mysql/aggregation: 3274 req/s  p99=20ms  cpu=100% (kids 0%, db 255%)  err/to/n2=0/0/0  rss=257MB
[server] adapter=sequelize engine=mysql pool=10 :3138
  sequelize/mysql/write: 1008 req/s  p99=303ms  cpu=50% (kids 0%, db 25%)  err/to/n2=0/0/0  rss=211MB

== rep 2: prisma on mysql ==
[server] adapter=prisma engine=mysql pool=10 :3139
  prisma/mysql/point_read: 2000 req/s  p99=29ms  cpu=105% (kids 0%, db 45%)  err/to/n2=0/0/0  rss=311MB
  prisma/mysql/range_scan: 1523 req/s  p99=39ms  cpu=105% (kids 0%, db 45%)  err/to/n2=0/0/0  rss=329MB
  prisma/mysql/deep_fetch: 624 req/s  p99=93ms  cpu=105% (kids 0%, db 65%)  err/to/n2=0/0/0  rss=334MB
  prisma/mysql/aggregation: 2390 req/s  p99=25ms  cpu=100% (kids 0%, db 230%)  err/to/n2=0/0/0  rss=342MB
[server] adapter=prisma engine=mysql pool=10 :3140
  prisma/mysql/write: 926 req/s  p99=115ms  cpu=100% (kids 0%, db 70%)  err/to/n2=0/0/0  rss=314MB

== rep 2: typeorm on postgres ==
[server] adapter=typeorm engine=postgres pool=10 :3141
  typeorm/postgres/point_read: 4251 req/s  p99=15ms  cpu=100% (kids 0%, db 55%)  err/to/n2=0/0/0  rss=259MB
  typeorm/postgres/range_scan: 2487 req/s  p99=26ms  cpu=105% (kids 0%, db 40%)  err/to/n2=0/0/0  rss=266MB
  typeorm/postgres/deep_fetch: 1207 req/s  p99=48ms  cpu=105% (kids 0%, db 120%)  err/to/n2=0/0/0  rss=272MB
  typeorm/postgres/aggregation: 6116 req/s  p99=11ms  cpu=100% (kids 0%, db 375%)  err/to/n2=0/0/0  rss=272MB
[server] adapter=typeorm engine=postgres pool=10 :3142
  typeorm/postgres/write: 2113 req/s  p99=28ms  cpu=100% (kids 0%, db 50%)  err/to/n2=0/0/0  rss=236MB

== rep 2: mysql2-tuned on mysql ==
[server] adapter=mysql2-tuned engine=mysql pool=10 :3143
  mysql2-tuned/mysql/point_read: 4321 req/s  p99=14ms  cpu=100% (kids 0%, db 35%)  err/to/n2=0/0/0  rss=203MB
  mysql2-tuned/mysql/range_scan: 3233 req/s  p99=19ms  cpu=100% (kids 0%, db 45%)  err/to/n2=0/0/0  rss=208MB
  mysql2-tuned/mysql/deep_fetch: 2307 req/s  p99=26ms  cpu=100% (kids 0%, db 70%)  err/to/n2=0/0/0  rss=208MB
  mysql2-tuned/mysql/aggregation: 4423 req/s  p99=14ms  cpu=100% (kids 0%, db 305%)  err/to/n2=0/0/0  rss=207MB
[server] adapter=mysql2-tuned engine=mysql pool=10 :3144
  mysql2-tuned/mysql/write: 1763 req/s  p99=91ms  cpu=50% (kids 0%, db 45%)  err/to/n2=0/0/0  rss=147MB

== rep 2: objection on mysql ==
[server] adapter=objection engine=mysql pool=10 :3145
  objection/mysql/point_read: 3166 req/s  p99=18ms  cpu=100% (kids 0%, db 30%)  err/to/n2=0/0/0  rss=211MB
  objection/mysql/range_scan: 2433 req/s  p99=24ms  cpu=100% (kids 0%, db 40%)  err/to/n2=0/0/0  rss=217MB
  objection/mysql/deep_fetch: 850 req/s  p99=65ms  cpu=100% (kids 0%, db 45%)  err/to/n2=0/0/0  rss=220MB
  objection/mysql/aggregation: 2806 req/s  p99=24ms  cpu=100% (kids 0%, db 215%)  err/to/n2=0/0/0  rss=220MB
[server] adapter=objection engine=mysql pool=10 :3146
  objection/mysql/write: 1775 req/s  p99=117ms  cpu=60% (kids 0%, db 50%)  err/to/n2=0/0/0  rss=212MB

== rep 2: typeorm on mysql ==
[server] adapter=typeorm engine=mysql pool=10 :3147
  typeorm/mysql/point_read: 2980 req/s  p99=19ms  cpu=100% (kids 0%, db 35%)  err/to/n2=0/0/0  rss=215MB
  typeorm/mysql/range_scan: 2321 req/s  p99=23ms  cpu=100% (kids 0%, db 40%)  err/to/n2=0/0/0  rss=219MB
  typeorm/mysql/deep_fetch: 1036 req/s  p99=53ms  cpu=100% (kids 0%, db 70%)  err/to/n2=0/0/0  rss=224MB
  typeorm/mysql/aggregation: 3799 req/s  p99=17ms  cpu=100% (kids 0%, db 290%)  err/to/n2=0/0/0  rss=223MB
[server] adapter=typeorm engine=mysql pool=10 :3148
  typeorm/mysql/write: 1330 req/s  p99=118ms  cpu=95% (kids 0%, db 50%)  err/to/n2=0/0/0  rss=216MB

== rep 2: mysql2 on mysql ==
[server] adapter=mysql2 engine=mysql pool=10 :3149
  mysql2/mysql/point_read: 4368 req/s  p99=16ms  cpu=105% (kids 0%, db 45%)  err/to/n2=0/0/0  rss=267MB
  mysql2/mysql/range_scan: 3296 req/s  p99=21ms  cpu=105% (kids 0%, db 55%)  err/to/n2=0/0/0  rss=292MB
  mysql2/mysql/deep_fetch: 2440 req/s  p99=26ms  cpu=105% (kids 0%, db 90%)  err/to/n2=0/0/0  rss=293MB
  mysql2/mysql/aggregation: 4413 req/s  p99=16ms  cpu=100% (kids 0%, db 340%)  err/to/n2=0/0/0  rss=293MB
[server] adapter=mysql2 engine=mysql pool=10 :3150
  mysql2/mysql/write: 1813 req/s  p99=94ms  cpu=45% (kids 0%, db 50%)  err/to/n2=0/0/0  rss=251MB

== rep 2: prisma on postgres ==
[server] adapter=prisma engine=postgres pool=10 :3151
  prisma/postgres/point_read: 3244 req/s  p99=21ms  cpu=105% (kids 0%, db 40%)  err/to/n2=0/0/0  rss=300MB
  prisma/postgres/range_scan: 2424 req/s  p99=26ms  cpu=105% (kids 0%, db 40%)  err/to/n2=0/0/0  rss=298MB
  prisma/postgres/deep_fetch: 1164 req/s  p99=52ms  cpu=105% (kids 0%, db 60%)  err/to/n2=0/0/0  rss=303MB
  prisma/postgres/aggregation: 4259 req/s  p99=17ms  cpu=100% (kids 0%, db 290%)  err/to/n2=0/0/0  rss=304MB
[server] adapter=prisma engine=postgres pool=10 :3152
  prisma/postgres/write: 2756 req/s  p99=23ms  cpu=105% (kids 0%, db 55%)  err/to/n2=0/0/0  rss=303MB

== rep 2: mikroorm on postgres ==
[server] adapter=mikroorm engine=postgres pool=10 :3153
  mikroorm/postgres/point_read: 2434 req/s  p99=25ms  cpu=105% (kids 0%, db 25%)  err/to/n2=0/0/0  rss=260MB
  mikroorm/postgres/range_scan: 915 req/s  p99=62ms  cpu=105% (kids 0%, db 10%)  err/to/n2=0/0/0  rss=309MB
  mikroorm/postgres/deep_fetch: 511 req/s  p99=113ms  cpu=109% (kids 0%, db 47%)  err/to/n2=0/0/0  rss=317MB
  mikroorm/postgres/aggregation: 5480 req/s  p99=14ms  cpu=100% (kids 0%, db 350%)  err/to/n2=0/0/0  rss=318MB
[server] adapter=mikroorm engine=postgres pool=10 :3154
  mikroorm/postgres/write: 1942 req/s  p99=31ms  cpu=100% (kids 0%, db 45%)  err/to/n2=0/0/0  rss=231MB

== rep 2: sequelize on postgres ==
[server] adapter=sequelize engine=postgres pool=10 :3155
  sequelize/postgres/point_read: 3429 req/s  p99=17ms  cpu=100% (kids 0%, db 30%)  err/to/n2=0/0/0  rss=206MB
  sequelize/postgres/range_scan: 2440 req/s  p99=25ms  cpu=100% (kids 0%, db 35%)  err/to/n2=0/0/0  rss=213MB
  sequelize/postgres/deep_fetch: 982 req/s  p99=59ms  cpu=100% (kids 0%, db 50%)  err/to/n2=0/0/0  rss=255MB
  sequelize/postgres/aggregation: 4637 req/s  p99=16ms  cpu=100% (kids 0%, db 310%)  err/to/n2=0/0/0  rss=257MB
[server] adapter=sequelize engine=postgres pool=10 :3156
  sequelize/postgres/write: 2678 req/s  p99=22ms  cpu=100% (kids 0%, db 55%)  err/to/n2=0/0/0  rss=209MB

== rep 2: drizzle on mysql ==
[server] adapter=drizzle engine=mysql pool=10 :3157
  drizzle/mysql/point_read: 2768 req/s  p99=24ms  cpu=105% (kids 0%, db 32%)  err/to/n2=0/0/0  rss=285MB
  drizzle/mysql/range_scan: 2160 req/s  p99=29ms  cpu=105% (kids 0%, db 35%)  err/to/n2=0/0/0  rss=296MB
  drizzle/mysql/deep_fetch: 1285 req/s  p99=49ms  cpu=105% (kids 0%, db 45%)  err/to/n2=0/0/0  rss=296MB
  drizzle/mysql/aggregation: 4035 req/s  p99=18ms  cpu=105% (kids 0%, db 306%)  err/to/n2=0/0/0  rss=299MB
[server] adapter=drizzle engine=mysql pool=10 :3158
  drizzle/mysql/write: 1809 req/s  p99=113ms  cpu=60% (kids 0%, db 50%)  err/to/n2=0/0/0  rss=277MB

== rep 2: pg on postgres ==
[server] adapter=pg engine=postgres pool=10 :3159
  pg/postgres/point_read: 6587 req/s  p99=10ms  cpu=100% (kids 0%, db 65%)  err/to/n2=0/0/0  rss=197MB
  pg/postgres/range_scan: 3905 req/s  p99=17ms  cpu=105% (kids 0%, db 50%)  err/to/n2=0/0/0  rss=204MB
  pg/postgres/deep_fetch: 3496 req/s  p99=19ms  cpu=100% (kids 0%, db 339%)  err/to/n2=0/0/0  rss=205MB
  pg/postgres/aggregation: 6954 req/s  p99=10ms  cpu=100% (kids 0%, db 448%)  err/to/n2=0/0/0  rss=205MB
[server] adapter=pg engine=postgres pool=10 :3160
  pg/postgres/write: 6114 req/s  p99=12ms  cpu=100% (kids 0%, db 101%)  err/to/n2=0/0/0  rss=194MB

== rep 2: knex on postgres ==
[server] adapter=knex engine=postgres pool=10 :3161
  knex/postgres/point_read: 5004 req/s  p99=12ms  cpu=100% (kids 0%, db 55%)  err/to/n2=0/0/0  rss=200MB
  knex/postgres/range_scan: 3152 req/s  p99=19ms  cpu=100% (kids 0%, db 45%)  err/to/n2=0/0/0  rss=208MB
  knex/postgres/deep_fetch: 2352 req/s  p99=25ms  cpu=100% (kids 0%, db 230%)  err/to/n2=0/0/0  rss=206MB
  knex/postgres/aggregation: 5543 req/s  p99=11ms  cpu=100% (kids 0%, db 337%)  err/to/n2=0/0/0  rss=207MB
[server] adapter=knex engine=postgres pool=10 :3162
  knex/postgres/write: 4697 req/s  p99=13ms  cpu=100% (kids 0%, db 80%)  err/to/n2=0/0/0  rss=198MB

== rep 2: pg-tuned on postgres ==
[server] adapter=pg-tuned engine=postgres pool=10 :3163
  pg-tuned/postgres/point_read: 6756 req/s  p99=10ms  cpu=100% (kids 0%, db 30%)  err/to/n2=0/0/0  rss=196MB
  pg-tuned/postgres/range_scan: 3793 req/s  p99=18ms  cpu=100% (kids 0%, db 45%)  err/to/n2=0/0/0  rss=205MB
  pg-tuned/postgres/deep_fetch: 3390 req/s  p99=18ms  cpu=100% (kids 0%, db 195%)  err/to/n2=0/0/0  rss=204MB
  pg-tuned/postgres/aggregation: 7669 req/s  p99=8ms  cpu=100% (kids 0%, db 255%)  err/to/n2=0/0/0  rss=204MB
[server] adapter=pg-tuned engine=postgres pool=10 :3164
  pg-tuned/postgres/write: 6134 req/s  p99=14ms  cpu=100% (kids 0%, db 75%)  err/to/n2=0/0/0  rss=196MB

== rep 2: drizzle on postgres ==
[server] adapter=drizzle engine=postgres pool=10 :3165
  drizzle/postgres/point_read: 3907 req/s  p99=15ms  cpu=99% (kids 0%, db 45%)  err/to/n2=0/0/0  rss=236MB
  drizzle/postgres/range_scan: 2765 req/s  p99=21ms  cpu=100% (kids 0%, db 40%)  err/to/n2=0/0/0  rss=238MB
  drizzle/postgres/deep_fetch: 1830 req/s  p99=35ms  cpu=100% (kids 0%, db 184%)  err/to/n2=0/0/0  rss=238MB
  drizzle/postgres/aggregation: 6286 req/s  p99=12ms  cpu=100% (kids 0%, db 395%)  err/to/n2=0/0/0  rss=235MB
[server] adapter=drizzle engine=postgres pool=10 :3166
  drizzle/postgres/write: 4017 req/s  p99=16ms  cpu=100% (kids 0%, db 70%)  err/to/n2=0/0/0  rss=243MB

== rep 2: objection on postgres ==
[server] adapter=objection engine=postgres pool=10 :3167
  objection/postgres/point_read: 4004 req/s  p99=14ms  cpu=100% (kids 0%, db 40%)  err/to/n2=0/0/0  rss=205MB
  objection/postgres/range_scan: 2725 req/s  p99=20ms  cpu=100% (kids 0%, db 40%)  err/to/n2=0/0/0  rss=211MB
  objection/postgres/deep_fetch: 1021 req/s  p99=59ms  cpu=100% (kids 0%, db 50%)  err/to/n2=0/0/0  rss=214MB
  objection/postgres/aggregation: 3822 req/s  p99=18ms  cpu=100% (kids 0%, db 250%)  err/to/n2=0/0/0  rss=214MB
[server] adapter=objection engine=postgres pool=10 :3168
  objection/postgres/write: 3684 req/s  p99=21ms  cpu=100% (kids 0%, db 65%)  err/to/n2=0/0/0  rss=214MB

== rep 2: mikroorm on mysql ==
[server] adapter=mikroorm engine=mysql pool=10 :3169
  mikroorm/mysql/point_read: 2005 req/s  p99=29ms  cpu=100% (kids 0%, db 20%)  err/to/n2=0/0/0  rss=275MB
  mikroorm/mysql/range_scan: 722 req/s  p99=74ms  cpu=102% (kids 0%, db 15%)  err/to/n2=0/0/0  rss=344MB
  mikroorm/mysql/deep_fetch: 448 req/s  p99=125ms  cpu=110% (kids 0%, db 20%)  err/to/n2=0/0/0  rss=349MB
  mikroorm/mysql/aggregation: 4097 req/s  p99=15ms  cpu=100% (kids 0%, db 310%)  err/to/n2=0/0/0  rss=349MB
[server] adapter=mikroorm engine=mysql pool=10 :3170
  mikroorm/mysql/write: 1179 req/s  p99=100ms  cpu=90% (kids 0%, db 45%)  err/to/n2=0/0/0  rss=232MB

== rep 2: knex on mysql ==
[server] adapter=knex engine=mysql pool=10 :3171
  knex/mysql/point_read: 3745 req/s  p99=16ms  cpu=100% (kids 0%, db 40%)  err/to/n2=0/0/0  rss=208MB
  knex/mysql/range_scan: 2904 req/s  p99=20ms  cpu=100% (kids 0%, db 50%)  err/to/n2=0/0/0  rss=223MB
  knex/mysql/deep_fetch: 1992 req/s  p99=29ms  cpu=100% (kids 0%, db 75%)  err/to/n2=0/0/0  rss=223MB
  knex/mysql/aggregation: 4003 req/s  p99=18ms  cpu=100% (kids 0%, db 305%)  err/to/n2=0/0/0  rss=226MB
[server] adapter=knex engine=mysql pool=10 :3172
  knex/mysql/write: 1446 req/s  p99=145ms  cpu=45% (kids 0%, db 45%)  err/to/n2=0/0/0  rss=201MB
[checkpoint] replicate 2/25 saved (90 cells)

===== replicate 3/25 (order=shuffle: prisma,mikroorm,mysql2,mysql2-tuned,typeorm,sequelize,pg,drizzle,knex,mikroorm,drizzle,prisma,pg-tuned,sequelize,typeorm,objection,knex,objection) =====

== rep 3: prisma on postgres ==
[server] adapter=prisma engine=postgres pool=10 :3173
  prisma/postgres/point_read: 3278 req/s  p99=20ms  cpu=105% (kids 0%, db 40%)  err/to/n2=0/0/0  rss=298MB
  prisma/postgres/range_scan: 2456 req/s  p99=25ms  cpu=105% (kids 0%, db 40%)  err/to/n2=0/0/0  rss=296MB
  prisma/postgres/deep_fetch: 1179 req/s  p99=50ms  cpu=109% (kids 0%, db 60%)  err/to/n2=0/0/0  rss=301MB
  prisma/postgres/aggregation: 4332 req/s  p99=14ms  cpu=100% (kids 0%, db 280%)  err/to/n2=0/0/0  rss=304MB
[server] adapter=prisma engine=postgres pool=10 :3174
  prisma/postgres/write: 2696 req/s  p99=25ms  cpu=105% (kids 0%, db 55%)  err/to/n2=0/0/0  rss=305MB

== rep 3: mikroorm on postgres ==
[server] adapter=mikroorm engine=postgres pool=10 :3175
  mikroorm/postgres/point_read: 2402 req/s  p99=25ms  cpu=100% (kids 0%, db 25%)  err/to/n2=0/0/0  rss=271MB
  mikroorm/postgres/range_scan: 884 req/s  p99=66ms  cpu=105% (kids 0%, db 12%)  err/to/n2=0/0/0  rss=316MB
  mikroorm/postgres/deep_fetch: 518 req/s  p99=110ms  cpu=110% (kids 0%, db 50%)  err/to/n2=0/0/0  rss=327MB
  mikroorm/postgres/aggregation: 5724 req/s  p99=13ms  cpu=100% (kids 0%, db 357%)  err/to/n2=0/0/0  rss=323MB
[server] adapter=mikroorm engine=postgres pool=10 :3176
  mikroorm/postgres/write: 1936 req/s  p99=30ms  cpu=104% (kids 0%, db 45%)  err/to/n2=0/0/0  rss=249MB

== rep 3: mysql2 on mysql ==
[server] adapter=mysql2 engine=mysql pool=10 :3177
  mysql2/mysql/point_read: 4268 req/s  p99=16ms  cpu=105% (kids 0%, db 45%)  err/to/n2=0/0/0  rss=269MB
  mysql2/mysql/range_scan: 3275 req/s  p99=23ms  cpu=105% (kids 0%, db 55%)  err/to/n2=0/0/0  rss=293MB
  mysql2/mysql/deep_fetch: 2393 req/s  p99=29ms  cpu=105% (kids 0%, db 90%)  err/to/n2=0/0/0  rss=293MB
  mysql2/mysql/aggregation: 4429 req/s  p99=16ms  cpu=100% (kids 0%, db 338%)  err/to/n2=0/0/0  rss=293MB
[server] adapter=mysql2 engine=mysql pool=10 :3178
  mysql2/mysql/write: 1813 req/s  p99=109ms  cpu=45% (kids 0%, db 50%)  err/to/n2=0/0/0  rss=251MB

== rep 3: mysql2-tuned on mysql ==
[server] adapter=mysql2-tuned engine=mysql pool=10 :3179
  mysql2-tuned/mysql/point_read: 4180 req/s  p99=15ms  cpu=100% (kids 0%, db 35%)  err/to/n2=0/0/0  rss=203MB
  mysql2-tuned/mysql/range_scan: 3213 req/s  p99=18ms  cpu=100% (kids 0%, db 45%)  err/to/n2=0/0/0  rss=208MB
  mysql2-tuned/mysql/deep_fetch: 2201 req/s  p99=25ms  cpu=100% (kids 0%, db 60%)  err/to/n2=0/0/0  rss=207MB
  mysql2-tuned/mysql/aggregation: 4383 req/s  p99=14ms  cpu=100% (kids 0%, db 305%)  err/to/n2=0/0/0  rss=207MB
[server] adapter=mysql2-tuned engine=mysql pool=10 :3180
  mysql2-tuned/mysql/write: 1836 req/s  p99=99ms  cpu=50% (kids 0%, db 50%)  err/to/n2=0/0/0  rss=146MB

== rep 3: typeorm on mysql ==
[server] adapter=typeorm engine=mysql pool=10 :3181
  typeorm/mysql/point_read: 3046 req/s  p99=18ms  cpu=100% (kids 0%, db 35%)  err/to/n2=0/0/0  rss=215MB
  typeorm/mysql/range_scan: 2284 req/s  p99=24ms  cpu=100% (kids 0%, db 40%)  err/to/n2=0/0/0  rss=221MB
  typeorm/mysql/deep_fetch: 1029 req/s  p99=58ms  cpu=100% (kids 0%, db 75%)  err/to/n2=0/0/0  rss=224MB
  typeorm/mysql/aggregation: 3872 req/s  p99=16ms  cpu=100% (kids 0%, db 290%)  err/to/n2=0/0/0  rss=223MB
[server] adapter=typeorm engine=mysql pool=10 :3182
  typeorm/mysql/write: 1364 req/s  p99=108ms  cpu=95% (kids 0%, db 55%)  err/to/n2=0/0/0  rss=209MB

== rep 3: sequelize on postgres ==
[server] adapter=sequelize engine=postgres pool=10 :3183
  sequelize/postgres/point_read: 3337 req/s  p99=18ms  cpu=100% (kids 0%, db 35%)  err/to/n2=0/0/0  rss=206MB
  sequelize/postgres/range_scan: 2382 req/s  p99=25ms  cpu=100% (kids 0%, db 35%)  err/to/n2=0/0/0  rss=212MB
  sequelize/postgres/deep_fetch: 993 req/s  p99=58ms  cpu=100% (kids 0%, db 50%)  err/to/n2=0/0/0  rss=249MB
  sequelize/postgres/aggregation: 4605 req/s  p99=16ms  cpu=100% (kids 0%, db 305%)  err/to/n2=0/0/0  rss=248MB
[server] adapter=sequelize engine=postgres pool=10 :3184
  sequelize/postgres/write: 2640 req/s  p99=22ms  cpu=100% (kids 0%, db 50%)  err/to/n2=0/0/0  rss=207MB

== rep 3: pg on postgres ==
[server] adapter=pg engine=postgres pool=10 :3185
  pg/postgres/point_read: 6387 req/s  p99=11ms  cpu=100% (kids 0%, db 65%)  err/to/n2=0/0/0  rss=197MB
  pg/postgres/range_scan: 3834 req/s  p99=18ms  cpu=107% (kids 0%, db 55%)  err/to/n2=0/0/0  rss=204MB
  pg/postgres/deep_fetch: 3635 req/s  p99=17ms  cpu=100% (kids 0%, db 345%)  err/to/n2=0/0/0  rss=204MB
  pg/postgres/aggregation: 6868 req/s  p99=11ms  cpu=100% (kids 0%, db 450%)  err/to/n2=0/0/0  rss=204MB
[server] adapter=pg engine=postgres pool=10 :3186
  pg/postgres/write: 6401 req/s  p99=10ms  cpu=100% (kids 0%, db 110%)  err/to/n2=0/0/0  rss=201MB

== rep 3: drizzle on mysql ==
[server] adapter=drizzle engine=mysql pool=10 :3187
  drizzle/mysql/point_read: 2895 req/s  p99=22ms  cpu=105% (kids 0%, db 30%)  err/to/n2=0/0/0  rss=289MB
  drizzle/mysql/range_scan: 2115 req/s  p99=31ms  cpu=105% (kids 0%, db 35%)  err/to/n2=0/0/0  rss=300MB
  drizzle/mysql/deep_fetch: 1300 req/s  p99=48ms  cpu=105% (kids 0%, db 45%)  err/to/n2=0/0/0  rss=300MB
  drizzle/mysql/aggregation: 3961 req/s  p99=18ms  cpu=105% (kids 0%, db 305%)  err/to/n2=0/0/0  rss=305MB
[server] adapter=drizzle engine=mysql pool=10 :3188
  drizzle/mysql/write: 1764 req/s  p99=115ms  cpu=60% (kids 0%, db 50%)  err/to/n2=0/0/0  rss=277MB

== rep 3: knex on postgres ==
[server] adapter=knex engine=postgres pool=10 :3189
  knex/postgres/point_read: 4974 req/s  p99=12ms  cpu=100% (kids 0%, db 55%)  err/to/n2=0/0/0  rss=202MB
  knex/postgres/range_scan: 3131 req/s  p99=20ms  cpu=100% (kids 0%, db 45%)  err/to/n2=0/0/0  rss=209MB
  knex/postgres/deep_fetch: 2357 req/s  p99=27ms  cpu=100% (kids 0%, db 230%)  err/to/n2=0/0/0  rss=209MB
  knex/postgres/aggregation: 5571 req/s  p99=13ms  cpu=100% (kids 0%, db 345%)  err/to/n2=0/0/0  rss=209MB
[server] adapter=knex engine=postgres pool=10 :3190
  knex/postgres/write: 4810 req/s  p99=13ms  cpu=100% (kids 0%, db 85%)  err/to/n2=0/0/0  rss=199MB

== rep 3: mikroorm on mysql ==
[server] adapter=mikroorm engine=mysql pool=10 :3191
  mikroorm/mysql/point_read: 2045 req/s  p99=27ms  cpu=100% (kids 0%, db 25%)  err/to/n2=0/0/0  rss=283MB
  mikroorm/mysql/range_scan: 805 req/s  p99=73ms  cpu=105% (kids 0%, db 15%)  err/to/n2=0/0/0  rss=349MB
  mikroorm/mysql/deep_fetch: 481 req/s  p99=124ms  cpu=110% (kids 0%, db 25%)  err/to/n2=0/0/0  rss=356MB
  mikroorm/mysql/aggregation: 4064 req/s  p99=15ms  cpu=100% (kids 0%, db 305%)  err/to/n2=0/0/0  rss=356MB
[server] adapter=mikroorm engine=mysql pool=10 :3192
  mikroorm/mysql/write: 982 req/s  p99=144ms  cpu=75% (kids 0%, db 40%)  err/to/n2=0/0/0  rss=225MB

== rep 3: drizzle on postgres ==
[server] adapter=drizzle engine=postgres pool=10 :3193
  drizzle/postgres/point_read: 4220 req/s  p99=13ms  cpu=100% (kids 0%, db 45%)  err/to/n2=0/0/0  rss=237MB
  drizzle/postgres/range_scan: 2767 req/s  p99=21ms  cpu=100% (kids 0%, db 40%)  err/to/n2=0/0/0  rss=240MB
  drizzle/postgres/deep_fetch: 1851 req/s  p99=30ms  cpu=100% (kids 0%, db 185%)  err/to/n2=0/0/0  rss=241MB
  drizzle/postgres/aggregation: 6493 req/s  p99=10ms  cpu=100% (kids 0%, db 395%)  err/to/n2=0/0/0  rss=237MB
[server] adapter=drizzle engine=postgres pool=10 :3194
  drizzle/postgres/write: 3644 req/s  p99=34ms  cpu=95% (kids 0%, db 70%)  err/to/n2=0/0/0  rss=242MB

== rep 3: prisma on mysql ==
[server] adapter=prisma engine=mysql pool=10 :3195
  prisma/mysql/point_read: 2012 req/s  p99=29ms  cpu=105% (kids 0%, db 45%)  err/to/n2=0/0/0  rss=312MB
  prisma/mysql/range_scan: 1486 req/s  p99=41ms  cpu=105% (kids 0%, db 40%)  err/to/n2=0/0/0  rss=328MB
  prisma/mysql/deep_fetch: 635 req/s  p99=87ms  cpu=105% (kids 0%, db 65%)  err/to/n2=0/0/0  rss=334MB
  prisma/mysql/aggregation: 2353 req/s  p99=27ms  cpu=100% (kids 0%, db 220%)  err/to/n2=0/0/0  rss=342MB
[server] adapter=prisma engine=mysql pool=10 :3196
  prisma/mysql/write: 814 req/s  p99=183ms  cpu=90% (kids 0%, db 60%)  err/to/n2=0/0/0  rss=314MB

== rep 3: pg-tuned on postgres ==
[server] adapter=pg-tuned engine=postgres pool=10 :3197
  pg-tuned/postgres/point_read: 6595 req/s  p99=10ms  cpu=100% (kids 0%, db 30%)  err/to/n2=0/0/0  rss=191MB
  pg-tuned/postgres/range_scan: 3776 req/s  p99=18ms  cpu=100% (kids 0%, db 45%)  err/to/n2=0/0/0  rss=199MB
  pg-tuned/postgres/deep_fetch: 3847 req/s  p99=17ms  cpu=100% (kids 0%, db 229%)  err/to/n2=0/0/0  rss=199MB
  pg-tuned/postgres/aggregation: 7597 req/s  p99=9ms  cpu=100% (kids 0%, db 255%)  err/to/n2=0/0/0  rss=200MB
[server] adapter=pg-tuned engine=postgres pool=10 :3198
  pg-tuned/postgres/write: 5721 req/s  p99=19ms  cpu=95% (kids 0%, db 70%)  err/to/n2=0/0/0  rss=193MB

== rep 3: sequelize on mysql ==
[server] adapter=sequelize engine=mysql pool=10 :3199
  sequelize/mysql/point_read: 2693 req/s  p99=22ms  cpu=100% (kids 0%, db 30%)  err/to/n2=0/0/0  rss=216MB
  sequelize/mysql/range_scan: 2075 req/s  p99=28ms  cpu=100% (kids 0%, db 35%)  err/to/n2=0/0/0  rss=223MB
  sequelize/mysql/deep_fetch: 853 req/s  p99=69ms  cpu=100% (kids 0%, db 30%)  err/to/n2=0/0/0  rss=251MB
  sequelize/mysql/aggregation: 3388 req/s  p99=19ms  cpu=100% (kids 0%, db 260%)  err/to/n2=0/0/0  rss=250MB
[server] adapter=sequelize engine=mysql pool=10 :3200
  sequelize/mysql/write: 1372 req/s  p99=128ms  cpu=70% (kids 0%, db 35%)  err/to/n2=0/0/0  rss=210MB

== rep 3: typeorm on postgres ==
[server] adapter=typeorm engine=postgres pool=10 :3201
  typeorm/postgres/point_read: 3661 req/s  p99=16ms  cpu=100% (kids 0%, db 45%)  err/to/n2=0/0/0  rss=257MB
  typeorm/postgres/range_scan: 2623 req/s  p99=23ms  cpu=105% (kids 0%, db 40%)  err/to/n2=0/0/0  rss=264MB
  typeorm/postgres/deep_fetch: 1201 req/s  p99=50ms  cpu=100% (kids 0%, db 120%)  err/to/n2=0/0/0  rss=272MB
  typeorm/postgres/aggregation: 5326 req/s  p99=13ms  cpu=100% (kids 0%, db 320%)  err/to/n2=0/0/0  rss=272MB
[server] adapter=typeorm engine=postgres pool=10 :3202
  typeorm/postgres/write: 2665 req/s  p99=22ms  cpu=100% (kids 0%, db 65%)  err/to/n2=0/0/0  rss=234MB

== rep 3: objection on mysql ==
[server] adapter=objection engine=mysql pool=10 :3203
  objection/mysql/point_read: 3162 req/s  p99=18ms  cpu=100% (kids 0%, db 35%)  err/to/n2=0/0/0  rss=214MB
  objection/mysql/range_scan: 2576 req/s  p99=22ms  cpu=100% (kids 0%, db 40%)  err/to/n2=0/0/0  rss=219MB
  objection/mysql/deep_fetch: 841 req/s  p99=70ms  cpu=100% (kids 0%, db 45%)  err/to/n2=0/0/0  rss=221MB
  objection/mysql/aggregation: 2966 req/s  p99=22ms  cpu=100% (kids 0%, db 225%)  err/to/n2=0/0/0  rss=221MB
[server] adapter=objection engine=mysql pool=10 :3204
  objection/mysql/write: 1725 req/s  p99=114ms  cpu=60% (kids 0%, db 50%)  err/to/n2=0/0/0  rss=208MB

== rep 3: knex on mysql ==
[server] adapter=knex engine=mysql pool=10 :3205
  knex/mysql/point_read: 3617 req/s  p99=16ms  cpu=100% (kids 0%, db 35%)  err/to/n2=0/0/0  rss=212MB
  knex/mysql/range_scan: 2871 req/s  p99=22ms  cpu=100% (kids 0%, db 50%)  err/to/n2=0/0/0  rss=231MB
  knex/mysql/deep_fetch: 1939 req/s  p99=31ms  cpu=100% (kids 0%, db 70%)  err/to/n2=0/0/0  rss=235MB
  knex/mysql/aggregation: 3837 req/s  p99=16ms  cpu=100% (kids 0%, db 290%)  err/to/n2=0/0/0  rss=236MB
[server] adapter=knex engine=mysql pool=10 :3206
  knex/mysql/write: 1749 req/s  p99=104ms  cpu=55% (kids 0%, db 50%)  err/to/n2=0/0/0  rss=200MB

== rep 3: objection on postgres ==
[server] adapter=objection engine=postgres pool=10 :3207
  objection/postgres/point_read: 3959 req/s  p99=15ms  cpu=100% (kids 0%, db 40%)  err/to/n2=0/0/0  rss=204MB
  objection/postgres/range_scan: 2661 req/s  p99=23ms  cpu=100% (kids 0%, db 40%)  err/to/n2=0/0/0  rss=210MB
  objection/postgres/deep_fetch: 1034 req/s  p99=57ms  cpu=100% (kids 0%, db 50%)  err/to/n2=0/0/0  rss=211MB
  objection/postgres/aggregation: 3445 req/s  p99=20ms  cpu=100% (kids 0%, db 223%)  err/to/n2=0/0/0  rss=212MB
[server] adapter=objection engine=postgres pool=10 :3208
  objection/postgres/write: 3870 req/s  p99=16ms  cpu=100% (kids 0%, db 65%)  err/to/n2=0/0/0  rss=218MB
[checkpoint] replicate 3/25 saved (90 cells)

===== replicate 4/25 (order=shuffle: sequelize,knex,prisma,objection,objection,pg,typeorm,typeorm,mikroorm,knex,drizzle,drizzle,mikroorm,mysql2,mysql2-tuned,pg-tuned,sequelize,prisma) =====

== rep 4: sequelize on mysql ==
[server] adapter=sequelize engine=mysql pool=10 :3209
  sequelize/mysql/point_read: 2673 req/s  p99=21ms  cpu=100% (kids 0%, db 30%)  err/to/n2=0/0/0  rss=216MB
  sequelize/mysql/range_scan: 2049 req/s  p99=29ms  cpu=100% (kids 0%, db 35%)  err/to/n2=0/0/0  rss=222MB
  sequelize/mysql/deep_fetch: 871 req/s  p99=67ms  cpu=100% (kids 0%, db 30%)  err/to/n2=0/0/0  rss=257MB
  sequelize/mysql/aggregation: 3362 req/s  p99=18ms  cpu=100% (kids 0%, db 255%)  err/to/n2=0/0/0  rss=258MB
[server] adapter=sequelize engine=mysql pool=10 :3210
  sequelize/mysql/write: 1740 req/s  p99=108ms  cpu=85% (kids 0%, db 45%)  err/to/n2=0/0/0  rss=211MB

== rep 4: knex on postgres ==
[server] adapter=knex engine=postgres pool=10 :3211
  knex/postgres/point_read: 4243 req/s  p99=15ms  cpu=100% (kids 0%, db 45%)  err/to/n2=0/0/0  rss=202MB
  knex/postgres/range_scan: 3141 req/s  p99=18ms  cpu=100% (kids 0%, db 45%)  err/to/n2=0/0/0  rss=210MB
  knex/postgres/deep_fetch: 2455 req/s  p99=27ms  cpu=100% (kids 0%, db 240%)  err/to/n2=0/0/0  rss=210MB
  knex/postgres/aggregation: 5743 req/s  p99=11ms  cpu=100% (kids 0%, db 355%)  err/to/n2=0/0/0  rss=210MB
[server] adapter=knex engine=postgres pool=10 :3212
  knex/postgres/write: 4813 req/s  p99=13ms  cpu=100% (kids 0%, db 80%)  err/to/n2=0/0/0  rss=199MB

== rep 4: prisma on mysql ==
[server] adapter=prisma engine=mysql pool=10 :3213
  prisma/mysql/point_read: 1982 req/s  p99=31ms  cpu=105% (kids 0%, db 45%)  err/to/n2=0/0/0  rss=312MB
  prisma/mysql/range_scan: 1543 req/s  p99=39ms  cpu=105% (kids 0%, db 45%)  err/to/n2=0/0/0  rss=328MB
  prisma/mysql/deep_fetch: 637 req/s  p99=94ms  cpu=105% (kids 0%, db 65%)  err/to/n2=0/0/0  rss=333MB
  prisma/mysql/aggregation: 2357 req/s  p99=28ms  cpu=100% (kids 0%, db 225%)  err/to/n2=0/0/0  rss=343MB
[server] adapter=prisma engine=mysql pool=10 :3214
  prisma/mysql/write: 914 req/s  p99=129ms  cpu=99% (kids 0%, db 70%)  err/to/n2=0/0/0  rss=316MB

== rep 4: objection on postgres ==
[server] adapter=objection engine=postgres pool=10 :3215
  objection/postgres/point_read: 3809 req/s  p99=16ms  cpu=100% (kids 0%, db 40%)  err/to/n2=0/0/0  rss=203MB
  objection/postgres/range_scan: 2605 req/s  p99=23ms  cpu=100% (kids 0%, db 40%)  err/to/n2=0/0/0  rss=210MB
  objection/postgres/deep_fetch: 1033 req/s  p99=55ms  cpu=100% (kids 0%, db 50%)  err/to/n2=0/0/0  rss=212MB
  objection/postgres/aggregation: 3636 req/s  p99=18ms  cpu=100% (kids 0%, db 240%)  err/to/n2=0/0/0  rss=212MB
[server] adapter=objection engine=postgres pool=10 :3216
  objection/postgres/write: 3845 req/s  p99=16ms  cpu=100% (kids 0%, db 70%)  err/to/n2=0/0/0  rss=215MB

== rep 4: objection on mysql ==
[server] adapter=objection engine=mysql pool=10 :3217
  objection/mysql/point_read: 3169 req/s  p99=18ms  cpu=100% (kids 0%, db 35%)  err/to/n2=0/0/0  rss=215MB
  objection/mysql/range_scan: 2562 req/s  p99=24ms  cpu=100% (kids 0%, db 40%)  err/to/n2=0/0/0  rss=221MB
  objection/mysql/deep_fetch: 849 req/s  p99=65ms  cpu=100% (kids 0%, db 45%)  err/to/n2=0/0/0  rss=221MB
  objection/mysql/aggregation: 2961 req/s  p99=19ms  cpu=100% (kids 0%, db 220%)  err/to/n2=0/0/0  rss=221MB
[server] adapter=objection engine=mysql pool=10 :3218
  objection/mysql/write: 1796 req/s  p99=99ms  cpu=60% (kids 0%, db 50%)  err/to/n2=0/0/0  rss=212MB

== rep 4: pg on postgres ==
[server] adapter=pg engine=postgres pool=10 :3219
  pg/postgres/point_read: 6481 req/s  p99=10ms  cpu=100% (kids 0%, db 65%)  err/to/n2=0/0/0  rss=197MB
  pg/postgres/range_scan: 3769 req/s  p99=18ms  cpu=105% (kids 0%, db 50%)  err/to/n2=0/0/0  rss=204MB
  pg/postgres/deep_fetch: 3578 req/s  p99=20ms  cpu=100% (kids 0%, db 345%)  err/to/n2=0/0/0  rss=202MB
  pg/postgres/aggregation: 6716 req/s  p99=10ms  cpu=100% (kids 0%, db 435%)  err/to/n2=0/0/0  rss=202MB
[server] adapter=pg engine=postgres pool=10 :3220
  pg/postgres/write: 6221 req/s  p99=11ms  cpu=100% (kids 0%, db 105%)  err/to/n2=0/0/0  rss=194MB

== rep 4: typeorm on mysql ==
[server] adapter=typeorm engine=mysql pool=10 :3221
  typeorm/mysql/point_read: 2865 req/s  p99=21ms  cpu=100% (kids 0%, db 35%)  err/to/n2=0/0/0  rss=216MB
  typeorm/mysql/range_scan: 2206 req/s  p99=27ms  cpu=100% (kids 0%, db 40%)  err/to/n2=0/0/0  rss=221MB
  typeorm/mysql/deep_fetch: 1028 req/s  p99=55ms  cpu=100% (kids 0%, db 70%)  err/to/n2=0/0/0  rss=225MB
  typeorm/mysql/aggregation: 3902 req/s  p99=15ms  cpu=100% (kids 0%, db 295%)  err/to/n2=0/0/0  rss=225MB
[server] adapter=typeorm engine=mysql pool=10 :3222
  typeorm/mysql/write: 1388 req/s  p99=100ms  cpu=91% (kids 0%, db 55%)  err/to/n2=0/0/0  rss=213MB

== rep 4: typeorm on postgres ==
[server] adapter=typeorm engine=postgres pool=10 :3223
  typeorm/postgres/point_read: 4175 req/s  p99=14ms  cpu=105% (kids 0%, db 45%)  err/to/n2=0/0/0  rss=260MB
  typeorm/postgres/range_scan: 2544 req/s  p99=24ms  cpu=105% (kids 0%, db 40%)  err/to/n2=0/0/0  rss=265MB
  typeorm/postgres/deep_fetch: 1242 req/s  p99=47ms  cpu=105% (kids 0%, db 120%)  err/to/n2=0/0/0  rss=272MB
  typeorm/postgres/aggregation: 6080 req/s  p99=12ms  cpu=100% (kids 0%, db 372%)  err/to/n2=0/0/0  rss=273MB
[server] adapter=typeorm engine=postgres pool=10 :3224
  typeorm/postgres/write: 2463 req/s  p99=25ms  cpu=100% (kids 0%, db 60%)  err/to/n2=0/0/0  rss=232MB

== rep 4: mikroorm on postgres ==
[server] adapter=mikroorm engine=postgres pool=10 :3225
  mikroorm/postgres/point_read: 2322 req/s  p99=24ms  cpu=100% (kids 0%, db 25%)  err/to/n2=0/0/0  rss=289MB
  mikroorm/postgres/range_scan: 877 req/s  p99=71ms  cpu=105% (kids 0%, db 15%)  err/to/n2=0/0/0  rss=321MB
  mikroorm/postgres/deep_fetch: 502 req/s  p99=113ms  cpu=110% (kids 0%, db 50%)  err/to/n2=0/0/0  rss=334MB
  mikroorm/postgres/aggregation: 5573 req/s  p99=13ms  cpu=100% (kids 0%, db 355%)  err/to/n2=0/0/0  rss=325MB
[server] adapter=mikroorm engine=postgres pool=10 :3226
  mikroorm/postgres/write: 1861 req/s  p99=31ms  cpu=105% (kids 0%, db 45%)  err/to/n2=0/0/0  rss=223MB

== rep 4: knex on mysql ==
[server] adapter=knex engine=mysql pool=10 :3227
  knex/mysql/point_read: 3669 req/s  p99=16ms  cpu=100% (kids 0%, db 40%)  err/to/n2=0/0/0  rss=207MB
  knex/mysql/range_scan: 2982 req/s  p99=20ms  cpu=100% (kids 0%, db 50%)  err/to/n2=0/0/0  rss=223MB
  knex/mysql/deep_fetch: 1966 req/s  p99=32ms  cpu=100% (kids 0%, db 70%)  err/to/n2=0/0/0  rss=241MB
  knex/mysql/aggregation: 3960 req/s  p99=18ms  cpu=100% (kids 0%, db 305%)  err/to/n2=0/0/0  rss=241MB
[server] adapter=knex engine=mysql pool=10 :3228
  knex/mysql/write: 1490 req/s  p99=131ms  cpu=45% (kids 0%, db 40%)  err/to/n2=0/0/0  rss=201MB

== rep 4: drizzle on postgres ==
[server] adapter=drizzle engine=postgres pool=10 :3229
  drizzle/postgres/point_read: 3969 req/s  p99=15ms  cpu=100% (kids 0%, db 45%)  err/to/n2=0/0/0  rss=236MB
  drizzle/postgres/range_scan: 2713 req/s  p99=22ms  cpu=100% (kids 0%, db 40%)  err/to/n2=0/0/0  rss=238MB
  drizzle/postgres/deep_fetch: 1856 req/s  p99=32ms  cpu=100% (kids 0%, db 185%)  err/to/n2=0/0/0  rss=240MB
  drizzle/postgres/aggregation: 6124 req/s  p99=11ms  cpu=100% (kids 0%, db 385%)  err/to/n2=0/0/0  rss=235MB
[server] adapter=drizzle engine=postgres pool=10 :3230
  drizzle/postgres/write: 4056 req/s  p99=17ms  cpu=100% (kids 0%, db 70%)  err/to/n2=0/0/0  rss=239MB

== rep 4: drizzle on mysql ==
[server] adapter=drizzle engine=mysql pool=10 :3231
  drizzle/mysql/point_read: 2880 req/s  p99=22ms  cpu=105% (kids 0%, db 30%)  err/to/n2=0/0/0  rss=287MB
  drizzle/mysql/range_scan: 2166 req/s  p99=29ms  cpu=105% (kids 0%, db 35%)  err/to/n2=0/0/0  rss=299MB
  drizzle/mysql/deep_fetch: 1275 req/s  p99=50ms  cpu=105% (kids 0%, db 50%)  err/to/n2=0/0/0  rss=299MB
  drizzle/mysql/aggregation: 4058 req/s  p99=17ms  cpu=105% (kids 0%, db 309%)  err/to/n2=0/0/0  rss=300MB
[server] adapter=drizzle engine=mysql pool=10 :3232
  drizzle/mysql/write: 1567 req/s  p99=138ms  cpu=50% (kids 0%, db 45%)  err/to/n2=0/0/0  rss=279MB

== rep 4: mikroorm on mysql ==
[server] adapter=mikroorm engine=mysql pool=10 :3233
  mikroorm/mysql/point_read: 2058 req/s  p99=26ms  cpu=100% (kids 0%, db 20%)  err/to/n2=0/0/0  rss=274MB
  mikroorm/mysql/range_scan: 865 req/s  p99=61ms  cpu=105% (kids 0%, db 15%)  err/to/n2=0/0/0  rss=343MB
  mikroorm/mysql/deep_fetch: 432 req/s  p99=131ms  cpu=105% (kids 0%, db 20%)  err/to/n2=0/0/0  rss=359MB
  mikroorm/mysql/aggregation: 3966 req/s  p99=15ms  cpu=100% (kids 0%, db 300%)  err/to/n2=0/0/0  rss=348MB
[server] adapter=mikroorm engine=mysql pool=10 :3234
  mikroorm/mysql/write: 1108 req/s  p99=116ms  cpu=85% (kids 0%, db 40%)  err/to/n2=0/0/0  rss=249MB

== rep 4: mysql2 on mysql ==
[server] adapter=mysql2 engine=mysql pool=10 :3235
  mysql2/mysql/point_read: 4333 req/s  p99=16ms  cpu=105% (kids 0%, db 45%)  err/to/n2=0/0/0  rss=266MB
  mysql2/mysql/range_scan: 3117 req/s  p99=22ms  cpu=105% (kids 0%, db 50%)  err/to/n2=0/0/0  rss=291MB
  mysql2/mysql/deep_fetch: 2436 req/s  p99=28ms  cpu=105% (kids 0%, db 90%)  err/to/n2=0/0/0  rss=291MB
  mysql2/mysql/aggregation: 4412 req/s  p99=15ms  cpu=105% (kids 0%, db 335%)  err/to/n2=0/0/0  rss=291MB
[server] adapter=mysql2 engine=mysql pool=10 :3236
  mysql2/mysql/write: 1417 req/s  p99=137ms  cpu=40% (kids 0%, db 40%)  err/to/n2=0/0/0  rss=250MB

== rep 4: mysql2-tuned on mysql ==
[server] adapter=mysql2-tuned engine=mysql pool=10 :3237
  mysql2-tuned/mysql/point_read: 4140 req/s  p99=15ms  cpu=100% (kids 0%, db 35%)  err/to/n2=0/0/0  rss=205MB
  mysql2-tuned/mysql/range_scan: 3037 req/s  p99=19ms  cpu=100% (kids 0%, db 45%)  err/to/n2=0/0/0  rss=211MB
  mysql2-tuned/mysql/deep_fetch: 2383 req/s  p99=27ms  cpu=100% (kids 0%, db 70%)  err/to/n2=0/0/0  rss=211MB
  mysql2-tuned/mysql/aggregation: 4443 req/s  p99=14ms  cpu=100% (kids 0%, db 305%)  err/to/n2=0/0/0  rss=211MB
[server] adapter=mysql2-tuned engine=mysql pool=10 :3238
  mysql2-tuned/mysql/write: 1697 req/s  p99=108ms  cpu=45% (kids 0%, db 45%)  err/to/n2=0/0/0  rss=145MB

== rep 4: pg-tuned on postgres ==
[server] adapter=pg-tuned engine=postgres pool=10 :3239
  pg-tuned/postgres/point_read: 6855 req/s  p99=9ms  cpu=100% (kids 0%, db 35%)  err/to/n2=0/0/0  rss=191MB
  pg-tuned/postgres/range_scan: 3826 req/s  p99=17ms  cpu=100% (kids 0%, db 45%)  err/to/n2=0/0/0  rss=199MB
  pg-tuned/postgres/deep_fetch: 3739 req/s  p99=17ms  cpu=100% (kids 0%, db 220%)  err/to/n2=0/0/0  rss=196MB
  pg-tuned/postgres/aggregation: 7773 req/s  p99=9ms  cpu=100% (kids 0%, db 260%)  err/to/n2=0/0/0  rss=197MB
[server] adapter=pg-tuned engine=postgres pool=10 :3240
  pg-tuned/postgres/write: 6514 req/s  p99=10ms  cpu=100% (kids 0%, db 80%)  err/to/n2=0/0/0  rss=205MB

== rep 4: sequelize on postgres ==
[server] adapter=sequelize engine=postgres pool=10 :3241
  sequelize/postgres/point_read: 3459 req/s  p99=18ms  cpu=100% (kids 0%, db 35%)  err/to/n2=0/0/0  rss=205MB
  sequelize/postgres/range_scan: 2431 req/s  p99=29ms  cpu=100% (kids 0%, db 35%)  err/to/n2=0/0/0  rss=212MB
  sequelize/postgres/deep_fetch: 969 req/s  p99=61ms  cpu=100% (kids 0%, db 50%)  err/to/n2=0/0/0  rss=252MB
  sequelize/postgres/aggregation: 4676 req/s  p99=15ms  cpu=100% (kids 0%, db 305%)  err/to/n2=0/0/0  rss=251MB
[server] adapter=sequelize engine=postgres pool=10 :3242
  sequelize/postgres/write: 2656 req/s  p99=22ms  cpu=100% (kids 0%, db 50%)  err/to/n2=0/0/0  rss=206MB

== rep 4: prisma on postgres ==
[server] adapter=prisma engine=postgres pool=10 :3243
  prisma/postgres/point_read: 3328 req/s  p99=19ms  cpu=105% (kids 0%, db 40%)  err/to/n2=0/0/0  rss=299MB
  prisma/postgres/range_scan: 2441 req/s  p99=26ms  cpu=105% (kids 0%, db 40%)  err/to/n2=0/0/0  rss=300MB
  prisma/postgres/deep_fetch: 1164 req/s  p99=52ms  cpu=105% (kids 0%, db 60%)  err/to/n2=0/0/0  rss=304MB
  prisma/postgres/aggregation: 4128 req/s  p99=16ms  cpu=100% (kids 0%, db 280%)  err/to/n2=0/0/0  rss=306MB
[server] adapter=prisma engine=postgres pool=10 :3244
  prisma/postgres/write: 2770 req/s  p99=23ms  cpu=105% (kids 0%, db 55%)  err/to/n2=0/0/0  rss=304MB
[checkpoint] replicate 4/25 saved (90 cells)

===== replicate 5/25 (order=shuffle: typeorm,mysql2-tuned,objection,drizzle,pg,mikroorm,prisma,mysql2,drizzle,prisma,typeorm,pg-tuned,mikroorm,objection,knex,sequelize,sequelize,knex) =====

== rep 5: typeorm on mysql ==
[server] adapter=typeorm engine=mysql pool=10 :3245
  typeorm/mysql/point_read: 3030 req/s  p99=18ms  cpu=100% (kids 0%, db 37%)  err/to/n2=0/0/0  rss=219MB
  typeorm/mysql/range_scan: 2319 req/s  p99=23ms  cpu=100% (kids 0%, db 40%)  err/to/n2=0/0/0  rss=225MB
  typeorm/mysql/deep_fetch: 1017 req/s  p99=55ms  cpu=100% (kids 0%, db 70%)  err/to/n2=0/0/0  rss=229MB
  typeorm/mysql/aggregation: 3931 req/s  p99=15ms  cpu=100% (kids 0%, db 295%)  err/to/n2=0/0/0  rss=229MB
[server] adapter=typeorm engine=mysql pool=10 :3246
  typeorm/mysql/write: 1114 req/s  p99=111ms  cpu=75% (kids 0%, db 45%)  err/to/n2=0/0/0  rss=210MB

== rep 5: mysql2-tuned on mysql ==
[server] adapter=mysql2-tuned engine=mysql pool=10 :3247
  mysql2-tuned/mysql/point_read: 4261 req/s  p99=14ms  cpu=100% (kids 0%, db 35%)  err/to/n2=0/0/0  rss=204MB
  mysql2-tuned/mysql/range_scan: 3214 req/s  p99=18ms  cpu=100% (kids 0%, db 44%)  err/to/n2=0/0/0  rss=210MB
  mysql2-tuned/mysql/deep_fetch: 2419 req/s  p99=26ms  cpu=100% (kids 0%, db 75%)  err/to/n2=0/0/0  rss=210MB
  mysql2-tuned/mysql/aggregation: 4381 req/s  p99=14ms  cpu=100% (kids 0%, db 305%)  err/to/n2=0/0/0  rss=211MB
[server] adapter=mysql2-tuned engine=mysql pool=10 :3248
  mysql2-tuned/mysql/write: 1540 req/s  p99=111ms  cpu=40% (kids 0%, db 40%)  err/to/n2=0/0/0  rss=143MB

== rep 5: objection on mysql ==
[server] adapter=objection engine=mysql pool=10 :3249
  objection/mysql/point_read: 3110 req/s  p99=19ms  cpu=100% (kids 0%, db 35%)  err/to/n2=0/0/0  rss=216MB
  objection/mysql/range_scan: 2612 req/s  p99=21ms  cpu=100% (kids 0%, db 40%)  err/to/n2=0/0/0  rss=221MB
  objection/mysql/deep_fetch: 858 req/s  p99=63ms  cpu=100% (kids 0%, db 45%)  err/to/n2=0/0/0  rss=223MB
  objection/mysql/aggregation: 2998 req/s  p99=20ms  cpu=100% (kids 0%, db 225%)  err/to/n2=0/0/0  rss=223MB
[server] adapter=objection engine=mysql pool=10 :3250
  objection/mysql/write: 1398 req/s  p99=157ms  cpu=50% (kids 0%, db 40%)  err/to/n2=0/0/0  rss=211MB

== rep 5: drizzle on mysql ==
[server] adapter=drizzle engine=mysql pool=10 :3251
  drizzle/mysql/point_read: 2910 req/s  p99=22ms  cpu=105% (kids 0%, db 30%)  err/to/n2=0/0/0  rss=283MB
  drizzle/mysql/range_scan: 2134 req/s  p99=31ms  cpu=105% (kids 0%, db 35%)  err/to/n2=0/0/0  rss=297MB
  drizzle/mysql/deep_fetch: 1330 req/s  p99=46ms  cpu=105% (kids 0%, db 45%)  err/to/n2=0/0/0  rss=295MB
  drizzle/mysql/aggregation: 4019 req/s  p99=18ms  cpu=105% (kids 0%, db 310%)  err/to/n2=0/0/0  rss=299MB
[server] adapter=drizzle engine=mysql pool=10 :3252
  drizzle/mysql/write: 1810 req/s  p99=98ms  cpu=60% (kids 0%, db 50%)  err/to/n2=0/0/0  rss=278MB

== rep 5: pg on postgres ==
[server] adapter=pg engine=postgres pool=10 :3253
  pg/postgres/point_read: 6735 req/s  p99=10ms  cpu=100% (kids 0%, db 65%)  err/to/n2=0/0/0  rss=196MB
  pg/postgres/range_scan: 3821 req/s  p99=17ms  cpu=100% (kids 0%, db 55%)  err/to/n2=0/0/0  rss=205MB
  pg/postgres/deep_fetch: 3382 req/s  p99=21ms  cpu=100% (kids 0%, db 340%)  err/to/n2=0/0/0  rss=204MB
  pg/postgres/aggregation: 6869 req/s  p99=9ms  cpu=100% (kids 0%, db 440%)  err/to/n2=0/0/0  rss=204MB
[server] adapter=pg engine=postgres pool=10 :3254
  pg/postgres/write: 6132 req/s  p99=11ms  cpu=100% (kids 0%, db 105%)  err/to/n2=0/0/0  rss=196MB

== rep 5: mikroorm on mysql ==
[server] adapter=mikroorm engine=mysql pool=10 :3255
  mikroorm/mysql/point_read: 1996 req/s  p99=29ms  cpu=100% (kids 0%, db 20%)  err/to/n2=0/0/0  rss=277MB
  mikroorm/mysql/range_scan: 847 req/s  p99=73ms  cpu=105% (kids 0%, db 15%)  err/to/n2=0/0/0  rss=346MB
  mikroorm/mysql/deep_fetch: 468 req/s  p99=127ms  cpu=110% (kids 0%, db 25%)  err/to/n2=0/0/0  rss=353MB
  mikroorm/mysql/aggregation: 4084 req/s  p99=15ms  cpu=100% (kids 0%, db 310%)  err/to/n2=0/0/0  rss=352MB
[server] adapter=mikroorm engine=mysql pool=10 :3256
  mikroorm/mysql/write: 1072 req/s  p99=212ms  cpu=85% (kids 0%, db 40%)  err/to/n2=0/0/0  rss=243MB

== rep 5: prisma on postgres ==
[server] adapter=prisma engine=postgres pool=10 :3257
  prisma/postgres/point_read: 3242 req/s  p99=21ms  cpu=105% (kids 0%, db 40%)  err/to/n2=0/0/0  rss=300MB
  prisma/postgres/range_scan: 2442 req/s  p99=25ms  cpu=105% (kids 0%, db 37%)  err/to/n2=0/0/0  rss=299MB
  prisma/postgres/deep_fetch: 1206 req/s  p99=49ms  cpu=105% (kids 0%, db 60%)  err/to/n2=0/0/0  rss=302MB
  prisma/postgres/aggregation: 4337 req/s  p99=15ms  cpu=100% (kids 0%, db 284%)  err/to/n2=0/0/0  rss=305MB
[server] adapter=prisma engine=postgres pool=10 :3258
  prisma/postgres/write: 2657 req/s  p99=27ms  cpu=105% (kids 0%, db 55%)  err/to/n2=0/0/0  rss=304MB

== rep 5: mysql2 on mysql ==
[server] adapter=mysql2 engine=mysql pool=10 :3259
  mysql2/mysql/point_read: 3862 req/s  p99=17ms  cpu=105% (kids 0%, db 40%)  err/to/n2=0/0/0  rss=264MB
  mysql2/mysql/range_scan: 3155 req/s  p99=22ms  cpu=105% (kids 0%, db 50%)  err/to/n2=0/0/0  rss=289MB
  mysql2/mysql/deep_fetch: 2376 req/s  p99=29ms  cpu=105% (kids 0%, db 85%)  err/to/n2=0/0/0  rss=290MB
  mysql2/mysql/aggregation: 4496 req/s  p99=15ms  cpu=100% (kids 0%, db 345%)  err/to/n2=0/0/0  rss=291MB
[server] adapter=mysql2 engine=mysql pool=10 :3260
  mysql2/mysql/write: 1255 req/s  p99=159ms  cpu=35% (kids 0%, db 35%)  err/to/n2=0/0/0  rss=252MB

== rep 5: drizzle on postgres ==
[server] adapter=drizzle engine=postgres pool=10 :3261
  drizzle/postgres/point_read: 4089 req/s  p99=18ms  cpu=100% (kids 0%, db 45%)  err/to/n2=0/0/0  rss=237MB
  drizzle/postgres/range_scan: 2721 req/s  p99=21ms  cpu=100% (kids 0%, db 40%)  err/to/n2=0/0/0  rss=240MB
  drizzle/postgres/deep_fetch: 1902 req/s  p99=29ms  cpu=100% (kids 0%, db 190%)  err/to/n2=0/0/0  rss=240MB
  drizzle/postgres/aggregation: 6309 req/s  p99=12ms  cpu=100% (kids 0%, db 390%)  err/to/n2=0/0/0  rss=235MB
[server] adapter=drizzle engine=postgres pool=10 :3262
  drizzle/postgres/write: 3889 req/s  p99=21ms  cpu=100% (kids 0%, db 70%)  err/to/n2=0/0/0  rss=250MB

== rep 5: prisma on mysql ==
[server] adapter=prisma engine=mysql pool=10 :3263
  prisma/mysql/point_read: 2028 req/s  p99=31ms  cpu=105% (kids 0%, db 50%)  err/to/n2=0/0/0  rss=312MB
  prisma/mysql/range_scan: 1512 req/s  p99=41ms  cpu=105% (kids 0%, db 45%)  err/to/n2=0/0/0  rss=329MB
  prisma/mysql/deep_fetch: 629 req/s  p99=95ms  cpu=105% (kids 0%, db 65%)  err/to/n2=0/0/0  rss=332MB
  prisma/mysql/aggregation: 2362 req/s  p99=28ms  cpu=100% (kids 0%, db 235%)  err/to/n2=0/0/0  rss=344MB
[server] adapter=prisma engine=mysql pool=10 :3264
  prisma/mysql/write: 813 req/s  p99=133ms  cpu=90% (kids 0%, db 60%)  err/to/n2=0/0/0  rss=314MB

== rep 5: typeorm on postgres ==
[server] adapter=typeorm engine=postgres pool=10 :3265
  typeorm/postgres/point_read: 4095 req/s  p99=15ms  cpu=100% (kids 0%, db 50%)  err/to/n2=0/0/0  rss=259MB
  typeorm/postgres/range_scan: 2473 req/s  p99=25ms  cpu=102% (kids 0%, db 40%)  err/to/n2=0/0/0  rss=265MB
  typeorm/postgres/deep_fetch: 1228 req/s  p99=48ms  cpu=105% (kids 0%, db 125%)  err/to/n2=0/0/0  rss=271MB
  typeorm/postgres/aggregation: 6006 req/s  p99=13ms  cpu=100% (kids 0%, db 380%)  err/to/n2=0/0/0  rss=271MB
[server] adapter=typeorm engine=postgres pool=10 :3266
  typeorm/postgres/write: 2544 req/s  p99=25ms  cpu=100% (kids 0%, db 65%)  err/to/n2=0/0/0  rss=233MB

== rep 5: pg-tuned on postgres ==
[server] adapter=pg-tuned engine=postgres pool=10 :3267
  pg-tuned/postgres/point_read: 6678 req/s  p99=10ms  cpu=100% (kids 0%, db 30%)  err/to/n2=0/0/0  rss=191MB
  pg-tuned/postgres/range_scan: 3821 req/s  p99=18ms  cpu=100% (kids 0%, db 47%)  err/to/n2=0/0/0  rss=199MB
  pg-tuned/postgres/deep_fetch: 3798 req/s  p99=17ms  cpu=100% (kids 0%, db 225%)  err/to/n2=0/0/0  rss=197MB
  pg-tuned/postgres/aggregation: 7531 req/s  p99=9ms  cpu=100% (kids 0%, db 250%)  err/to/n2=0/0/0  rss=197MB
[server] adapter=pg-tuned engine=postgres pool=10 :3268
  pg-tuned/postgres/write: 6317 req/s  p99=11ms  cpu=100% (kids 0%, db 75%)  err/to/n2=0/0/0  rss=194MB

== rep 5: mikroorm on postgres ==
[server] adapter=mikroorm engine=postgres pool=10 :3269
  mikroorm/postgres/point_read: 2209 req/s  p99=27ms  cpu=100% (kids 0%, db 25%)  err/to/n2=0/0/0  rss=289MB
  mikroorm/postgres/range_scan: 774 req/s  p99=74ms  cpu=105% (kids 0%, db 10%)  err/to/n2=0/0/0  rss=318MB
  mikroorm/postgres/deep_fetch: 525 req/s  p99=106ms  cpu=110% (kids 0%, db 50%)  err/to/n2=0/0/0  rss=328MB
  mikroorm/postgres/aggregation: 5617 req/s  p99=12ms  cpu=100% (kids 0%, db 350%)  err/to/n2=0/0/0  rss=328MB
[server] adapter=mikroorm engine=postgres pool=10 :3270
  mikroorm/postgres/write: 1862 req/s  p99=31ms  cpu=104% (kids 0%, db 45%)  err/to/n2=0/0/0  rss=224MB

== rep 5: objection on postgres ==
[server] adapter=objection engine=postgres pool=10 :3271
  objection/postgres/point_read: 4038 req/s  p99=15ms  cpu=100% (kids 0%, db 40%)  err/to/n2=0/0/0  rss=206MB
  objection/postgres/range_scan: 2706 req/s  p99=20ms  cpu=100% (kids 0%, db 40%)  err/to/n2=0/0/0  rss=213MB
  objection/postgres/deep_fetch: 1037 req/s  p99=55ms  cpu=100% (kids 0%, db 50%)  err/to/n2=0/0/0  rss=214MB
  objection/postgres/aggregation: 3606 req/s  p99=19ms  cpu=100% (kids 0%, db 245%)  err/to/n2=0/0/0  rss=214MB
[server] adapter=objection engine=postgres pool=10 :3272
  objection/postgres/write: 3815 req/s  p99=16ms  cpu=100% (kids 0%, db 70%)  err/to/n2=0/0/0  rss=212MB

== rep 5: knex on mysql ==
[server] adapter=knex engine=mysql pool=10 :3273
  knex/mysql/point_read: 3641 req/s  p99=17ms  cpu=100% (kids 0%, db 40%)  err/to/n2=0/0/0  rss=207MB
  knex/mysql/range_scan: 3005 req/s  p99=19ms  cpu=100% (kids 0%, db 50%)  err/to/n2=0/0/0  rss=224MB
  knex/mysql/deep_fetch: 2035 req/s  p99=27ms  cpu=100% (kids 0%, db 75%)  err/to/n2=0/0/0  rss=225MB
  knex/mysql/aggregation: 3933 req/s  p99=17ms  cpu=100% (kids 0%, db 300%)  err/to/n2=0/0/0  rss=227MB
[server] adapter=knex engine=mysql pool=10 :3274
  knex/mysql/write: 1778 req/s  p99=92ms  cpu=55% (kids 0%, db 50%)  err/to/n2=0/0/0  rss=204MB

== rep 5: sequelize on postgres ==
[server] adapter=sequelize engine=postgres pool=10 :3275
  sequelize/postgres/point_read: 3460 req/s  p99=17ms  cpu=100% (kids 0%, db 35%)  err/to/n2=0/0/0  rss=206MB
  sequelize/postgres/range_scan: 2243 req/s  p99=25ms  cpu=100% (kids 0%, db 35%)  err/to/n2=0/0/0  rss=212MB
  sequelize/postgres/deep_fetch: 965 req/s  p99=64ms  cpu=105% (kids 0%, db 50%)  err/to/n2=0/0/0  rss=290MB
  sequelize/postgres/aggregation: 4067 req/s  p99=15ms  cpu=100% (kids 0%, db 266%)  err/to/n2=0/0/0  rss=294MB
[server] adapter=sequelize engine=postgres pool=10 :3276
  sequelize/postgres/write: 2304 req/s  p99=26ms  cpu=100% (kids 0%, db 45%)  err/to/n2=0/0/0  rss=207MB

== rep 5: sequelize on mysql ==
[server] adapter=sequelize engine=mysql pool=10 :3277
  sequelize/mysql/point_read: 2731 req/s  p99=20ms  cpu=100% (kids 0%, db 30%)  err/to/n2=0/0/0  rss=217MB
  sequelize/mysql/range_scan: 1923 req/s  p99=30ms  cpu=100% (kids 0%, db 30%)  err/to/n2=0/0/0  rss=223MB
  sequelize/mysql/deep_fetch: 879 req/s  p99=67ms  cpu=104% (kids 0%, db 30%)  err/to/n2=0/0/0  rss=264MB
  sequelize/mysql/aggregation: 3462 req/s  p99=18ms  cpu=100% (kids 0%, db 265%)  err/to/n2=0/0/0  rss=264MB
[server] adapter=sequelize engine=mysql pool=10 :3278
  sequelize/mysql/write: 1750 req/s  p99=96ms  cpu=85% (kids 0%, db 45%)  err/to/n2=0/0/0  rss=210MB

== rep 5: knex on postgres ==
[server] adapter=knex engine=postgres pool=10 :3279
  knex/postgres/point_read: 4449 req/s  p99=14ms  cpu=95% (kids 0%, db 50%)  err/to/n2=0/0/0  rss=201MB
  knex/postgres/range_scan: 3136 req/s  p99=20ms  cpu=100% (kids 0%, db 45%)  err/to/n2=0/0/0  rss=208MB
  knex/postgres/deep_fetch: 2371 req/s  p99=29ms  cpu=100% (kids 0%, db 235%)  err/to/n2=0/0/0  rss=215MB
  knex/postgres/aggregation: 5709 req/s  p99=13ms  cpu=100% (kids 0%, db 360%)  err/to/n2=0/0/0  rss=215MB
[server] adapter=knex engine=postgres pool=10 :3280
  knex/postgres/write: 4739 req/s  p99=14ms  cpu=100% (kids 0%, db 85%)  err/to/n2=0/0/0  rss=196MB
[checkpoint] replicate 5/25 saved (90 cells)

===== replicate 6/25 (order=shuffle: pg,pg-tuned,drizzle,typeorm,knex,mikroorm,prisma,mysql2-tuned,mysql2,typeorm,drizzle,objection,prisma,sequelize,knex,mikroorm,objection,sequelize) =====

== rep 6: pg on postgres ==
[server] adapter=pg engine=postgres pool=10 :3281
  pg/postgres/point_read: 6827 req/s  p99=10ms  cpu=100% (kids 0%, db 70%)  err/to/n2=0/0/0  rss=197MB
  pg/postgres/range_scan: 3791 req/s  p99=18ms  cpu=105% (kids 0%, db 55%)  err/to/n2=0/0/0  rss=204MB
  pg/postgres/deep_fetch: 3606 req/s  p99=21ms  cpu=100% (kids 0%, db 350%)  err/to/n2=0/0/0  rss=204MB
  pg/postgres/aggregation: 6675 req/s  p99=12ms  cpu=100% (kids 0%, db 440%)  err/to/n2=0/0/0  rss=204MB
[server] adapter=pg engine=postgres pool=10 :3282
  pg/postgres/write: 6260 req/s  p99=10ms  cpu=100% (kids 0%, db 105%)  err/to/n2=0/0/0  rss=194MB

== rep 6: pg-tuned on postgres ==
[server] adapter=pg-tuned engine=postgres pool=10 :3283
  pg-tuned/postgres/point_read: 6418 req/s  p99=10ms  cpu=100% (kids 0%, db 30%)  err/to/n2=0/0/0  rss=196MB
  pg-tuned/postgres/range_scan: 3933 req/s  p99=16ms  cpu=100% (kids 0%, db 45%)  err/to/n2=0/0/0  rss=204MB
  pg-tuned/postgres/deep_fetch: 3834 req/s  p99=16ms  cpu=100% (kids 0%, db 225%)  err/to/n2=0/0/0  rss=202MB
  pg-tuned/postgres/aggregation: 7270 req/s  p99=9ms  cpu=100% (kids 0%, db 245%)  err/to/n2=0/0/0  rss=202MB
[server] adapter=pg-tuned engine=postgres pool=10 :3284
  pg-tuned/postgres/write: 6321 req/s  p99=10ms  cpu=100% (kids 0%, db 77%)  err/to/n2=0/0/0  rss=195MB

== rep 6: drizzle on mysql ==
[server] adapter=drizzle engine=mysql pool=10 :3285
  drizzle/mysql/point_read: 2881 req/s  p99=22ms  cpu=105% (kids 0%, db 30%)  err/to/n2=0/0/0  rss=282MB
  drizzle/mysql/range_scan: 2154 req/s  p99=30ms  cpu=105% (kids 0%, db 35%)  err/to/n2=0/0/0  rss=295MB
  drizzle/mysql/deep_fetch: 1296 req/s  p99=46ms  cpu=110% (kids 0%, db 45%)  err/to/n2=0/0/0  rss=294MB
  drizzle/mysql/aggregation: 3970 req/s  p99=17ms  cpu=105% (kids 0%, db 304%)  err/to/n2=0/0/0  rss=296MB
[server] adapter=drizzle engine=mysql pool=10 :3286
  drizzle/mysql/write: 1803 req/s  p99=89ms  cpu=60% (kids 0%, db 50%)  err/to/n2=0/0/0  rss=276MB

== rep 6: typeorm on mysql ==
[server] adapter=typeorm engine=mysql pool=10 :3287
  typeorm/mysql/point_read: 2909 req/s  p99=20ms  cpu=100% (kids 0%, db 35%)  err/to/n2=0/0/0  rss=216MB
  typeorm/mysql/range_scan: 2166 req/s  p99=28ms  cpu=100% (kids 0%, db 37%)  err/to/n2=0/0/0  rss=221MB
  typeorm/mysql/deep_fetch: 1047 req/s  p99=53ms  cpu=100% (kids 0%, db 75%)  err/to/n2=0/0/0  rss=226MB
  typeorm/mysql/aggregation: 3870 req/s  p99=18ms  cpu=100% (kids 0%, db 295%)  err/to/n2=0/0/0  rss=224MB
[server] adapter=typeorm engine=mysql pool=10 :3288
  typeorm/mysql/write: 1365 req/s  p99=132ms  cpu=90% (kids 0%, db 55%)  err/to/n2=0/0/0  rss=215MB

== rep 6: knex on mysql ==
[server] adapter=knex engine=mysql pool=10 :3289
  knex/mysql/point_read: 3794 req/s  p99=15ms  cpu=100% (kids 0%, db 40%)  err/to/n2=0/0/0  rss=207MB
  knex/mysql/range_scan: 3013 req/s  p99=20ms  cpu=100% (kids 0%, db 45%)  err/to/n2=0/0/0  rss=221MB
  knex/mysql/deep_fetch: 2076 req/s  p99=27ms  cpu=100% (kids 0%, db 75%)  err/to/n2=0/0/0  rss=223MB
  knex/mysql/aggregation: 4002 req/s  p99=17ms  cpu=100% (kids 0%, db 310%)  err/to/n2=0/0/0  rss=224MB
[server] adapter=knex engine=mysql pool=10 :3290
  knex/mysql/write: 1527 req/s  p99=114ms  cpu=50% (kids 0%, db 45%)  err/to/n2=0/0/0  rss=203MB

== rep 6: mikroorm on mysql ==
[server] adapter=mikroorm engine=mysql pool=10 :3291
  mikroorm/mysql/point_read: 1955 req/s  p99=29ms  cpu=100% (kids 0%, db 20%)  err/to/n2=0/0/0  rss=289MB
  mikroorm/mysql/range_scan: 801 req/s  p99=80ms  cpu=100% (kids 0%, db 15%)  err/to/n2=0/0/0  rss=353MB
  mikroorm/mysql/deep_fetch: 479 req/s  p99=122ms  cpu=110% (kids 0%, db 25%)  err/to/n2=0/0/0  rss=363MB
  mikroorm/mysql/aggregation: 3978 req/s  p99=17ms  cpu=100% (kids 0%, db 305%)  err/to/n2=0/0/0  rss=359MB
[server] adapter=mikroorm engine=mysql pool=10 :3292
  mikroorm/mysql/write: 1101 req/s  p99=111ms  cpu=80% (kids 0%, db 40%)  err/to/n2=0/0/0  rss=247MB

== rep 6: prisma on postgres ==
[server] adapter=prisma engine=postgres pool=10 :3293
  prisma/postgres/point_read: 3214 req/s  p99=20ms  cpu=105% (kids 0%, db 40%)  err/to/n2=0/0/0  rss=300MB
  prisma/postgres/range_scan: 2410 req/s  p99=26ms  cpu=105% (kids 0%, db 40%)  err/to/n2=0/0/0  rss=298MB
  prisma/postgres/deep_fetch: 1145 req/s  p99=53ms  cpu=105% (kids 0%, db 60%)  err/to/n2=0/0/0  rss=306MB
  prisma/postgres/aggregation: 4382 req/s  p99=15ms  cpu=100% (kids 0%, db 285%)  err/to/n2=0/0/0  rss=307MB
[server] adapter=prisma engine=postgres pool=10 :3294
  prisma/postgres/write: 2694 req/s  p99=24ms  cpu=105% (kids 0%, db 52%)  err/to/n2=0/0/0  rss=305MB

== rep 6: mysql2-tuned on mysql ==
[server] adapter=mysql2-tuned engine=mysql pool=10 :3295
  mysql2-tuned/mysql/point_read: 4067 req/s  p99=16ms  cpu=100% (kids 0%, db 35%)  err/to/n2=0/0/0  rss=204MB
  mysql2-tuned/mysql/range_scan: 3242 req/s  p99=18ms  cpu=100% (kids 0%, db 45%)  err/to/n2=0/0/0  rss=209MB
  mysql2-tuned/mysql/deep_fetch: 2479 req/s  p99=23ms  cpu=100% (kids 0%, db 75%)  err/to/n2=0/0/0  rss=209MB
  mysql2-tuned/mysql/aggregation: 4422 req/s  p99=14ms  cpu=100% (kids 0%, db 305%)  err/to/n2=0/0/0  rss=209MB
[server] adapter=mysql2-tuned engine=mysql pool=10 :3296
  mysql2-tuned/mysql/write: 1459 req/s  p99=127ms  cpu=40% (kids 0%, db 40%)  err/to/n2=0/0/0  rss=145MB

== rep 6: mysql2 on mysql ==
[server] adapter=mysql2 engine=mysql pool=10 :3297
  mysql2/mysql/point_read: 4306 req/s  p99=16ms  cpu=105% (kids 0%, db 40%)  err/to/n2=0/0/0  rss=267MB
  mysql2/mysql/range_scan: 3180 req/s  p99=22ms  cpu=105% (kids 0%, db 50%)  err/to/n2=0/0/0  rss=291MB
  mysql2/mysql/deep_fetch: 2382 req/s  p99=27ms  cpu=105% (kids 0%, db 85%)  err/to/n2=0/0/0  rss=290MB
  mysql2/mysql/aggregation: 4323 req/s  p99=16ms  cpu=100% (kids 0%, db 330%)  err/to/n2=0/0/0  rss=290MB
[server] adapter=mysql2 engine=mysql pool=10 :3298
  mysql2/mysql/write: 1410 req/s  p99=113ms  cpu=40% (kids 0%, db 40%)  err/to/n2=0/0/0  rss=250MB

== rep 6: typeorm on postgres ==
[server] adapter=typeorm engine=postgres pool=10 :3299
  typeorm/postgres/point_read: 3834 req/s  p99=16ms  cpu=100% (kids 0%, db 45%)  err/to/n2=0/0/0  rss=228MB
  typeorm/postgres/range_scan: 2582 req/s  p99=23ms  cpu=105% (kids 0%, db 35%)  err/to/n2=0/0/0  rss=266MB
  typeorm/postgres/deep_fetch: 1201 req/s  p99=51ms  cpu=105% (kids 0%, db 120%)  err/to/n2=0/0/0  rss=274MB
  typeorm/postgres/aggregation: 6082 req/s  p99=11ms  cpu=100% (kids 0%, db 370%)  err/to/n2=0/0/0  rss=274MB
[server] adapter=typeorm engine=postgres pool=10 :3300
  typeorm/postgres/write: 2546 req/s  p99=27ms  cpu=100% (kids 0%, db 65%)  err/to/n2=0/0/0  rss=234MB

== rep 6: drizzle on postgres ==
[server] adapter=drizzle engine=postgres pool=10 :3301
  drizzle/postgres/point_read: 4191 req/s  p99=14ms  cpu=100% (kids 0%, db 50%)  err/to/n2=0/0/0  rss=237MB
  drizzle/postgres/range_scan: 2665 req/s  p99=22ms  cpu=97% (kids 0%, db 42%)  err/to/n2=0/0/0  rss=239MB
  drizzle/postgres/deep_fetch: 1867 req/s  p99=32ms  cpu=100% (kids 0%, db 185%)  err/to/n2=0/0/0  rss=239MB
  drizzle/postgres/aggregation: 6487 req/s  p99=10ms  cpu=100% (kids 0%, db 395%)  err/to/n2=0/0/0  rss=235MB
[server] adapter=drizzle engine=postgres pool=10 :3302
  drizzle/postgres/write: 3900 req/s  p99=29ms  cpu=100% (kids 0%, db 70%)  err/to/n2=0/0/0  rss=249MB

== rep 6: objection on mysql ==
[server] adapter=objection engine=mysql pool=10 :3303
  objection/mysql/point_read: 3041 req/s  p99=19ms  cpu=100% (kids 0%, db 35%)  err/to/n2=0/0/0  rss=214MB
  objection/mysql/range_scan: 2513 req/s  p99=25ms  cpu=100% (kids 0%, db 42%)  err/to/n2=0/0/0  rss=220MB
  objection/mysql/deep_fetch: 858 req/s  p99=65ms  cpu=100% (kids 0%, db 45%)  err/to/n2=0/0/0  rss=223MB
  objection/mysql/aggregation: 2938 req/s  p99=23ms  cpu=100% (kids 0%, db 225%)  err/to/n2=0/0/0  rss=223MB
[server] adapter=objection engine=mysql pool=10 :3304
  objection/mysql/write: 1439 req/s  p99=102ms  cpu=50% (kids 0%, db 40%)  err/to/n2=0/0/0  rss=212MB

== rep 6: prisma on mysql ==
[server] adapter=prisma engine=mysql pool=10 :3305
  prisma/mysql/point_read: 2015 req/s  p99=29ms  cpu=105% (kids 0%, db 45%)  err/to/n2=0/0/0  rss=311MB
  prisma/mysql/range_scan: 1523 req/s  p99=41ms  cpu=105% (kids 0%, db 45%)  err/to/n2=0/0/0  rss=325MB
  prisma/mysql/deep_fetch: 623 req/s  p99=92ms  cpu=105% (kids 0%, db 60%)  err/to/n2=0/0/0  rss=329MB
  prisma/mysql/aggregation: 2412 req/s  p99=24ms  cpu=100% (kids 0%, db 230%)  err/to/n2=0/0/0  rss=340MB
[server] adapter=prisma engine=mysql pool=10 :3307
  prisma/mysql/write: 826 req/s  p99=122ms  cpu=95% (kids 0%, db 60%)  err/to/n2=0/0/0  rss=318MB

== rep 6: sequelize on mysql ==
[server] adapter=sequelize engine=mysql pool=10 :3308
  sequelize/mysql/point_read: 2629 req/s  p99=22ms  cpu=100% (kids 0%, db 30%)  err/to/n2=0/0/0  rss=218MB
  sequelize/mysql/range_scan: 2066 req/s  p99=28ms  cpu=100% (kids 0%, db 35%)  err/to/n2=0/0/0  rss=225MB
  sequelize/mysql/deep_fetch: 867 req/s  p99=69ms  cpu=100% (kids 0%, db 30%)  err/to/n2=0/0/0  rss=256MB
  sequelize/mysql/aggregation: 3477 req/s  p99=18ms  cpu=100% (kids 0%, db 265%)  err/to/n2=0/0/0  rss=253MB
[server] adapter=sequelize engine=mysql pool=10 :3309
  sequelize/mysql/write: 1760 req/s  p99=104ms  cpu=85% (kids 0%, db 45%)  err/to/n2=0/0/0  rss=211MB

== rep 6: knex on postgres ==
[server] adapter=knex engine=postgres pool=10 :3310
  knex/postgres/point_read: 5029 req/s  p99=12ms  cpu=100% (kids 0%, db 55%)  err/to/n2=0/0/0  rss=202MB
  knex/postgres/range_scan: 3222 req/s  p99=18ms  cpu=100% (kids 0%, db 45%)  err/to/n2=0/0/0  rss=210MB
  knex/postgres/deep_fetch: 2373 req/s  p99=28ms  cpu=100% (kids 0%, db 235%)  err/to/n2=0/0/0  rss=210MB
  knex/postgres/aggregation: 5592 req/s  p99=12ms  cpu=100% (kids 0%, db 345%)  err/to/n2=0/0/0  rss=210MB
[server] adapter=knex engine=postgres pool=10 :3311
  knex/postgres/write: 4748 req/s  p99=13ms  cpu=100% (kids 0%, db 85%)  err/to/n2=0/0/0  rss=199MB

== rep 6: mikroorm on postgres ==
[server] adapter=mikroorm engine=postgres pool=10 :3312
  mikroorm/postgres/point_read: 2403 req/s  p99=26ms  cpu=100% (kids 0%, db 25%)  err/to/n2=0/0/0  rss=254MB
  mikroorm/postgres/range_scan: 901 req/s  p99=71ms  cpu=105% (kids 0%, db 10%)  err/to/n2=0/0/0  rss=311MB
  mikroorm/postgres/deep_fetch: 538 req/s  p99=103ms  cpu=110% (kids 0%, db 50%)  err/to/n2=0/0/0  rss=319MB
  mikroorm/postgres/aggregation: 5598 req/s  p99=12ms  cpu=100% (kids 0%, db 350%)  err/to/n2=0/0/0  rss=320MB
[server] adapter=mikroorm engine=postgres pool=10 :3313
  mikroorm/postgres/write: 1920 req/s  p99=31ms  cpu=105% (kids 0%, db 45%)  err/to/n2=0/0/0  rss=247MB

== rep 6: objection on postgres ==
[server] adapter=objection engine=postgres pool=10 :3314
  objection/postgres/point_read: 3938 req/s  p99=15ms  cpu=100% (kids 0%, db 40%)  err/to/n2=0/0/0  rss=204MB
  objection/postgres/range_scan: 2688 req/s  p99=21ms  cpu=100% (kids 0%, db 40%)  err/to/n2=0/0/0  rss=210MB
  objection/postgres/deep_fetch: 1055 req/s  p99=50ms  cpu=100% (kids 0%, db 50%)  err/to/n2=0/0/0  rss=211MB
  objection/postgres/aggregation: 3752 req/s  p99=16ms  cpu=100% (kids 0%, db 245%)  err/to/n2=0/0/0  rss=212MB
[server] adapter=objection engine=postgres pool=10 :3315
  objection/postgres/write: 3841 req/s  p99=16ms  cpu=100% (kids 0%, db 70%)  err/to/n2=0/0/0  rss=221MB

== rep 6: sequelize on postgres ==
[server] adapter=sequelize engine=postgres pool=10 :3316
  sequelize/postgres/point_read: 3368 req/s  p99=18ms  cpu=100% (kids 0%, db 35%)  err/to/n2=0/0/0  rss=205MB
  sequelize/postgres/range_scan: 2419 req/s  p99=23ms  cpu=100% (kids 0%, db 35%)  err/to/n2=0/0/0  rss=212MB
  sequelize/postgres/deep_fetch: 966 req/s  p99=62ms  cpu=100% (kids 0%, db 50%)  err/to/n2=0/0/0  rss=269MB
  sequelize/postgres/aggregation: 4745 req/s  p99=14ms  cpu=100% (kids 0%, db 310%)  err/to/n2=0/0/0  rss=284MB
[server] adapter=sequelize engine=postgres pool=10 :3317
  sequelize/postgres/write: 2626 req/s  p99=23ms  cpu=100% (kids 0%, db 50%)  err/to/n2=0/0/0  rss=208MB
[checkpoint] replicate 6/25 saved (90 cells)

===== replicate 7/25 (order=shuffle: prisma,mysql2,knex,prisma,pg,mikroorm,objection,sequelize,pg-tuned,objection,mysql2-tuned,drizzle,typeorm,drizzle,sequelize,knex,mikroorm,typeorm) =====

== rep 7: prisma on postgres ==
[server] adapter=prisma engine=postgres pool=10 :3318
  prisma/postgres/point_read: 3265 req/s  p99=20ms  cpu=105% (kids 0%, db 40%)  err/to/n2=0/0/0  rss=297MB
  prisma/postgres/range_scan: 2423 req/s  p99=26ms  cpu=105% (kids 0%, db 35%)  err/to/n2=0/0/0  rss=295MB
  prisma/postgres/deep_fetch: 1168 req/s  p99=52ms  cpu=110% (kids 0%, db 60%)  err/to/n2=0/0/0  rss=301MB
  prisma/postgres/aggregation: 4395 req/s  p99=14ms  cpu=100% (kids 0%, db 285%)  err/to/n2=0/0/0  rss=305MB
[server] adapter=prisma engine=postgres pool=10 :3319
  prisma/postgres/write: 2731 req/s  p99=23ms  cpu=105% (kids 0%, db 55%)  err/to/n2=0/0/0  rss=305MB

== rep 7: mysql2 on mysql ==
[server] adapter=mysql2 engine=mysql pool=10 :3320
  mysql2/mysql/point_read: 4380 req/s  p99=16ms  cpu=105% (kids 0%, db 45%)  err/to/n2=0/0/0  rss=267MB
  mysql2/mysql/range_scan: 3340 req/s  p99=20ms  cpu=105% (kids 0%, db 55%)  err/to/n2=0/0/0  rss=292MB
  mysql2/mysql/deep_fetch: 2413 req/s  p99=28ms  cpu=105% (kids 0%, db 85%)  err/to/n2=0/0/0  rss=291MB
  mysql2/mysql/aggregation: 4417 req/s  p99=16ms  cpu=102% (kids 0%, db 340%)  err/to/n2=0/0/0  rss=291MB
[server] adapter=mysql2 engine=mysql pool=10 :3321
  mysql2/mysql/write: 1289 req/s  p99=105ms  cpu=35% (kids 0%, db 35%)  err/to/n2=0/0/0  rss=248MB

== rep 7: knex on mysql ==
[server] adapter=knex engine=mysql pool=10 :3322
  knex/mysql/point_read: 3626 req/s  p99=16ms  cpu=100% (kids 0%, db 35%)  err/to/n2=0/0/0  rss=211MB
  knex/mysql/range_scan: 2795 req/s  p99=22ms  cpu=100% (kids 0%, db 45%)  err/to/n2=0/0/0  rss=230MB
  knex/mysql/deep_fetch: 1942 req/s  p99=31ms  cpu=100% (kids 0%, db 75%)  err/to/n2=0/0/0  rss=234MB
  knex/mysql/aggregation: 3787 req/s  p99=19ms  cpu=100% (kids 0%, db 290%)  err/to/n2=0/0/0  rss=235MB
[server] adapter=knex engine=mysql pool=10 :3323
  knex/mysql/write: 1345 req/s  p99=97ms  cpu=40% (kids 0%, db 35%)  err/to/n2=0/0/0  rss=203MB

== rep 7: prisma on mysql ==
[server] adapter=prisma engine=mysql pool=10 :3324
  prisma/mysql/point_read: 2043 req/s  p99=29ms  cpu=105% (kids 0%, db 45%)  err/to/n2=0/0/0  rss=314MB
  prisma/mysql/range_scan: 1536 req/s  p99=38ms  cpu=105% (kids 0%, db 45%)  err/to/n2=0/0/0  rss=329MB
  prisma/mysql/deep_fetch: 586 req/s  p99=92ms  cpu=105% (kids 0%, db 55%)  err/to/n2=0/0/0  rss=332MB
  prisma/mysql/aggregation: 2386 req/s  p99=25ms  cpu=100% (kids 0%, db 230%)  err/to/n2=0/0/0  rss=342MB
[server] adapter=prisma engine=mysql pool=10 :3325
  prisma/mysql/write: 833 req/s  p99=166ms  cpu=90% (kids 0%, db 65%)  err/to/n2=0/0/0  rss=311MB

== rep 7: pg on postgres ==
[server] adapter=pg engine=postgres pool=10 :3326
  pg/postgres/point_read: 5693 req/s  p99=11ms  cpu=95% (kids 0%, db 60%)  err/to/n2=0/0/0  rss=197MB
  pg/postgres/range_scan: 3706 req/s  p99=19ms  cpu=105% (kids 0%, db 55%)  err/to/n2=0/0/0  rss=205MB
  pg/postgres/deep_fetch: 3636 req/s  p99=20ms  cpu=100% (kids 0%, db 350%)  err/to/n2=0/0/0  rss=205MB
  pg/postgres/aggregation: 6758 req/s  p99=11ms  cpu=100% (kids 0%, db 445%)  err/to/n2=0/0/0  rss=205MB
[server] adapter=pg engine=postgres pool=10 :3327
  pg/postgres/write: 5985 req/s  p99=15ms  cpu=100% (kids 0%, db 100%)  err/to/n2=0/0/0  rss=192MB

== rep 7: mikroorm on postgres ==
[server] adapter=mikroorm engine=postgres pool=10 :3328
  mikroorm/postgres/point_read: 2461 req/s  p99=23ms  cpu=105% (kids 0%, db 25%)  err/to/n2=0/0/0  rss=268MB
  mikroorm/postgres/range_scan: 897 req/s  p99=63ms  cpu=105% (kids 0%, db 15%)  err/to/n2=0/0/0  rss=319MB
  mikroorm/postgres/deep_fetch: 513 req/s  p99=113ms  cpu=110% (kids 0%, db 50%)  err/to/n2=0/0/0  rss=328MB
  mikroorm/postgres/aggregation: 5713 req/s  p99=13ms  cpu=100% (kids 0%, db 357%)  err/to/n2=0/0/0  rss=326MB
[server] adapter=mikroorm engine=postgres pool=10 :3329
  mikroorm/postgres/write: 1847 req/s  p99=35ms  cpu=100% (kids 0%, db 45%)  err/to/n2=0/0/0  rss=229MB

== rep 7: objection on mysql ==
[server] adapter=objection engine=mysql pool=10 :3330
  objection/mysql/point_read: 3159 req/s  p99=19ms  cpu=100% (kids 0%, db 35%)  err/to/n2=0/0/0  rss=214MB
  objection/mysql/range_scan: 2585 req/s  p99=21ms  cpu=100% (kids 0%, db 40%)  err/to/n2=0/0/0  rss=220MB
  objection/mysql/deep_fetch: 816 req/s  p99=72ms  cpu=100% (kids 0%, db 45%)  err/to/n2=0/0/0  rss=221MB
  objection/mysql/aggregation: 2960 req/s  p99=22ms  cpu=100% (kids 0%, db 230%)  err/to/n2=0/0/0  rss=221MB
[server] adapter=objection engine=mysql pool=10 :3331
  objection/mysql/write: 1762 req/s  p99=130ms  cpu=60% (kids 0%, db 50%)  err/to/n2=0/0/0  rss=213MB

== rep 7: sequelize on mysql ==
[server] adapter=sequelize engine=mysql pool=10 :3332
  sequelize/mysql/point_read: 2685 req/s  p99=21ms  cpu=100% (kids 0%, db 30%)  err/to/n2=0/0/0  rss=217MB
  sequelize/mysql/range_scan: 2123 req/s  p99=27ms  cpu=100% (kids 0%, db 35%)  err/to/n2=0/0/0  rss=222MB
  sequelize/mysql/deep_fetch: 887 req/s  p99=66ms  cpu=105% (kids 0%, db 30%)  err/to/n2=0/0/0  rss=265MB
  sequelize/mysql/aggregation: 3432 req/s  p99=18ms  cpu=100% (kids 0%, db 260%)  err/to/n2=0/0/0  rss=264MB
[server] adapter=sequelize engine=mysql pool=10 :3333
  sequelize/mysql/write: 1735 req/s  p99=126ms  cpu=85% (kids 0%, db 45%)  err/to/n2=0/0/0  rss=212MB

== rep 7: pg-tuned on postgres ==
[server] adapter=pg-tuned engine=postgres pool=10 :3334
  pg-tuned/postgres/point_read: 6635 req/s  p99=10ms  cpu=100% (kids 0%, db 35%)  err/to/n2=0/0/0  rss=195MB
  pg-tuned/postgres/range_scan: 3818 req/s  p99=18ms  cpu=105% (kids 0%, db 45%)  err/to/n2=0/0/0  rss=203MB
  pg-tuned/postgres/deep_fetch: 3777 req/s  p99=17ms  cpu=100% (kids 0%, db 220%)  err/to/n2=0/0/0  rss=201MB
  pg-tuned/postgres/aggregation: 7486 req/s  p99=9ms  cpu=100% (kids 0%, db 250%)  err/to/n2=0/0/0  rss=202MB
[server] adapter=pg-tuned engine=postgres pool=10 :3335
  pg-tuned/postgres/write: 6616 req/s  p99=10ms  cpu=100% (kids 0%, db 80%)  err/to/n2=0/0/0  rss=194MB

== rep 7: objection on postgres ==
[server] adapter=objection engine=postgres pool=10 :3336
  objection/postgres/point_read: 4098 req/s  p99=14ms  cpu=100% (kids 0%, db 45%)  err/to/n2=0/0/0  rss=205MB
  objection/postgres/range_scan: 2618 req/s  p99=23ms  cpu=100% (kids 0%, db 40%)  err/to/n2=0/0/0  rss=212MB
  objection/postgres/deep_fetch: 1031 req/s  p99=56ms  cpu=100% (kids 0%, db 50%)  err/to/n2=0/0/0  rss=214MB
  objection/postgres/aggregation: 3765 req/s  p99=18ms  cpu=100% (kids 0%, db 250%)  err/to/n2=0/0/0  rss=214MB
[server] adapter=objection engine=postgres pool=10 :3337
  objection/postgres/write: 3873 req/s  p99=16ms  cpu=100% (kids 0%, db 70%)  err/to/n2=0/0/0  rss=214MB

== rep 7: mysql2-tuned on mysql ==
[server] adapter=mysql2-tuned engine=mysql pool=10 :3338
  mysql2-tuned/mysql/point_read: 4083 req/s  p99=14ms  cpu=100% (kids 0%, db 35%)  err/to/n2=0/0/0  rss=204MB
  mysql2-tuned/mysql/range_scan: 3080 req/s  p99=20ms  cpu=100% (kids 0%, db 40%)  err/to/n2=0/0/0  rss=210MB
  mysql2-tuned/mysql/deep_fetch: 2303 req/s  p99=25ms  cpu=100% (kids 0%, db 65%)  err/to/n2=0/0/0  rss=208MB
  mysql2-tuned/mysql/aggregation: 4025 req/s  p99=16ms  cpu=100% (kids 0%, db 290%)  err/to/n2=0/0/0  rss=210MB
[server] adapter=mysql2-tuned engine=mysql pool=10 :3339
  mysql2-tuned/mysql/write: 1788 req/s  p99=117ms  cpu=50% (kids 0%, db 45%)  err/to/n2=0/0/0  rss=146MB

== rep 7: drizzle on mysql ==
[server] adapter=drizzle engine=mysql pool=10 :3340
  drizzle/mysql/point_read: 2863 req/s  p99=22ms  cpu=105% (kids 0%, db 30%)  err/to/n2=0/0/0  rss=290MB
  drizzle/mysql/range_scan: 2163 req/s  p99=29ms  cpu=105% (kids 0%, db 35%)  err/to/n2=0/0/0  rss=300MB
  drizzle/mysql/deep_fetch: 1259 req/s  p99=49ms  cpu=105% (kids 0%, db 45%)  err/to/n2=0/0/0  rss=300MB
  drizzle/mysql/aggregation: 3961 req/s  p99=18ms  cpu=105% (kids 0%, db 303%)  err/to/n2=0/0/0  rss=304MB
[server] adapter=drizzle engine=mysql pool=10 :3341
  drizzle/mysql/write: 1805 req/s  p99=84ms  cpu=60% (kids 0%, db 50%)  err/to/n2=0/0/0  rss=276MB

== rep 7: typeorm on mysql ==
[server] adapter=typeorm engine=mysql pool=10 :3342
  typeorm/mysql/point_read: 3008 req/s  p99=19ms  cpu=100% (kids 0%, db 35%)  err/to/n2=0/0/0  rss=216MB
  typeorm/mysql/range_scan: 2239 req/s  p99=25ms  cpu=100% (kids 0%, db 40%)  err/to/n2=0/0/0  rss=221MB
  typeorm/mysql/deep_fetch: 995 req/s  p99=58ms  cpu=100% (kids 0%, db 70%)  err/to/n2=0/0/0  rss=225MB
  typeorm/mysql/aggregation: 3838 req/s  p99=18ms  cpu=100% (kids 0%, db 290%)  err/to/n2=0/0/0  rss=225MB
[server] adapter=typeorm engine=mysql pool=10 :3343
  typeorm/mysql/write: 1337 req/s  p99=105ms  cpu=95% (kids 0%, db 50%)  err/to/n2=0/0/0  rss=211MB

== rep 7: drizzle on postgres ==
[server] adapter=drizzle engine=postgres pool=10 :3344
  drizzle/postgres/point_read: 4095 req/s  p99=15ms  cpu=100% (kids 0%, db 50%)  err/to/n2=0/0/0  rss=243MB
  drizzle/postgres/range_scan: 2739 req/s  p99=20ms  cpu=100% (kids 0%, db 40%)  err/to/n2=0/0/0  rss=245MB
  drizzle/postgres/deep_fetch: 1831 req/s  p99=33ms  cpu=100% (kids 0%, db 180%)  err/to/n2=0/0/0  rss=245MB
  drizzle/postgres/aggregation: 6266 req/s  p99=11ms  cpu=100% (kids 0%, db 385%)  err/to/n2=0/0/0  rss=242MB
[server] adapter=drizzle engine=postgres pool=10 :3345
  drizzle/postgres/write: 4101 req/s  p99=15ms  cpu=100% (kids 0%, db 75%)  err/to/n2=0/0/0  rss=244MB

== rep 7: sequelize on postgres ==
[server] adapter=sequelize engine=postgres pool=10 :3346
  sequelize/postgres/point_read: 3577 req/s  p99=17ms  cpu=100% (kids 0%, db 35%)  err/to/n2=0/0/0  rss=207MB
  sequelize/postgres/range_scan: 2416 req/s  p99=25ms  cpu=100% (kids 0%, db 35%)  err/to/n2=0/0/0  rss=213MB
  sequelize/postgres/deep_fetch: 966 req/s  p99=61ms  cpu=100% (kids 0%, db 50%)  err/to/n2=0/0/0  rss=254MB
  sequelize/postgres/aggregation: 4823 req/s  p99=13ms  cpu=100% (kids 0%, db 317%)  err/to/n2=0/0/0  rss=256MB
[server] adapter=sequelize engine=postgres pool=10 :3347
  sequelize/postgres/write: 2665 req/s  p99=23ms  cpu=100% (kids 0%, db 55%)  err/to/n2=0/0/0  rss=207MB

== rep 7: knex on postgres ==
[server] adapter=knex engine=postgres pool=10 :3348
  knex/postgres/point_read: 4785 req/s  p99=13ms  cpu=100% (kids 0%, db 55%)  err/to/n2=0/0/0  rss=202MB
  knex/postgres/range_scan: 3152 req/s  p99=18ms  cpu=100% (kids 0%, db 45%)  err/to/n2=0/0/0  rss=209MB
  knex/postgres/deep_fetch: 2471 req/s  p99=25ms  cpu=100% (kids 0%, db 240%)  err/to/n2=0/0/0  rss=209MB
  knex/postgres/aggregation: 5551 req/s  p99=11ms  cpu=100% (kids 0%, db 340%)  err/to/n2=0/0/0  rss=209MB
[server] adapter=knex engine=postgres pool=10 :3349
  knex/postgres/write: 4435 req/s  p99=16ms  cpu=100% (kids 0%, db 80%)  err/to/n2=0/0/0  rss=200MB

== rep 7: mikroorm on mysql ==
[server] adapter=mikroorm engine=mysql pool=10 :3350
  mikroorm/mysql/point_read: 2032 req/s  p99=28ms  cpu=100% (kids 0%, db 20%)  err/to/n2=0/0/0  rss=249MB
  mikroorm/mysql/range_scan: 838 req/s  p99=73ms  cpu=100% (kids 0%, db 15%)  err/to/n2=0/0/0  rss=339MB
  mikroorm/mysql/deep_fetch: 476 req/s  p99=125ms  cpu=110% (kids 0%, db 25%)  err/to/n2=0/0/0  rss=346MB
  mikroorm/mysql/aggregation: 3672 req/s  p99=17ms  cpu=100% (kids 0%, db 280%)  err/to/n2=0/0/0  rss=347MB
[server] adapter=mikroorm engine=mysql pool=10 :3351
  mikroorm/mysql/write: 1308 req/s  p99=90ms  cpu=100% (kids 0%, db 50%)  err/to/n2=0/0/0  rss=253MB

== rep 7: typeorm on postgres ==
[server] adapter=typeorm engine=postgres pool=10 :3352
  typeorm/postgres/point_read: 4152 req/s  p99=15ms  cpu=100% (kids 0%, db 50%)  err/to/n2=0/0/0  rss=254MB
  typeorm/postgres/range_scan: 2505 req/s  p99=24ms  cpu=105% (kids 0%, db 40%)  err/to/n2=0/0/0  rss=261MB
  typeorm/postgres/deep_fetch: 1211 req/s  p99=47ms  cpu=105% (kids 0%, db 120%)  err/to/n2=0/0/0  rss=270MB
  typeorm/postgres/aggregation: 6164 req/s  p99=11ms  cpu=100% (kids 0%, db 375%)  err/to/n2=0/0/0  rss=269MB
[server] adapter=typeorm engine=postgres pool=10 :3353
  typeorm/postgres/write: 2411 req/s  p99=31ms  cpu=100% (kids 0%, db 60%)  err/to/n2=0/0/0  rss=238MB
[checkpoint] replicate 7/25 saved (90 cells)

===== replicate 8/25 (order=shuffle: pg-tuned,drizzle,typeorm,objection,prisma,knex,sequelize,mysql2-tuned,objection,knex,mikroorm,sequelize,mysql2,typeorm,pg,prisma,drizzle,mikroorm) =====

== rep 8: pg-tuned on postgres ==
[server] adapter=pg-tuned engine=postgres pool=10 :3354
  pg-tuned/postgres/point_read: 6779 req/s  p99=9ms  cpu=100% (kids 0%, db 35%)  err/to/n2=0/0/0  rss=196MB
  pg-tuned/postgres/range_scan: 3845 req/s  p99=17ms  cpu=100% (kids 0%, db 45%)  err/to/n2=0/0/0  rss=204MB
  pg-tuned/postgres/deep_fetch: 3716 req/s  p99=18ms  cpu=100% (kids 0%, db 222%)  err/to/n2=0/0/0  rss=204MB
  pg-tuned/postgres/aggregation: 7514 req/s  p99=9ms  cpu=100% (kids 0%, db 250%)  err/to/n2=0/0/0  rss=204MB
[server] adapter=pg-tuned engine=postgres pool=10 :3355
  pg-tuned/postgres/write: 5756 req/s  p99=16ms  cpu=95% (kids 0%, db 65%)  err/to/n2=0/0/0  rss=191MB

== rep 8: drizzle on mysql ==
[server] adapter=drizzle engine=mysql pool=10 :3356
  drizzle/mysql/point_read: 2611 req/s  p99=24ms  cpu=105% (kids 0%, db 30%)  err/to/n2=0/0/0  rss=287MB
  drizzle/mysql/range_scan: 2165 req/s  p99=29ms  cpu=105% (kids 0%, db 35%)  err/to/n2=0/0/0  rss=296MB
  drizzle/mysql/deep_fetch: 1248 req/s  p99=49ms  cpu=105% (kids 0%, db 45%)  err/to/n2=0/0/0  rss=298MB
  drizzle/mysql/aggregation: 4012 req/s  p99=17ms  cpu=105% (kids 0%, db 306%)  err/to/n2=0/0/0  rss=299MB
[server] adapter=drizzle engine=mysql pool=10 :3357
  drizzle/mysql/write: 1300 req/s  p99=166ms  cpu=45% (kids 0%, db 40%)  err/to/n2=0/0/0  rss=277MB

== rep 8: typeorm on mysql ==
[server] adapter=typeorm engine=mysql pool=10 :3358
  typeorm/mysql/point_read: 2951 req/s  p99=19ms  cpu=100% (kids 0%, db 35%)  err/to/n2=0/0/0  rss=216MB
  typeorm/mysql/range_scan: 2236 req/s  p99=27ms  cpu=100% (kids 0%, db 40%)  err/to/n2=0/0/0  rss=221MB
  typeorm/mysql/deep_fetch: 1014 req/s  p99=55ms  cpu=100% (kids 0%, db 70%)  err/to/n2=0/0/0  rss=225MB
  typeorm/mysql/aggregation: 3806 req/s  p99=18ms  cpu=100% (kids 0%, db 295%)  err/to/n2=0/0/0  rss=225MB
[server] adapter=typeorm engine=mysql pool=10 :3359
  typeorm/mysql/write: 962 req/s  p99=132ms  cpu=65% (kids 0%, db 35%)  err/to/n2=0/0/0  rss=212MB

== rep 8: objection on mysql ==
[server] adapter=objection engine=mysql pool=10 :3360
  objection/mysql/point_read: 3206 req/s  p99=18ms  cpu=100% (kids 0%, db 35%)  err/to/n2=0/0/0  rss=215MB
  objection/mysql/range_scan: 2625 req/s  p99=22ms  cpu=100% (kids 0%, db 50%)  err/to/n2=0/0/0  rss=221MB
  objection/mysql/deep_fetch: 856 req/s  p99=67ms  cpu=100% (kids 0%, db 45%)  err/to/n2=0/0/0  rss=222MB
  objection/mysql/aggregation: 2996 req/s  p99=21ms  cpu=100% (kids 0%, db 229%)  err/to/n2=0/0/0  rss=222MB
[server] adapter=objection engine=mysql pool=10 :3361
  objection/mysql/write: 1269 req/s  p99=159ms  cpu=45% (kids 0%, db 35%)  err/to/n2=0/0/0  rss=209MB

== rep 8: prisma on mysql ==
[server] adapter=prisma engine=mysql pool=10 :3362
  prisma/mysql/point_read: 2089 req/s  p99=30ms  cpu=105% (kids 0%, db 50%)  err/to/n2=0/0/0  rss=313MB
  prisma/mysql/range_scan: 1511 req/s  p99=39ms  cpu=105% (kids 0%, db 45%)  err/to/n2=0/0/0  rss=329MB
  prisma/mysql/deep_fetch: 626 req/s  p99=93ms  cpu=105% (kids 0%, db 65%)  err/to/n2=0/0/0  rss=335MB
  prisma/mysql/aggregation: 2392 req/s  p99=28ms  cpu=100% (kids 0%, db 229%)  err/to/n2=0/0/0  rss=342MB
[server] adapter=prisma engine=mysql pool=10 :3363
  prisma/mysql/write: 759 req/s  p99=193ms  cpu=85% (kids 0%, db 60%)  err/to/n2=0/0/0  rss=313MB

== rep 8: knex on postgres ==
[server] adapter=knex engine=postgres pool=10 :3364
  knex/postgres/point_read: 4408 req/s  p99=14ms  cpu=100% (kids 0%, db 45%)  err/to/n2=0/0/0  rss=200MB
  knex/postgres/range_scan: 3166 req/s  p99=19ms  cpu=100% (kids 0%, db 45%)  err/to/n2=0/0/0  rss=208MB
  knex/postgres/deep_fetch: 2507 req/s  p99=22ms  cpu=100% (kids 0%, db 245%)  err/to/n2=0/0/0  rss=208MB
  knex/postgres/aggregation: 5679 req/s  p99=11ms  cpu=100% (kids 0%, db 345%)  err/to/n2=0/0/0  rss=208MB
[server] adapter=knex engine=postgres pool=10 :3365
  knex/postgres/write: 4111 req/s  p99=17ms  cpu=100% (kids 0%, db 70%)  err/to/n2=0/0/0  rss=199MB

== rep 8: sequelize on mysql ==
[server] adapter=sequelize engine=mysql pool=10 :3366
  sequelize/mysql/point_read: 2685 req/s  p99=22ms  cpu=100% (kids 0%, db 30%)  err/to/n2=0/0/0  rss=217MB
  sequelize/mysql/range_scan: 2115 req/s  p99=26ms  cpu=100% (kids 0%, db 35%)  err/to/n2=0/0/0  rss=221MB
  sequelize/mysql/deep_fetch: 856 req/s  p99=67ms  cpu=100% (kids 0%, db 30%)  err/to/n2=0/0/0  rss=258MB
  sequelize/mysql/aggregation: 3393 req/s  p99=18ms  cpu=100% (kids 0%, db 255%)  err/to/n2=0/0/0  rss=260MB
[server] adapter=sequelize engine=mysql pool=10 :3367
  sequelize/mysql/write: 1772 req/s  p99=83ms  cpu=90% (kids 0%, db 45%)  err/to/n2=0/0/0  rss=211MB

== rep 8: mysql2-tuned on mysql ==
[server] adapter=mysql2-tuned engine=mysql pool=10 :3368
  mysql2-tuned/mysql/point_read: 4332 req/s  p99=13ms  cpu=100% (kids 0%, db 40%)  err/to/n2=0/0/0  rss=203MB
  mysql2-tuned/mysql/range_scan: 3327 req/s  p99=17ms  cpu=100% (kids 0%, db 45%)  err/to/n2=0/0/0  rss=209MB
  mysql2-tuned/mysql/deep_fetch: 2469 req/s  p99=22ms  cpu=100% (kids 0%, db 75%)  err/to/n2=0/0/0  rss=207MB
  mysql2-tuned/mysql/aggregation: 4407 req/s  p99=14ms  cpu=100% (kids 0%, db 310%)  err/to/n2=0/0/0  rss=207MB
[server] adapter=mysql2-tuned engine=mysql pool=10 :3369
  mysql2-tuned/mysql/write: 1814 req/s  p99=120ms  cpu=50% (kids 0%, db 45%)  err/to/n2=0/0/0  rss=145MB

== rep 8: objection on postgres ==
[server] adapter=objection engine=postgres pool=10 :3370
  objection/postgres/point_read: 3940 req/s  p99=16ms  cpu=100% (kids 0%, db 40%)  err/to/n2=0/0/0  rss=210MB
  objection/postgres/range_scan: 2578 req/s  p99=23ms  cpu=100% (kids 0%, db 40%)  err/to/n2=0/0/0  rss=214MB
  objection/postgres/deep_fetch: 1031 req/s  p99=55ms  cpu=100% (kids 0%, db 50%)  err/to/n2=0/0/0  rss=215MB
  objection/postgres/aggregation: 3690 req/s  p99=17ms  cpu=100% (kids 0%, db 245%)  err/to/n2=0/0/0  rss=216MB
[server] adapter=objection engine=postgres pool=10 :3371
  objection/postgres/write: 3421 req/s  p99=35ms  cpu=100% (kids 0%, db 65%)  err/to/n2=0/0/0  rss=212MB

== rep 8: knex on mysql ==
[server] adapter=knex engine=mysql pool=10 :3372
  knex/mysql/point_read: 3678 req/s  p99=16ms  cpu=100% (kids 0%, db 40%)  err/to/n2=0/0/0  rss=207MB
  knex/mysql/range_scan: 3018 req/s  p99=20ms  cpu=100% (kids 0%, db 50%)  err/to/n2=0/0/0  rss=221MB
  knex/mysql/deep_fetch: 2032 req/s  p99=28ms  cpu=100% (kids 0%, db 70%)  err/to/n2=0/0/0  rss=222MB
  knex/mysql/aggregation: 3749 req/s  p99=17ms  cpu=100% (kids 0%, db 275%)  err/to/n2=0/0/0  rss=225MB
[server] adapter=knex engine=mysql pool=10 :3373
  knex/mysql/write: 1439 req/s  p99=133ms  cpu=45% (kids 0%, db 40%)  err/to/n2=0/0/0  rss=201MB

== rep 8: mikroorm on postgres ==
[server] adapter=mikroorm engine=postgres pool=10 :3374
  mikroorm/postgres/point_read: 2470 req/s  p99=25ms  cpu=102% (kids 0%, db 25%)  err/to/n2=0/0/0  rss=261MB
  mikroorm/postgres/range_scan: 920 req/s  p99=58ms  cpu=105% (kids 0%, db 15%)  err/to/n2=0/0/0  rss=314MB
  mikroorm/postgres/deep_fetch: 533 req/s  p99=108ms  cpu=110% (kids 0%, db 50%)  err/to/n2=0/0/0  rss=322MB
  mikroorm/postgres/aggregation: 5691 req/s  p99=12ms  cpu=100% (kids 0%, db 355%)  err/to/n2=0/0/0  rss=320MB
[server] adapter=mikroorm engine=postgres pool=10 :3375
  mikroorm/postgres/write: 1815 req/s  p99=41ms  cpu=100% (kids 0%, db 45%)  err/to/n2=0/0/0  rss=232MB

== rep 8: sequelize on postgres ==
[server] adapter=sequelize engine=postgres pool=10 :3376
  sequelize/postgres/point_read: 3525 req/s  p99=16ms  cpu=100% (kids 0%, db 35%)  err/to/n2=0/0/0  rss=206MB
  sequelize/postgres/range_scan: 2470 req/s  p99=23ms  cpu=100% (kids 0%, db 35%)  err/to/n2=0/0/0  rss=214MB
  sequelize/postgres/deep_fetch: 966 req/s  p99=60ms  cpu=100% (kids 0%, db 50%)  err/to/n2=0/0/0  rss=249MB
  sequelize/postgres/aggregation: 4761 req/s  p99=13ms  cpu=100% (kids 0%, db 350%)  err/to/n2=0/0/0  rss=250MB
[server] adapter=sequelize engine=postgres pool=10 :3377
  sequelize/postgres/write: 2586 req/s  p99=23ms  cpu=100% (kids 0%, db 50%)  err/to/n2=0/0/0  rss=206MB

== rep 8: mysql2 on mysql ==
[server] adapter=mysql2 engine=mysql pool=10 :3378
  mysql2/mysql/point_read: 4273 req/s  p99=16ms  cpu=105% (kids 0%, db 45%)  err/to/n2=0/0/0  rss=266MB
  mysql2/mysql/range_scan: 3249 req/s  p99=21ms  cpu=105% (kids 0%, db 50%)  err/to/n2=0/0/0  rss=291MB
  mysql2/mysql/deep_fetch: 2377 req/s  p99=28ms  cpu=105% (kids 0%, db 85%)  err/to/n2=0/0/0  rss=291MB
  mysql2/mysql/aggregation: 4383 req/s  p99=17ms  cpu=100% (kids 0%, db 345%)  err/to/n2=0/0/0  rss=291MB
[server] adapter=mysql2 engine=mysql pool=10 :3379
  mysql2/mysql/write: 1825 req/s  p99=81ms  cpu=45% (kids 0%, db 50%)  err/to/n2=0/0/0  rss=249MB

== rep 8: typeorm on postgres ==
[server] adapter=typeorm engine=postgres pool=10 :3380
  typeorm/postgres/point_read: 4139 req/s  p99=14ms  cpu=100% (kids 0%, db 50%)  err/to/n2=0/0/0  rss=261MB
  typeorm/postgres/range_scan: 2593 req/s  p99=24ms  cpu=105% (kids 0%, db 40%)  err/to/n2=0/0/0  rss=267MB
  typeorm/postgres/deep_fetch: 1219 req/s  p99=52ms  cpu=105% (kids 0%, db 120%)  err/to/n2=0/0/0  rss=276MB
  typeorm/postgres/aggregation: 6100 req/s  p99=12ms  cpu=100% (kids 0%, db 375%)  err/to/n2=0/0/0  rss=276MB
[server] adapter=typeorm engine=postgres pool=10 :3381
  typeorm/postgres/write: 2595 req/s  p99=23ms  cpu=100% (kids 0%, db 65%)  err/to/n2=0/0/0  rss=219MB

== rep 8: pg on postgres ==
[server] adapter=pg engine=postgres pool=10 :3382
  pg/postgres/point_read: 6773 req/s  p99=10ms  cpu=100% (kids 0%, db 70%)  err/to/n2=0/0/0  rss=196MB
  pg/postgres/range_scan: 3838 req/s  p99=17ms  cpu=100% (kids 0%, db 55%)  err/to/n2=0/0/0  rss=203MB
  pg/postgres/deep_fetch: 3644 req/s  p99=19ms  cpu=100% (kids 0%, db 355%)  err/to/n2=0/0/0  rss=203MB
  pg/postgres/aggregation: 6639 req/s  p99=12ms  cpu=100% (kids 0%, db 443%)  err/to/n2=0/0/0  rss=202MB
[server] adapter=pg engine=postgres pool=10 :3383
  pg/postgres/write: 6311 req/s  p99=10ms  cpu=100% (kids 0%, db 110%)  err/to/n2=0/0/0  rss=194MB

== rep 8: prisma on postgres ==
[server] adapter=prisma engine=postgres pool=10 :3384
  prisma/postgres/point_read: 3154 req/s  p99=20ms  cpu=105% (kids 0%, db 40%)  err/to/n2=0/0/0  rss=300MB
  prisma/postgres/range_scan: 2412 req/s  p99=26ms  cpu=105% (kids 0%, db 40%)  err/to/n2=0/0/0  rss=301MB
  prisma/postgres/deep_fetch: 1129 req/s  p99=55ms  cpu=105% (kids 0%, db 60%)  err/to/n2=0/0/0  rss=302MB
  prisma/postgres/aggregation: 4271 req/s  p99=15ms  cpu=100% (kids 0%, db 277%)  err/to/n2=0/0/0  rss=304MB
[server] adapter=prisma engine=postgres pool=10 :3385
  prisma/postgres/write: 2675 req/s  p99=26ms  cpu=105% (kids 0%, db 55%)  err/to/n2=0/0/0  rss=308MB

== rep 8: drizzle on postgres ==
[server] adapter=drizzle engine=postgres pool=10 :3386
  drizzle/postgres/point_read: 4188 req/s  p99=14ms  cpu=100% (kids 0%, db 50%)  err/to/n2=0/0/0  rss=240MB
  drizzle/postgres/range_scan: 2681 req/s  p99=24ms  cpu=100% (kids 0%, db 40%)  err/to/n2=0/0/0  rss=240MB
  drizzle/postgres/deep_fetch: 1850 req/s  p99=34ms  cpu=100% (kids 0%, db 184%)  err/to/n2=0/0/0  rss=241MB
  drizzle/postgres/aggregation: 6620 req/s  p99=10ms  cpu=100% (kids 0%, db 400%)  err/to/n2=0/0/0  rss=236MB
[server] adapter=drizzle engine=postgres pool=10 :3387
  drizzle/postgres/write: 3605 req/s  p99=21ms  cpu=100% (kids 0%, db 65%)  err/to/n2=0/0/0  rss=240MB

== rep 8: mikroorm on mysql ==
[server] adapter=mikroorm engine=mysql pool=10 :3388
  mikroorm/mysql/point_read: 2060 req/s  p99=26ms  cpu=100% (kids 0%, db 25%)  err/to/n2=0/0/0  rss=277MB
  mikroorm/mysql/range_scan: 764 req/s  p99=76ms  cpu=100% (kids 0%, db 15%)  err/to/n2=0/0/0  rss=344MB
  mikroorm/mysql/deep_fetch: 446 req/s  p99=129ms  cpu=110% (kids 0%, db 20%)  err/to/n2=0/0/0  rss=359MB
  mikroorm/mysql/aggregation: 4013 req/s  p99=16ms  cpu=100% (kids 0%, db 310%)  err/to/n2=0/0/0  rss=348MB
[server] adapter=mikroorm engine=mysql pool=10 :3389
  mikroorm/mysql/write: 1094 req/s  p99=91ms  cpu=80% (kids 0%, db 40%)  err/to/n2=0/0/0  rss=248MB
[checkpoint] replicate 8/25 saved (90 cells)

===== replicate 9/25 (order=shuffle: mikroorm,typeorm,objection,knex,pg-tuned,sequelize,objection,prisma,prisma,mysql2-tuned,knex,drizzle,mysql2,typeorm,drizzle,pg,mikroorm,sequelize) =====

== rep 9: mikroorm on mysql ==
[server] adapter=mikroorm engine=mysql pool=10 :3390
  mikroorm/mysql/point_read: 2042 req/s  p99=27ms  cpu=100% (kids 0%, db 20%)  err/to/n2=0/0/0  rss=240MB
  mikroorm/mysql/range_scan: 857 req/s  p99=68ms  cpu=105% (kids 0%, db 15%)  err/to/n2=0/0/0  rss=340MB
  mikroorm/mysql/deep_fetch: 469 req/s  p99=123ms  cpu=110% (kids 0%, db 25%)  err/to/n2=0/0/0  rss=346MB
  mikroorm/mysql/aggregation: 4084 req/s  p99=16ms  cpu=100% (kids 0%, db 315%)  err/to/n2=0/0/0  rss=345MB
[server] adapter=mikroorm engine=mysql pool=10 :3391
  mikroorm/mysql/write: 1019 req/s  p99=103ms  cpu=75% (kids 0%, db 35%)  err/to/n2=0/0/0  rss=247MB

== rep 9: typeorm on mysql ==
[server] adapter=typeorm engine=mysql pool=10 :3392
  typeorm/mysql/point_read: 3001 req/s  p99=19ms  cpu=100% (kids 0%, db 35%)  err/to/n2=0/0/0  rss=216MB
  typeorm/mysql/range_scan: 2237 req/s  p99=25ms  cpu=100% (kids 0%, db 40%)  err/to/n2=0/0/0  rss=221MB
  typeorm/mysql/deep_fetch: 1016 req/s  p99=54ms  cpu=100% (kids 0%, db 70%)  err/to/n2=0/0/0  rss=224MB
  typeorm/mysql/aggregation: 3951 req/s  p99=15ms  cpu=100% (kids 0%, db 300%)  err/to/n2=0/0/0  rss=223MB
[server] adapter=typeorm engine=mysql pool=10 :3393
  typeorm/mysql/write: 1134 req/s  p99=134ms  cpu=80% (kids 0%, db 45%)  err/to/n2=0/0/0  rss=214MB

== rep 9: objection on postgres ==
[server] adapter=objection engine=postgres pool=10 :3394
  objection/postgres/point_read: 3871 req/s  p99=15ms  cpu=100% (kids 0%, db 37%)  err/to/n2=0/0/0  rss=210MB
  objection/postgres/range_scan: 2649 req/s  p99=21ms  cpu=100% (kids 0%, db 40%)  err/to/n2=0/0/0  rss=216MB
  objection/postgres/deep_fetch: 1042 req/s  p99=51ms  cpu=100% (kids 0%, db 50%)  err/to/n2=0/0/0  rss=217MB
  objection/postgres/aggregation: 3773 req/s  p99=15ms  cpu=100% (kids 0%, db 249%)  err/to/n2=0/0/0  rss=217MB
[server] adapter=objection engine=postgres pool=10 :3395
  objection/postgres/write: 3794 req/s  p99=16ms  cpu=100% (kids 0%, db 65%)  err/to/n2=0/0/0  rss=222MB

== rep 9: knex on mysql ==
[server] adapter=knex engine=mysql pool=10 :3396
  knex/mysql/point_read: 3498 req/s  p99=17ms  cpu=100% (kids 0%, db 35%)  err/to/n2=0/0/0  rss=208MB
  knex/mysql/range_scan: 2925 req/s  p99=22ms  cpu=100% (kids 0%, db 50%)  err/to/n2=0/0/0  rss=224MB
  knex/mysql/deep_fetch: 2036 req/s  p99=28ms  cpu=100% (kids 0%, db 75%)  err/to/n2=0/0/0  rss=228MB
  knex/mysql/aggregation: 3654 req/s  p99=18ms  cpu=100% (kids 0%, db 276%)  err/to/n2=0/0/0  rss=232MB
[server] adapter=knex engine=mysql pool=10 :3397
  knex/mysql/write: 1791 req/s  p99=81ms  cpu=55% (kids 0%, db 50%)  err/to/n2=0/0/0  rss=201MB

== rep 9: pg-tuned on postgres ==
[server] adapter=pg-tuned engine=postgres pool=10 :3398
  pg-tuned/postgres/point_read: 6805 req/s  p99=9ms  cpu=100% (kids 0%, db 35%)  err/to/n2=0/0/0  rss=196MB
  pg-tuned/postgres/range_scan: 3882 req/s  p99=17ms  cpu=105% (kids 0%, db 45%)  err/to/n2=0/0/0  rss=205MB
  pg-tuned/postgres/deep_fetch: 3843 req/s  p99=15ms  cpu=100% (kids 0%, db 225%)  err/to/n2=0/0/0  rss=204MB
  pg-tuned/postgres/aggregation: 7546 req/s  p99=9ms  cpu=100% (kids 0%, db 255%)  err/to/n2=0/0/0  rss=205MB
[server] adapter=pg-tuned engine=postgres pool=10 :3399
  pg-tuned/postgres/write: 6356 req/s  p99=11ms  cpu=100% (kids 0%, db 75%)  err/to/n2=0/0/0  rss=195MB

== rep 9: sequelize on mysql ==
[server] adapter=sequelize engine=mysql pool=10 :3400
  sequelize/mysql/point_read: 2643 req/s  p99=21ms  cpu=100% (kids 0%, db 30%)  err/to/n2=0/0/0  rss=217MB
  sequelize/mysql/range_scan: 2091 req/s  p99=26ms  cpu=100% (kids 0%, db 35%)  err/to/n2=0/0/0  rss=223MB
  sequelize/mysql/deep_fetch: 896 req/s  p99=66ms  cpu=103% (kids 0%, db 30%)  err/to/n2=0/0/0  rss=252MB
  sequelize/mysql/aggregation: 3410 req/s  p99=20ms  cpu=100% (kids 0%, db 259%)  err/to/n2=0/0/0  rss=252MB
[server] adapter=sequelize engine=mysql pool=10 :3401
  sequelize/mysql/write: 1742 req/s  p99=98ms  cpu=85% (kids 0%, db 45%)  err/to/n2=0/0/0  rss=213MB

== rep 9: objection on mysql ==
[server] adapter=objection engine=mysql pool=10 :3402
  objection/mysql/point_read: 3198 req/s  p99=18ms  cpu=100% (kids 0%, db 35%)  err/to/n2=0/0/0  rss=218MB
  objection/mysql/range_scan: 2548 req/s  p99=22ms  cpu=100% (kids 0%, db 40%)  err/to/n2=0/0/0  rss=223MB
  objection/mysql/deep_fetch: 869 req/s  p99=63ms  cpu=100% (kids 0%, db 45%)  err/to/n2=0/0/0  rss=226MB
  objection/mysql/aggregation: 2824 req/s  p99=22ms  cpu=100% (kids 0%, db 205%)  err/to/n2=0/0/0  rss=226MB
[server] adapter=objection engine=mysql pool=10 :3403
  objection/mysql/write: 1788 req/s  p99=104ms  cpu=65% (kids 0%, db 50%)  err/to/n2=0/0/0  rss=215MB

== rep 9: prisma on postgres ==
[server] adapter=prisma engine=postgres pool=10 :3404
  prisma/postgres/point_read: 3295 req/s  p99=20ms  cpu=105% (kids 0%, db 45%)  err/to/n2=0/0/0  rss=300MB
  prisma/postgres/range_scan: 2491 req/s  p99=25ms  cpu=105% (kids 0%, db 40%)  err/to/n2=0/0/0  rss=298MB
  prisma/postgres/deep_fetch: 1204 req/s  p99=50ms  cpu=105% (kids 0%, db 65%)  err/to/n2=0/0/0  rss=302MB
  prisma/postgres/aggregation: 3842 req/s  p99=16ms  cpu=100% (kids 0%, db 250%)  err/to/n2=0/0/0  rss=303MB
[server] adapter=prisma engine=postgres pool=10 :3405
  prisma/postgres/write: 2704 req/s  p99=23ms  cpu=105% (kids 0%, db 55%)  err/to/n2=0/0/0  rss=303MB

== rep 9: prisma on mysql ==
[server] adapter=prisma engine=mysql pool=10 :3406
  prisma/mysql/point_read: 1932 req/s  p99=32ms  cpu=105% (kids 0%, db 45%)  err/to/n2=0/0/0  rss=308MB
  prisma/mysql/range_scan: 1539 req/s  p99=40ms  cpu=105% (kids 0%, db 45%)  err/to/n2=0/0/0  rss=324MB
  prisma/mysql/deep_fetch: 618 req/s  p99=92ms  cpu=105% (kids 0%, db 65%)  err/to/n2=0/0/0  rss=329MB
  prisma/mysql/aggregation: 2343 req/s  p99=28ms  cpu=100% (kids 0%, db 230%)  err/to/n2=0/0/0  rss=338MB
[server] adapter=prisma engine=mysql pool=10 :3407
  prisma/mysql/write: 934 req/s  p99=106ms  cpu=100% (kids 0%, db 70%)  err/to/n2=0/0/0  rss=315MB

== rep 9: mysql2-tuned on mysql ==
[server] adapter=mysql2-tuned engine=mysql pool=10 :3408
  mysql2-tuned/mysql/point_read: 3838 req/s  p99=15ms  cpu=100% (kids 0%, db 35%)  err/to/n2=0/0/0  rss=204MB
  mysql2-tuned/mysql/range_scan: 3302 req/s  p99=17ms  cpu=100% (kids 0%, db 45%)  err/to/n2=0/0/0  rss=209MB
  mysql2-tuned/mysql/deep_fetch: 2344 req/s  p99=27ms  cpu=100% (kids 0%, db 70%)  err/to/n2=0/0/0  rss=208MB
  mysql2-tuned/mysql/aggregation: 4596 req/s  p99=13ms  cpu=100% (kids 0%, db 320%)  err/to/n2=0/0/0  rss=208MB
[server] adapter=mysql2-tuned engine=mysql pool=10 :3409
  mysql2-tuned/mysql/write: 1805 req/s  p99=120ms  cpu=50% (kids 0%, db 45%)  err/to/n2=0/0/0  rss=146MB

== rep 9: knex on postgres ==
[server] adapter=knex engine=postgres pool=10 :3410
  knex/postgres/point_read: 5003 req/s  p99=12ms  cpu=100% (kids 0%, db 55%)  err/to/n2=0/0/0  rss=201MB
  knex/postgres/range_scan: 3203 req/s  p99=19ms  cpu=100% (kids 0%, db 45%)  err/to/n2=0/0/0  rss=208MB
  knex/postgres/deep_fetch: 2316 req/s  p99=25ms  cpu=100% (kids 0%, db 225%)  err/to/n2=0/0/0  rss=208MB
  knex/postgres/aggregation: 5586 req/s  p99=11ms  cpu=100% (kids 0%, db 345%)  err/to/n2=0/0/0  rss=208MB
[server] adapter=knex engine=postgres pool=10 :3411
  knex/postgres/write: 4548 req/s  p99=17ms  cpu=100% (kids 0%, db 80%)  err/to/n2=0/0/0  rss=197MB

== rep 9: drizzle on postgres ==
[server] adapter=drizzle engine=postgres pool=10 :3412
  drizzle/postgres/point_read: 4175 req/s  p99=14ms  cpu=100% (kids 0%, db 47%)  err/to/n2=0/0/0  rss=242MB
  drizzle/postgres/range_scan: 2758 req/s  p99=21ms  cpu=100% (kids 0%, db 42%)  err/to/n2=0/0/0  rss=244MB
  drizzle/postgres/deep_fetch: 1773 req/s  p99=37ms  cpu=100% (kids 0%, db 179%)  err/to/n2=0/0/0  rss=244MB
  drizzle/postgres/aggregation: 6021 req/s  p99=11ms  cpu=100% (kids 0%, db 375%)  err/to/n2=0/0/0  rss=239MB
[server] adapter=drizzle engine=postgres pool=10 :3413
  drizzle/postgres/write: 4157 req/s  p99=14ms  cpu=100% (kids 0%, db 75%)  err/to/n2=0/0/0  rss=244MB

== rep 9: mysql2 on mysql ==
[server] adapter=mysql2 engine=mysql pool=10 :3414
  mysql2/mysql/point_read: 4354 req/s  p99=16ms  cpu=105% (kids 0%, db 45%)  err/to/n2=0/0/0  rss=267MB
  mysql2/mysql/range_scan: 3326 req/s  p99=21ms  cpu=105% (kids 0%, db 55%)  err/to/n2=0/0/0  rss=291MB
  mysql2/mysql/deep_fetch: 2451 req/s  p99=27ms  cpu=105% (kids 0%, db 90%)  err/to/n2=0/0/0  rss=291MB
  mysql2/mysql/aggregation: 3924 req/s  p99=17ms  cpu=100% (kids 0%, db 296%)  err/to/n2=0/0/0  rss=291MB
[server] adapter=mysql2 engine=mysql pool=10 :3415
  mysql2/mysql/write: 1720 req/s  p99=122ms  cpu=45% (kids 0%, db 50%)  err/to/n2=0/0/0  rss=249MB

== rep 9: typeorm on postgres ==
[server] adapter=typeorm engine=postgres pool=10 :3416
  typeorm/postgres/point_read: 4131 req/s  p99=15ms  cpu=100% (kids 0%, db 50%)  err/to/n2=0/0/0  rss=257MB
  typeorm/postgres/range_scan: 2543 req/s  p99=24ms  cpu=105% (kids 0%, db 40%)  err/to/n2=0/0/0  rss=265MB
  typeorm/postgres/deep_fetch: 1197 req/s  p99=51ms  cpu=105% (kids 0%, db 119%)  err/to/n2=0/0/0  rss=269MB
  typeorm/postgres/aggregation: 6111 req/s  p99=11ms  cpu=100% (kids 0%, db 375%)  err/to/n2=0/0/0  rss=269MB
[server] adapter=typeorm engine=postgres pool=10 :3417
  typeorm/postgres/write: 2415 req/s  p99=36ms  cpu=95% (kids 0%, db 60%)  err/to/n2=0/0/0  rss=226MB

== rep 9: drizzle on mysql ==
[server] adapter=drizzle engine=mysql pool=10 :3418
  drizzle/mysql/point_read: 2869 req/s  p99=21ms  cpu=105% (kids 0%, db 30%)  err/to/n2=0/0/0  rss=284MB
  drizzle/mysql/range_scan: 2156 req/s  p99=29ms  cpu=105% (kids 0%, db 35%)  err/to/n2=0/0/0  rss=296MB
  drizzle/mysql/deep_fetch: 1316 req/s  p99=46ms  cpu=105% (kids 0%, db 45%)  err/to/n2=0/0/0  rss=296MB
  drizzle/mysql/aggregation: 4059 req/s  p99=17ms  cpu=105% (kids 0%, db 310%)  err/to/n2=0/0/0  rss=296MB
[server] adapter=drizzle engine=mysql pool=10 :3419
  drizzle/mysql/write: 1450 req/s  p99=124ms  cpu=50% (kids 0%, db 45%)  err/to/n2=0/0/0  rss=279MB

== rep 9: pg on postgres ==
[server] adapter=pg engine=postgres pool=10 :3420
  pg/postgres/point_read: 6370 req/s  p99=10ms  cpu=95% (kids 0%, db 65%)  err/to/n2=0/0/0  rss=194MB
  pg/postgres/range_scan: 3738 req/s  p99=18ms  cpu=105% (kids 0%, db 50%)  err/to/n2=0/0/0  rss=202MB
  pg/postgres/deep_fetch: 3643 req/s  p99=19ms  cpu=100% (kids 0%, db 350%)  err/to/n2=0/0/0  rss=202MB
  pg/postgres/aggregation: 6960 req/s  p99=9ms  cpu=100% (kids 0%, db 445%)  err/to/n2=0/0/0  rss=202MB
[server] adapter=pg engine=postgres pool=10 :3421
  pg/postgres/write: 6024 req/s  p99=13ms  cpu=100% (kids 0%, db 102%)  err/to/n2=0/0/0  rss=193MB

== rep 9: mikroorm on postgres ==
[server] adapter=mikroorm engine=postgres pool=10 :3422
  mikroorm/postgres/point_read: 2444 req/s  p99=24ms  cpu=100% (kids 0%, db 25%)  err/to/n2=0/0/0  rss=291MB
  mikroorm/postgres/range_scan: 883 req/s  p99=70ms  cpu=105% (kids 0%, db 10%)  err/to/n2=0/0/0  rss=317MB
  mikroorm/postgres/deep_fetch: 529 req/s  p99=108ms  cpu=110% (kids 0%, db 50%)  err/to/n2=0/0/0  rss=326MB
  mikroorm/postgres/aggregation: 5692 req/s  p99=12ms  cpu=100% (kids 0%, db 352%)  err/to/n2=0/0/0  rss=324MB
[server] adapter=mikroorm engine=postgres pool=10 :3423
  mikroorm/postgres/write: 1948 req/s  p99=31ms  cpu=100% (kids 0%, db 50%)  err/to/n2=0/0/0  rss=238MB

== rep 9: sequelize on postgres ==
[server] adapter=sequelize engine=postgres pool=10 :3424
  sequelize/postgres/point_read: 3431 req/s  p99=21ms  cpu=100% (kids 0%, db 30%)  err/to/n2=0/0/0  rss=205MB
  sequelize/postgres/range_scan: 2377 req/s  p99=26ms  cpu=100% (kids 0%, db 35%)  err/to/n2=0/0/0  rss=214MB
  sequelize/postgres/deep_fetch: 974 req/s  p99=63ms  cpu=100% (kids 0%, db 50%)  err/to/n2=0/0/0  rss=242MB
  sequelize/postgres/aggregation: 4611 req/s  p99=15ms  cpu=100% (kids 0%, db 305%)  err/to/n2=0/0/0  rss=239MB
[server] adapter=sequelize engine=postgres pool=10 :3425
  sequelize/postgres/write: 2613 req/s  p99=23ms  cpu=100% (kids 0%, db 50%)  err/to/n2=0/0/0  rss=208MB
[checkpoint] replicate 9/25 saved (90 cells)

===== replicate 10/25 (order=shuffle: objection,mysql2-tuned,typeorm,drizzle,sequelize,pg-tuned,mikroorm,typeorm,sequelize,objection,pg,prisma,mysql2,mikroorm,knex,drizzle,prisma,knex) =====

== rep 10: objection on postgres ==
[server] adapter=objection engine=postgres pool=10 :3426
  objection/postgres/point_read: 3984 req/s  p99=16ms  cpu=100% (kids 0%, db 42%)  err/to/n2=0/0/0  rss=205MB
  objection/postgres/range_scan: 2686 req/s  p99=22ms  cpu=100% (kids 0%, db 35%)  err/to/n2=0/0/0  rss=211MB
  objection/postgres/deep_fetch: 1036 req/s  p99=58ms  cpu=100% (kids 0%, db 55%)  err/to/n2=0/0/0  rss=211MB
  objection/postgres/aggregation: 3520 req/s  p99=18ms  cpu=100% (kids 0%, db 235%)  err/to/n2=0/0/0  rss=212MB
[server] adapter=objection engine=postgres pool=10 :3427
  objection/postgres/write: 3750 req/s  p99=19ms  cpu=100% (kids 0%, db 70%)  err/to/n2=0/0/0  rss=214MB

== rep 10: mysql2-tuned on mysql ==
[server] adapter=mysql2-tuned engine=mysql pool=10 :3428
  mysql2-tuned/mysql/point_read: 4380 req/s  p99=14ms  cpu=100% (kids 0%, db 35%)  err/to/n2=0/0/0  rss=204MB
  mysql2-tuned/mysql/range_scan: 3228 req/s  p99=18ms  cpu=100% (kids 0%, db 45%)  err/to/n2=0/0/0  rss=210MB
  mysql2-tuned/mysql/deep_fetch: 2415 req/s  p99=25ms  cpu=100% (kids 0%, db 70%)  err/to/n2=0/0/0  rss=209MB
  mysql2-tuned/mysql/aggregation: 4432 req/s  p99=14ms  cpu=100% (kids 0%, db 315%)  err/to/n2=0/0/0  rss=209MB
[server] adapter=mysql2-tuned engine=mysql pool=10 :3429
  mysql2-tuned/mysql/write: 1378 req/s  p99=187ms  cpu=35% (kids 0%, db 35%)  err/to/n2=0/0/0  rss=144MB

== rep 10: typeorm on mysql ==
[server] adapter=typeorm engine=mysql pool=10 :3430
  typeorm/mysql/point_read: 2970 req/s  p99=23ms  cpu=100% (kids 0%, db 35%)  err/to/n2=0/0/0  rss=216MB
  typeorm/mysql/range_scan: 2266 req/s  p99=27ms  cpu=100% (kids 0%, db 40%)  err/to/n2=0/0/0  rss=222MB
  typeorm/mysql/deep_fetch: 1012 req/s  p99=57ms  cpu=105% (kids 0%, db 70%)  err/to/n2=0/0/0  rss=229MB
  typeorm/mysql/aggregation: 3931 req/s  p99=15ms  cpu=100% (kids 0%, db 295%)  err/to/n2=0/0/0  rss=230MB
[server] adapter=typeorm engine=mysql pool=10 :3431
  typeorm/mysql/write: 1309 req/s  p99=130ms  cpu=95% (kids 0%, db 55%)  err/to/n2=0/0/0  rss=216MB

== rep 10: drizzle on postgres ==
[server] adapter=drizzle engine=postgres pool=10 :3432
  drizzle/postgres/point_read: 3830 req/s  p99=15ms  cpu=100% (kids 0%, db 45%)  err/to/n2=0/0/0  rss=237MB
  drizzle/postgres/range_scan: 2788 req/s  p99=19ms  cpu=100% (kids 0%, db 45%)  err/to/n2=0/0/0  rss=240MB
  drizzle/postgres/deep_fetch: 1781 req/s  p99=36ms  cpu=100% (kids 0%, db 181%)  err/to/n2=0/0/0  rss=238MB
  drizzle/postgres/aggregation: 5912 req/s  p99=11ms  cpu=100% (kids 0%, db 345%)  err/to/n2=0/0/0  rss=236MB
[server] adapter=drizzle engine=postgres pool=10 :3433
  drizzle/postgres/write: 4191 req/s  p99=14ms  cpu=100% (kids 0%, db 75%)  err/to/n2=0/0/0  rss=242MB

== rep 10: sequelize on postgres ==
[server] adapter=sequelize engine=postgres pool=10 :3434
  sequelize/postgres/point_read: 3420 req/s  p99=17ms  cpu=100% (kids 0%, db 35%)  err/to/n2=0/0/0  rss=206MB
  sequelize/postgres/range_scan: 2414 req/s  p99=25ms  cpu=100% (kids 0%, db 30%)  err/to/n2=0/0/0  rss=215MB
  sequelize/postgres/deep_fetch: 988 req/s  p99=59ms  cpu=100% (kids 0%, db 50%)  err/to/n2=0/0/0  rss=244MB
  sequelize/postgres/aggregation: 4668 req/s  p99=16ms  cpu=100% (kids 0%, db 310%)  err/to/n2=0/0/0  rss=246MB
[server] adapter=sequelize engine=postgres pool=10 :3435
  sequelize/postgres/write: 2615 req/s  p99=23ms  cpu=100% (kids 0%, db 50%)  err/to/n2=0/0/0  rss=207MB

== rep 10: pg-tuned on postgres ==
[server] adapter=pg-tuned engine=postgres pool=10 :3436
  pg-tuned/postgres/point_read: 6691 req/s  p99=10ms  cpu=100% (kids 0%, db 35%)  err/to/n2=0/0/0  rss=194MB
  pg-tuned/postgres/range_scan: 3864 req/s  p99=17ms  cpu=102% (kids 0%, db 45%)  err/to/n2=0/0/0  rss=202MB
  pg-tuned/postgres/deep_fetch: 3684 req/s  p99=19ms  cpu=100% (kids 0%, db 215%)  err/to/n2=0/0/0  rss=202MB
  pg-tuned/postgres/aggregation: 7539 req/s  p99=9ms  cpu=100% (kids 0%, db 252%)  err/to/n2=0/0/0  rss=202MB
[server] adapter=pg-tuned engine=postgres pool=10 :3437
  pg-tuned/postgres/write: 6144 req/s  p99=11ms  cpu=100% (kids 0%, db 79%)  err/to/n2=0/0/0  rss=194MB

== rep 10: mikroorm on postgres ==
[server] adapter=mikroorm engine=postgres pool=10 :3438
  mikroorm/postgres/point_read: 2343 req/s  p99=25ms  cpu=100% (kids 0%, db 25%)  err/to/n2=0/0/0  rss=292MB
  mikroorm/postgres/range_scan: 887 req/s  p99=70ms  cpu=105% (kids 0%, db 15%)  err/to/n2=0/0/0  rss=313MB
  mikroorm/postgres/deep_fetch: 514 req/s  p99=110ms  cpu=110% (kids 0%, db 50%)  err/to/n2=0/0/0  rss=322MB
  mikroorm/postgres/aggregation: 5640 req/s  p99=13ms  cpu=100% (kids 0%, db 350%)  err/to/n2=0/0/0  rss=320MB
[server] adapter=mikroorm engine=postgres pool=10 :3439
  mikroorm/postgres/write: 1916 req/s  p99=31ms  cpu=105% (kids 0%, db 45%)  err/to/n2=0/0/0  rss=228MB

== rep 10: typeorm on postgres ==
[server] adapter=typeorm engine=postgres pool=10 :3440
  typeorm/postgres/point_read: 4315 req/s  p99=14ms  cpu=100% (kids 0%, db 50%)  err/to/n2=0/0/0  rss=260MB
  typeorm/postgres/range_scan: 2535 req/s  p99=24ms  cpu=105% (kids 0%, db 40%)  err/to/n2=0/0/0  rss=267MB
  typeorm/postgres/deep_fetch: 1219 req/s  p99=51ms  cpu=105% (kids 0%, db 120%)  err/to/n2=0/0/0  rss=275MB
  typeorm/postgres/aggregation: 5967 req/s  p99=11ms  cpu=100% (kids 0%, db 420%)  err/to/n2=0/0/0  rss=275MB
[server] adapter=typeorm engine=postgres pool=10 :3441
  typeorm/postgres/write: 2626 req/s  p99=23ms  cpu=100% (kids 0%, db 65%)  err/to/n2=0/0/0  rss=230MB

== rep 10: sequelize on mysql ==
[server] adapter=sequelize engine=mysql pool=10 :3442
  sequelize/mysql/point_read: 2598 req/s  p99=22ms  cpu=100% (kids 0%, db 30%)  err/to/n2=0/0/0  rss=219MB
  sequelize/mysql/range_scan: 1854 req/s  p99=29ms  cpu=100% (kids 0%, db 30%)  err/to/n2=0/0/0  rss=224MB
  sequelize/mysql/deep_fetch: 863 req/s  p99=67ms  cpu=100% (kids 0%, db 30%)  err/to/n2=0/0/0  rss=263MB
  sequelize/mysql/aggregation: 3376 req/s  p99=18ms  cpu=100% (kids 0%, db 255%)  err/to/n2=0/0/0  rss=282MB
[server] adapter=sequelize engine=mysql pool=10 :3443
  sequelize/mysql/write: 1730 req/s  p99=131ms  cpu=90% (kids 0%, db 45%)  err/to/n2=0/0/0  rss=211MB

== rep 10: objection on mysql ==
[server] adapter=objection engine=mysql pool=10 :3444
  objection/mysql/point_read: 3146 req/s  p99=18ms  cpu=100% (kids 0%, db 35%)  err/to/n2=0/0/0  rss=215MB
  objection/mysql/range_scan: 2513 req/s  p99=23ms  cpu=100% (kids 0%, db 40%)  err/to/n2=0/0/0  rss=220MB
  objection/mysql/deep_fetch: 826 req/s  p99=72ms  cpu=100% (kids 0%, db 45%)  err/to/n2=0/0/0  rss=220MB
  objection/mysql/aggregation: 3060 req/s  p99=20ms  cpu=100% (kids 0%, db 227%)  err/to/n2=0/0/0  rss=220MB
[server] adapter=objection engine=mysql pool=10 :3445
  objection/mysql/write: 1820 req/s  p99=99ms  cpu=60% (kids 0%, db 50%)  err/to/n2=0/0/0  rss=210MB

== rep 10: pg on postgres ==
[server] adapter=pg engine=postgres pool=10 :3446
  pg/postgres/point_read: 6783 req/s  p99=9ms  cpu=100% (kids 0%, db 65%)  err/to/n2=0/0/0  rss=197MB
  pg/postgres/range_scan: 3861 req/s  p99=18ms  cpu=105% (kids 0%, db 55%)  err/to/n2=0/0/0  rss=206MB
  pg/postgres/deep_fetch: 3606 req/s  p99=21ms  cpu=100% (kids 0%, db 350%)  err/to/n2=0/0/0  rss=204MB
  pg/postgres/aggregation: 6834 req/s  p99=10ms  cpu=100% (kids 0%, db 440%)  err/to/n2=0/0/0  rss=203MB
[server] adapter=pg engine=postgres pool=10 :3447
  pg/postgres/write: 6007 req/s  p99=16ms  cpu=100% (kids 0%, db 105%)  err/to/n2=0/0/0  rss=194MB

== rep 10: prisma on postgres ==
[server] adapter=prisma engine=postgres pool=10 :3448
  prisma/postgres/point_read: 3325 req/s  p99=19ms  cpu=105% (kids 0%, db 45%)  err/to/n2=0/0/0  rss=300MB
  prisma/postgres/range_scan: 2452 req/s  p99=26ms  cpu=105% (kids 0%, db 40%)  err/to/n2=0/0/0  rss=298MB
  prisma/postgres/deep_fetch: 1156 req/s  p99=52ms  cpu=105% (kids 0%, db 62%)  err/to/n2=0/0/0  rss=303MB
  prisma/postgres/aggregation: 4295 req/s  p99=15ms  cpu=100% (kids 0%, db 282%)  err/to/n2=0/0/0  rss=304MB
[server] adapter=prisma engine=postgres pool=10 :3449
  prisma/postgres/write: 2757 req/s  p99=24ms  cpu=105% (kids 0%, db 55%)  err/to/n2=0/0/0  rss=306MB

== rep 10: mysql2 on mysql ==
[server] adapter=mysql2 engine=mysql pool=10 :3450
  mysql2/mysql/point_read: 4366 req/s  p99=16ms  cpu=105% (kids 0%, db 45%)  err/to/n2=0/0/0  rss=266MB
  mysql2/mysql/range_scan: 3332 req/s  p99=20ms  cpu=105% (kids 0%, db 55%)  err/to/n2=0/0/0  rss=290MB
  mysql2/mysql/deep_fetch: 2456 req/s  p99=27ms  cpu=105% (kids 0%, db 90%)  err/to/n2=0/0/0  rss=290MB
  mysql2/mysql/aggregation: 4532 req/s  p99=15ms  cpu=105% (kids 0%, db 345%)  err/to/n2=0/0/0  rss=290MB
[server] adapter=mysql2 engine=mysql pool=10 :3451
  mysql2/mysql/write: 1412 req/s  p99=118ms  cpu=40% (kids 0%, db 40%)  err/to/n2=0/0/0  rss=251MB

== rep 10: mikroorm on mysql ==
[server] adapter=mikroorm engine=mysql pool=10 :3452
  mikroorm/mysql/point_read: 2056 req/s  p99=28ms  cpu=100% (kids 0%, db 25%)  err/to/n2=0/0/0  rss=301MB
  mikroorm/mysql/range_scan: 855 req/s  p99=73ms  cpu=105% (kids 0%, db 15%)  err/to/n2=0/0/0  rss=368MB
  mikroorm/mysql/deep_fetch: 473 req/s  p99=126ms  cpu=110% (kids 0%, db 25%)  err/to/n2=0/0/0  rss=377MB
  mikroorm/mysql/aggregation: 4027 req/s  p99=15ms  cpu=100% (kids 0%, db 305%)  err/to/n2=0/0/0  rss=374MB
[server] adapter=mikroorm engine=mysql pool=10 :3453
  mikroorm/mysql/write: 1109 req/s  p99=79ms  cpu=80% (kids 0%, db 40%)  err/to/n2=0/0/0  rss=246MB

== rep 10: knex on postgres ==
[server] adapter=knex engine=postgres pool=10 :3454
  knex/postgres/point_read: 5004 req/s  p99=12ms  cpu=100% (kids 0%, db 55%)  err/to/n2=0/0/0  rss=197MB
  knex/postgres/range_scan: 3233 req/s  p99=18ms  cpu=100% (kids 0%, db 50%)  err/to/n2=0/0/0  rss=204MB
  knex/postgres/deep_fetch: 2458 req/s  p99=27ms  cpu=100% (kids 0%, db 240%)  err/to/n2=0/0/0  rss=203MB
  knex/postgres/aggregation: 5660 req/s  p99=11ms  cpu=100% (kids 0%, db 345%)  err/to/n2=0/0/0  rss=203MB
[server] adapter=knex engine=postgres pool=10 :3455
  knex/postgres/write: 4420 req/s  p99=19ms  cpu=100% (kids 0%, db 77%)  err/to/n2=0/0/0  rss=196MB

== rep 10: drizzle on mysql ==
[server] adapter=drizzle engine=mysql pool=10 :3456
  drizzle/mysql/point_read: 2818 req/s  p99=23ms  cpu=105% (kids 0%, db 30%)  err/to/n2=0/0/0  rss=287MB
  drizzle/mysql/range_scan: 2063 req/s  p99=31ms  cpu=105% (kids 0%, db 35%)  err/to/n2=0/0/0  rss=297MB
  drizzle/mysql/deep_fetch: 1308 req/s  p99=50ms  cpu=105% (kids 0%, db 50%)  err/to/n2=0/0/0  rss=296MB
  drizzle/mysql/aggregation: 3562 req/s  p99=19ms  cpu=105% (kids 0%, db 270%)  err/to/n2=0/0/0  rss=301MB
[server] adapter=drizzle engine=mysql pool=10 :3457
  drizzle/mysql/write: 1274 req/s  p99=153ms  cpu=45% (kids 0%, db 35%)  err/to/n2=0/0/0  rss=276MB

== rep 10: prisma on mysql ==
[server] adapter=prisma engine=mysql pool=10 :3458
  prisma/mysql/point_read: 2025 req/s  p99=29ms  cpu=105% (kids 0%, db 45%)  err/to/n2=0/0/0  rss=311MB
  prisma/mysql/range_scan: 1508 req/s  p99=41ms  cpu=105% (kids 0%, db 45%)  err/to/n2=0/0/0  rss=328MB
  prisma/mysql/deep_fetch: 627 req/s  p99=92ms  cpu=105% (kids 0%, db 65%)  err/to/n2=0/0/0  rss=330MB
  prisma/mysql/aggregation: 2374 req/s  p99=27ms  cpu=100% (kids 0%, db 230%)  err/to/n2=0/0/0  rss=341MB
[server] adapter=prisma engine=mysql pool=10 :3459
  prisma/mysql/write: 918 req/s  p99=101ms  cpu=100% (kids 0%, db 70%)  err/to/n2=0/0/0  rss=316MB

== rep 10: knex on mysql ==
[server] adapter=knex engine=mysql pool=10 :3460
  knex/mysql/point_read: 3687 req/s  p99=16ms  cpu=100% (kids 0%, db 40%)  err/to/n2=0/0/0  rss=208MB
  knex/mysql/range_scan: 2829 req/s  p99=20ms  cpu=100% (kids 0%, db 45%)  err/to/n2=0/0/0  rss=223MB
  knex/mysql/deep_fetch: 2002 req/s  p99=31ms  cpu=100% (kids 0%, db 75%)  err/to/n2=0/0/0  rss=224MB
  knex/mysql/aggregation: 3969 req/s  p99=15ms  cpu=100% (kids 0%, db 295%)  err/to/n2=0/0/0  rss=226MB
[server] adapter=knex engine=mysql pool=10 :3461
  knex/mysql/write: 1796 req/s  p99=119ms  cpu=50% (kids 0%, db 50%)  err/to/n2=0/0/0  rss=202MB
[checkpoint] replicate 10/25 saved (90 cells)

===== replicate 11/25 (order=shuffle: pg,sequelize,objection,prisma,drizzle,pg-tuned,mikroorm,drizzle,mikroorm,sequelize,knex,objection,typeorm,prisma,mysql2,typeorm,mysql2-tuned,knex) =====

== rep 11: pg on postgres ==
[server] adapter=pg engine=postgres pool=10 :3462
  pg/postgres/point_read: 6528 req/s  p99=10ms  cpu=100% (kids 0%, db 65%)  err/to/n2=0/0/0  rss=195MB
  pg/postgres/range_scan: 3773 req/s  p99=18ms  cpu=105% (kids 0%, db 55%)  err/to/n2=0/0/0  rss=203MB
  pg/postgres/deep_fetch: 3623 req/s  p99=16ms  cpu=100% (kids 0%, db 345%)  err/to/n2=0/0/0  rss=203MB
  pg/postgres/aggregation: 6842 req/s  p99=9ms  cpu=100% (kids 0%, db 440%)  err/to/n2=0/0/0  rss=203MB
[server] adapter=pg engine=postgres pool=10 :3463
  pg/postgres/write: 6198 req/s  p99=10ms  cpu=100% (kids 0%, db 100%)  err/to/n2=0/0/0  rss=195MB

== rep 11: sequelize on mysql ==
[server] adapter=sequelize engine=mysql pool=10 :3464
  sequelize/mysql/point_read: 2686 req/s  p99=22ms  cpu=100% (kids 0%, db 30%)  err/to/n2=0/0/0  rss=218MB
  sequelize/mysql/range_scan: 1918 req/s  p99=28ms  cpu=100% (kids 0%, db 35%)  err/to/n2=0/0/0  rss=224MB
  sequelize/mysql/deep_fetch: 875 req/s  p99=65ms  cpu=102% (kids 0%, db 30%)  err/to/n2=0/0/0  rss=253MB
  sequelize/mysql/aggregation: 3417 req/s  p99=18ms  cpu=100% (kids 0%, db 255%)  err/to/n2=0/0/0  rss=253MB
[server] adapter=sequelize engine=mysql pool=10 :3465
  sequelize/mysql/write: 1440 req/s  p99=135ms  cpu=72% (kids 0%, db 40%)  err/to/n2=0/0/0  rss=211MB

== rep 11: objection on mysql ==
[server] adapter=objection engine=mysql pool=10 :3466
  objection/mysql/point_read: 3102 req/s  p99=19ms  cpu=100% (kids 0%, db 30%)  err/to/n2=0/0/0  rss=214MB
  objection/mysql/range_scan: 2532 req/s  p99=22ms  cpu=100% (kids 0%, db 40%)  err/to/n2=0/0/0  rss=220MB
  objection/mysql/deep_fetch: 870 req/s  p99=69ms  cpu=100% (kids 0%, db 50%)  err/to/n2=0/0/0  rss=224MB
  objection/mysql/aggregation: 3028 req/s  p99=20ms  cpu=100% (kids 0%, db 225%)  err/to/n2=0/0/0  rss=225MB
[server] adapter=objection engine=mysql pool=10 :3467
  objection/mysql/write: 1780 req/s  p99=132ms  cpu=65% (kids 0%, db 50%)  err/to/n2=0/0/0  rss=212MB

== rep 11: prisma on postgres ==
[server] adapter=prisma engine=postgres pool=10 :3468
  prisma/postgres/point_read: 3235 req/s  p99=20ms  cpu=105% (kids 0%, db 45%)  err/to/n2=0/0/0  rss=298MB
  prisma/postgres/range_scan: 2379 req/s  p99=28ms  cpu=105% (kids 0%, db 37%)  err/to/n2=0/0/0  rss=296MB
  prisma/postgres/deep_fetch: 1069 req/s  p99=56ms  cpu=105% (kids 0%, db 57%)  err/to/n2=0/0/0  rss=301MB
  prisma/postgres/aggregation: 3758 req/s  p99=16ms  cpu=100% (kids 0%, db 245%)  err/to/n2=0/0/0  rss=304MB
[server] adapter=prisma engine=postgres pool=10 :3469
  prisma/postgres/write: 2746 req/s  p99=23ms  cpu=105% (kids 0%, db 55%)  err/to/n2=0/0/0  rss=304MB

== rep 11: drizzle on postgres ==
[server] adapter=drizzle engine=postgres pool=10 :3470
  drizzle/postgres/point_read: 4183 req/s  p99=14ms  cpu=100% (kids 0%, db 47%)  err/to/n2=0/0/0  rss=236MB
  drizzle/postgres/range_scan: 2763 req/s  p99=21ms  cpu=100% (kids 0%, db 40%)  err/to/n2=0/0/0  rss=239MB
  drizzle/postgres/deep_fetch: 1825 req/s  p99=34ms  cpu=100% (kids 0%, db 180%)  err/to/n2=0/0/0  rss=239MB
  drizzle/postgres/aggregation: 6335 req/s  p99=10ms  cpu=100% (kids 0%, db 390%)  err/to/n2=0/0/0  rss=236MB
[server] adapter=drizzle engine=postgres pool=10 :3471
  drizzle/postgres/write: 4100 req/s  p99=15ms  cpu=100% (kids 0%, db 75%)  err/to/n2=0/0/0  rss=241MB

== rep 11: pg-tuned on postgres ==
[server] adapter=pg-tuned engine=postgres pool=10 :3472
  pg-tuned/postgres/point_read: 6815 req/s  p99=9ms  cpu=100% (kids 0%, db 35%)  err/to/n2=0/0/0  rss=193MB
  pg-tuned/postgres/range_scan: 3903 req/s  p99=17ms  cpu=100% (kids 0%, db 45%)  err/to/n2=0/0/0  rss=201MB
  pg-tuned/postgres/deep_fetch: 3601 req/s  p99=19ms  cpu=100% (kids 0%, db 220%)  err/to/n2=0/0/0  rss=201MB
  pg-tuned/postgres/aggregation: 7674 req/s  p99=8ms  cpu=100% (kids 0%, db 250%)  err/to/n2=0/0/0  rss=201MB
[server] adapter=pg-tuned engine=postgres pool=10 :3473
  pg-tuned/postgres/write: 5413 req/s  p99=29ms  cpu=95% (kids 0%, db 70%)  err/to/n2=0/0/0  rss=194MB

== rep 11: mikroorm on postgres ==
[server] adapter=mikroorm engine=postgres pool=10 :3474
  mikroorm/postgres/point_read: 2397 req/s  p99=24ms  cpu=100% (kids 0%, db 25%)  err/to/n2=0/0/0  rss=271MB
  mikroorm/postgres/range_scan: 908 req/s  p99=66ms  cpu=105% (kids 0%, db 15%)  err/to/n2=0/0/0  rss=314MB
  mikroorm/postgres/deep_fetch: 525 req/s  p99=115ms  cpu=110% (kids 0%, db 50%)  err/to/n2=0/0/0  rss=324MB
  mikroorm/postgres/aggregation: 5709 req/s  p99=12ms  cpu=100% (kids 0%, db 355%)  err/to/n2=0/0/0  rss=319MB
[server] adapter=mikroorm engine=postgres pool=10 :3475
  mikroorm/postgres/write: 1904 req/s  p99=31ms  cpu=105% (kids 0%, db 45%)  err/to/n2=0/0/0  rss=275MB

== rep 11: drizzle on mysql ==
[server] adapter=drizzle engine=mysql pool=10 :3476
  drizzle/mysql/point_read: 2893 req/s  p99=21ms  cpu=105% (kids 0%, db 30%)  err/to/n2=0/0/0  rss=287MB
  drizzle/mysql/range_scan: 2180 req/s  p99=29ms  cpu=105% (kids 0%, db 35%)  err/to/n2=0/0/0  rss=298MB
  drizzle/mysql/deep_fetch: 1335 req/s  p99=46ms  cpu=105% (kids 0%, db 50%)  err/to/n2=0/0/0  rss=300MB
  drizzle/mysql/aggregation: 3967 req/s  p99=17ms  cpu=105% (kids 0%, db 305%)  err/to/n2=0/0/0  rss=301MB
[server] adapter=drizzle engine=mysql pool=10 :3477
  drizzle/mysql/write: 1802 req/s  p99=112ms  cpu=60% (kids 0%, db 50%)  err/to/n2=0/0/0  rss=281MB

== rep 11: mikroorm on mysql ==
[server] adapter=mikroorm engine=mysql pool=10 :3478
  mikroorm/mysql/point_read: 1962 req/s  p99=29ms  cpu=100% (kids 0%, db 25%)  err/to/n2=0/0/0  rss=284MB
  mikroorm/mysql/range_scan: 870 req/s  p99=63ms  cpu=105% (kids 0%, db 15%)  err/to/n2=0/0/0  rss=353MB
  mikroorm/mysql/deep_fetch: 440 req/s  p99=133ms  cpu=110% (kids 0%, db 20%)  err/to/n2=0/0/0  rss=358MB
  mikroorm/mysql/aggregation: 4044 req/s  p99=15ms  cpu=100% (kids 0%, db 305%)  err/to/n2=0/0/0  rss=357MB
[server] adapter=mikroorm engine=mysql pool=10 :3479
  mikroorm/mysql/write: 1279 req/s  p99=97ms  cpu=100% (kids 0%, db 50%)  err/to/n2=0/0/0  rss=227MB

== rep 11: sequelize on postgres ==
[server] adapter=sequelize engine=postgres pool=10 :3480
  sequelize/postgres/point_read: 3406 req/s  p99=17ms  cpu=100% (kids 0%, db 35%)  err/to/n2=0/0/0  rss=206MB
  sequelize/postgres/range_scan: 2295 req/s  p99=25ms  cpu=100% (kids 0%, db 35%)  err/to/n2=0/0/0  rss=213MB
  sequelize/postgres/deep_fetch: 976 req/s  p99=62ms  cpu=100% (kids 0%, db 50%)  err/to/n2=0/0/0  rss=255MB
  sequelize/postgres/aggregation: 4719 req/s  p99=14ms  cpu=100% (kids 0%, db 310%)  err/to/n2=0/0/0  rss=255MB
[server] adapter=sequelize engine=postgres pool=10 :3481
  sequelize/postgres/write: 2633 req/s  p99=23ms  cpu=100% (kids 0%, db 50%)  err/to/n2=0/0/0  rss=209MB

== rep 11: knex on postgres ==
[server] adapter=knex engine=postgres pool=10 :3482
  knex/postgres/point_read: 4984 req/s  p99=12ms  cpu=100% (kids 0%, db 55%)  err/to/n2=0/0/0  rss=202MB
  knex/postgres/range_scan: 3147 req/s  p99=20ms  cpu=100% (kids 0%, db 45%)  err/to/n2=0/0/0  rss=211MB
  knex/postgres/deep_fetch: 2517 req/s  p99=25ms  cpu=100% (kids 0%, db 245%)  err/to/n2=0/0/0  rss=211MB
  knex/postgres/aggregation: 5692 req/s  p99=11ms  cpu=100% (kids 0%, db 350%)  err/to/n2=0/0/0  rss=211MB
[server] adapter=knex engine=postgres pool=10 :3483
  knex/postgres/write: 4595 req/s  p99=16ms  cpu=100% (kids 0%, db 80%)  err/to/n2=0/0/0  rss=196MB

== rep 11: objection on postgres ==
[server] adapter=objection engine=postgres pool=10 :3484
  objection/postgres/point_read: 3890 req/s  p99=16ms  cpu=100% (kids 0%, db 40%)  err/to/n2=0/0/0  rss=204MB
  objection/postgres/range_scan: 2683 req/s  p99=23ms  cpu=100% (kids 0%, db 35%)  err/to/n2=0/0/0  rss=210MB
  objection/postgres/deep_fetch: 1013 req/s  p99=62ms  cpu=100% (kids 0%, db 50%)  err/to/n2=0/0/0  rss=210MB
  objection/postgres/aggregation: 3829 req/s  p99=15ms  cpu=100% (kids 0%, db 250%)  err/to/n2=0/0/0  rss=210MB
[server] adapter=objection engine=postgres pool=10 :3485
  objection/postgres/write: 3716 req/s  p99=18ms  cpu=100% (kids 0%, db 70%)  err/to/n2=0/0/0  rss=215MB

== rep 11: typeorm on mysql ==
[server] adapter=typeorm engine=mysql pool=10 :3486
  typeorm/mysql/point_read: 2936 req/s  p99=19ms  cpu=100% (kids 0%, db 35%)  err/to/n2=0/0/0  rss=215MB
  typeorm/mysql/range_scan: 2263 req/s  p99=25ms  cpu=100% (kids 0%, db 35%)  err/to/n2=0/0/0  rss=221MB
  typeorm/mysql/deep_fetch: 1015 req/s  p99=55ms  cpu=100% (kids 0%, db 70%)  err/to/n2=0/0/0  rss=225MB
  typeorm/mysql/aggregation: 3784 req/s  p99=19ms  cpu=100% (kids 0%, db 290%)  err/to/n2=0/0/0  rss=225MB
[server] adapter=typeorm engine=mysql pool=10 :3487
  typeorm/mysql/write: 1210 req/s  p99=122ms  cpu=80% (kids 0%, db 45%)  err/to/n2=0/0/0  rss=213MB

== rep 11: prisma on mysql ==
[server] adapter=prisma engine=mysql pool=10 :3488
  prisma/mysql/point_read: 2052 req/s  p99=29ms  cpu=105% (kids 0%, db 50%)  err/to/n2=0/0/0  rss=310MB
  prisma/mysql/range_scan: 1587 req/s  p99=36ms  cpu=105% (kids 0%, db 45%)  err/to/n2=0/0/0  rss=329MB
  prisma/mysql/deep_fetch: 635 req/s  p99=99ms  cpu=105% (kids 0%, db 65%)  err/to/n2=0/0/0  rss=335MB
  prisma/mysql/aggregation: 2392 req/s  p99=26ms  cpu=100% (kids 0%, db 230%)  err/to/n2=0/0/0  rss=345MB
[server] adapter=prisma engine=mysql pool=10 :3489
  prisma/mysql/write: 829 req/s  p99=141ms  cpu=95% (kids 0%, db 65%)  err/to/n2=0/0/0  rss=316MB

== rep 11: mysql2 on mysql ==
[server] adapter=mysql2 engine=mysql pool=10 :3490
  mysql2/mysql/point_read: 4312 req/s  p99=16ms  cpu=105% (kids 0%, db 50%)  err/to/n2=0/0/0  rss=266MB
  mysql2/mysql/range_scan: 3357 req/s  p99=20ms  cpu=105% (kids 0%, db 55%)  err/to/n2=0/0/0  rss=289MB
  mysql2/mysql/deep_fetch: 2465 req/s  p99=26ms  cpu=105% (kids 0%, db 90%)  err/to/n2=0/0/0  rss=290MB
  mysql2/mysql/aggregation: 4385 req/s  p99=16ms  cpu=100% (kids 0%, db 340%)  err/to/n2=0/0/0  rss=291MB
[server] adapter=mysql2 engine=mysql pool=10 :3491
  mysql2/mysql/write: 1515 req/s  p99=121ms  cpu=40% (kids 0%, db 45%)  err/to/n2=0/0/0  rss=250MB

== rep 11: typeorm on postgres ==
[server] adapter=typeorm engine=postgres pool=10 :3492
  typeorm/postgres/point_read: 4106 req/s  p99=15ms  cpu=100% (kids 0%, db 50%)  err/to/n2=0/0/0  rss=257MB
  typeorm/postgres/range_scan: 2617 req/s  p99=23ms  cpu=105% (kids 0%, db 40%)  err/to/n2=0/0/0  rss=261MB
  typeorm/postgres/deep_fetch: 1232 req/s  p99=48ms  cpu=105% (kids 0%, db 120%)  err/to/n2=0/0/0  rss=268MB
  typeorm/postgres/aggregation: 6117 req/s  p99=12ms  cpu=100% (kids 0%, db 377%)  err/to/n2=0/0/0  rss=269MB
[server] adapter=typeorm engine=postgres pool=10 :3493
  typeorm/postgres/write: 2623 req/s  p99=23ms  cpu=100% (kids 0%, db 65%)  err/to/n2=0/0/0  rss=235MB

== rep 11: mysql2-tuned on mysql ==
[server] adapter=mysql2-tuned engine=mysql pool=10 :3494
  mysql2-tuned/mysql/point_read: 4419 req/s  p99=14ms  cpu=100% (kids 0%, db 35%)  err/to/n2=0/0/0  rss=205MB
  mysql2-tuned/mysql/range_scan: 3243 req/s  p99=21ms  cpu=100% (kids 0%, db 45%)  err/to/n2=0/0/0  rss=210MB
  mysql2-tuned/mysql/deep_fetch: 2475 req/s  p99=24ms  cpu=100% (kids 0%, db 70%)  err/to/n2=0/0/0  rss=210MB
  mysql2-tuned/mysql/aggregation: 4550 req/s  p99=14ms  cpu=100% (kids 0%, db 315%)  err/to/n2=0/0/0  rss=210MB
[server] adapter=mysql2-tuned engine=mysql pool=10 :3495
  mysql2-tuned/mysql/write: 1787 req/s  p99=117ms  cpu=50% (kids 0%, db 45%)  err/to/n2=0/0/0  rss=145MB

== rep 11: knex on mysql ==
[server] adapter=knex engine=mysql pool=10 :3496
  knex/mysql/point_read: 3855 req/s  p99=15ms  cpu=100% (kids 0%, db 43%)  err/to/n2=0/0/0  rss=206MB
  knex/mysql/range_scan: 3013 req/s  p99=19ms  cpu=100% (kids 0%, db 50%)  err/to/n2=0/0/0  rss=220MB
  knex/mysql/deep_fetch: 1972 req/s  p99=32ms  cpu=100% (kids 0%, db 75%)  err/to/n2=0/0/0  rss=222MB
  knex/mysql/aggregation: 3996 req/s  p99=17ms  cpu=100% (kids 0%, db 308%)  err/to/n2=0/0/0  rss=226MB
[server] adapter=knex engine=mysql pool=10 :3497
  knex/mysql/write: 1753 req/s  p99=121ms  cpu=55% (kids 0%, db 50%)  err/to/n2=0/0/0  rss=201MB
[checkpoint] replicate 11/25 saved (90 cells)

===== replicate 12/25 (order=shuffle: objection,typeorm,knex,pg-tuned,mikroorm,objection,mysql2-tuned,drizzle,mysql2,prisma,pg,mikroorm,sequelize,sequelize,knex,typeorm,prisma,drizzle) =====

== rep 12: objection on mysql ==
[server] adapter=objection engine=mysql pool=10 :3498
  objection/mysql/point_read: 3245 req/s  p99=17ms  cpu=100% (kids 0%, db 35%)  err/to/n2=0/0/0  rss=214MB
  objection/mysql/range_scan: 2575 req/s  p99=21ms  cpu=100% (kids 0%, db 40%)  err/to/n2=0/0/0  rss=220MB
  objection/mysql/deep_fetch: 845 req/s  p99=65ms  cpu=100% (kids 0%, db 50%)  err/to/n2=0/0/0  rss=221MB
  objection/mysql/aggregation: 2967 req/s  p99=21ms  cpu=100% (kids 0%, db 229%)  err/to/n2=0/0/0  rss=222MB
[server] adapter=objection engine=mysql pool=10 :3499
  objection/mysql/write: 1752 req/s  p99=94ms  cpu=60% (kids 0%, db 50%)  err/to/n2=0/0/0  rss=212MB

== rep 12: typeorm on mysql ==
[server] adapter=typeorm engine=mysql pool=10 :3500
  typeorm/mysql/point_read: 2953 req/s  p99=21ms  cpu=100% (kids 0%, db 30%)  err/to/n2=0/0/0  rss=215MB
  typeorm/mysql/range_scan: 2211 req/s  p99=26ms  cpu=100% (kids 0%, db 40%)  err/to/n2=0/0/0  rss=222MB
  typeorm/mysql/deep_fetch: 1045 req/s  p99=56ms  cpu=100% (kids 0%, db 70%)  err/to/n2=0/0/0  rss=224MB
  typeorm/mysql/aggregation: 4001 req/s  p99=15ms  cpu=100% (kids 0%, db 305%)  err/to/n2=0/0/0  rss=224MB
[server] adapter=typeorm engine=mysql pool=10 :3501
  typeorm/mysql/write: 1376 req/s  p99=93ms  cpu=90% (kids 0%, db 55%)  err/to/n2=0/0/0  rss=213MB

== rep 12: knex on mysql ==
[server] adapter=knex engine=mysql pool=10 :3502
  knex/mysql/point_read: 3652 req/s  p99=15ms  cpu=100% (kids 0%, db 40%)  err/to/n2=0/0/0  rss=205MB
  knex/mysql/range_scan: 2901 req/s  p99=21ms  cpu=100% (kids 0%, db 45%)  err/to/n2=0/0/0  rss=219MB
  knex/mysql/deep_fetch: 1975 req/s  p99=30ms  cpu=100% (kids 0%, db 70%)  err/to/n2=0/0/0  rss=220MB
  knex/mysql/aggregation: 3784 req/s  p99=19ms  cpu=100% (kids 0%, db 300%)  err/to/n2=0/0/0  rss=222MB
[server] adapter=knex engine=mysql pool=10 :3503
  knex/mysql/write: 1774 req/s  p99=98ms  cpu=55% (kids 0%, db 50%)  err/to/n2=0/0/0  rss=201MB

== rep 12: pg-tuned on postgres ==
[server] adapter=pg-tuned engine=postgres pool=10 :3504
  pg-tuned/postgres/point_read: 6691 req/s  p99=10ms  cpu=100% (kids 0%, db 35%)  err/to/n2=0/0/0  rss=195MB
  pg-tuned/postgres/range_scan: 3605 req/s  p99=19ms  cpu=100% (kids 0%, db 45%)  err/to/n2=0/0/0  rss=203MB
  pg-tuned/postgres/deep_fetch: 3736 req/s  p99=16ms  cpu=100% (kids 0%, db 215%)  err/to/n2=0/0/0  rss=203MB
  pg-tuned/postgres/aggregation: 7558 req/s  p99=8ms  cpu=100% (kids 0%, db 255%)  err/to/n2=0/0/0  rss=203MB
[server] adapter=pg-tuned engine=postgres pool=10 :3505
  pg-tuned/postgres/write: 5178 req/s  p99=12ms  cpu=100% (kids 0%, db 65%)  err/to/n2=0/0/0  rss=169MB

== rep 12: mikroorm on postgres ==
[server] adapter=mikroorm engine=postgres pool=10 :3506
  mikroorm/postgres/point_read: 2402 req/s  p99=25ms  cpu=100% (kids 0%, db 25%)  err/to/n2=0/0/0  rss=268MB
  mikroorm/postgres/range_scan: 884 req/s  p99=71ms  cpu=105% (kids 0%, db 15%)  err/to/n2=0/0/0  rss=313MB
  mikroorm/postgres/deep_fetch: 521 req/s  p99=111ms  cpu=110% (kids 0%, db 50%)  err/to/n2=0/0/0  rss=323MB
  mikroorm/postgres/aggregation: 5614 req/s  p99=12ms  cpu=100% (kids 0%, db 350%)  err/to/n2=0/0/0  rss=318MB
[server] adapter=mikroorm engine=postgres pool=10 :3507
  mikroorm/postgres/write: 1876 req/s  p99=31ms  cpu=105% (kids 0%, db 45%)  err/to/n2=0/0/0  rss=230MB

== rep 12: objection on postgres ==
[server] adapter=objection engine=postgres pool=10 :3508
  objection/postgres/point_read: 3794 req/s  p99=16ms  cpu=100% (kids 0%, db 40%)  err/to/n2=0/0/0  rss=203MB
  objection/postgres/range_scan: 2661 req/s  p99=24ms  cpu=100% (kids 0%, db 40%)  err/to/n2=0/0/0  rss=210MB
  objection/postgres/deep_fetch: 1043 req/s  p99=54ms  cpu=100% (kids 0%, db 52%)  err/to/n2=0/0/0  rss=211MB
  objection/postgres/aggregation: 3668 req/s  p99=17ms  cpu=100% (kids 0%, db 275%)  err/to/n2=0/0/0  rss=211MB
[server] adapter=objection engine=postgres pool=10 :3509
  objection/postgres/write: 3802 req/s  p99=16ms  cpu=100% (kids 0%, db 70%)  err/to/n2=0/0/0  rss=215MB

== rep 12: mysql2-tuned on mysql ==
[server] adapter=mysql2-tuned engine=mysql pool=10 :3510
  mysql2-tuned/mysql/point_read: 4001 req/s  p99=15ms  cpu=100% (kids 0%, db 35%)  err/to/n2=0/0/0  rss=201MB
  mysql2-tuned/mysql/range_scan: 3253 req/s  p99=18ms  cpu=100% (kids 0%, db 45%)  err/to/n2=0/0/0  rss=207MB
  mysql2-tuned/mysql/deep_fetch: 2503 req/s  p99=21ms  cpu=100% (kids 0%, db 70%)  err/to/n2=0/0/0  rss=208MB
  mysql2-tuned/mysql/aggregation: 4414 req/s  p99=15ms  cpu=100% (kids 0%, db 311%)  err/to/n2=0/0/0  rss=208MB
[server] adapter=mysql2-tuned engine=mysql pool=10 :3511
  mysql2-tuned/mysql/write: 1401 req/s  p99=152ms  cpu=40% (kids 0%, db 35%)  err/to/n2=0/0/0  rss=143MB

== rep 12: drizzle on postgres ==
[server] adapter=drizzle engine=postgres pool=10 :3512
  drizzle/postgres/point_read: 4069 req/s  p99=14ms  cpu=100% (kids 0%, db 45%)  err/to/n2=0/0/0  rss=236MB
  drizzle/postgres/range_scan: 2729 req/s  p99=21ms  cpu=100% (kids 0%, db 40%)  err/to/n2=0/0/0  rss=238MB
  drizzle/postgres/deep_fetch: 1813 req/s  p99=35ms  cpu=100% (kids 0%, db 184%)  err/to/n2=0/0/0  rss=239MB
  drizzle/postgres/aggregation: 6452 req/s  p99=10ms  cpu=100% (kids 0%, db 395%)  err/to/n2=0/0/0  rss=236MB
[server] adapter=drizzle engine=postgres pool=10 :3513
  drizzle/postgres/write: 3977 req/s  p99=19ms  cpu=100% (kids 0%, db 70%)  err/to/n2=0/0/0  rss=241MB

== rep 12: mysql2 on mysql ==
[server] adapter=mysql2 engine=mysql pool=10 :3514
  mysql2/mysql/point_read: 4195 req/s  p99=17ms  cpu=100% (kids 0%, db 45%)  err/to/n2=0/0/0  rss=267MB
  mysql2/mysql/range_scan: 3326 req/s  p99=20ms  cpu=105% (kids 0%, db 55%)  err/to/n2=0/0/0  rss=291MB
  mysql2/mysql/deep_fetch: 2424 req/s  p99=27ms  cpu=105% (kids 0%, db 90%)  err/to/n2=0/0/0  rss=290MB
  mysql2/mysql/aggregation: 4393 req/s  p99=16ms  cpu=100% (kids 0%, db 342%)  err/to/n2=0/0/0  rss=290MB
[server] adapter=mysql2 engine=mysql pool=10 :3515
  mysql2/mysql/write: 1387 req/s  p99=152ms  cpu=40% (kids 0%, db 40%)  err/to/n2=0/0/0  rss=252MB

== rep 12: prisma on postgres ==
[server] adapter=prisma engine=postgres pool=10 :3516
  prisma/postgres/point_read: 3223 req/s  p99=20ms  cpu=105% (kids 0%, db 40%)  err/to/n2=0/0/0  rss=300MB
  prisma/postgres/range_scan: 2378 req/s  p99=26ms  cpu=105% (kids 0%, db 35%)  err/to/n2=0/0/0  rss=298MB
  prisma/postgres/deep_fetch: 1208 req/s  p99=52ms  cpu=105% (kids 0%, db 64%)  err/to/n2=0/0/0  rss=303MB
  prisma/postgres/aggregation: 4010 req/s  p99=17ms  cpu=100% (kids 0%, db 270%)  err/to/n2=0/0/0  rss=305MB
[server] adapter=prisma engine=postgres pool=10 :3517
  prisma/postgres/write: 2643 req/s  p99=27ms  cpu=105% (kids 0%, db 55%)  err/to/n2=0/0/0  rss=304MB

== rep 12: pg on postgres ==
[server] adapter=pg engine=postgres pool=10 :3518
  pg/postgres/point_read: 6700 req/s  p99=10ms  cpu=100% (kids 0%, db 70%)  err/to/n2=0/0/0  rss=192MB
  pg/postgres/range_scan: 3799 req/s  p99=17ms  cpu=105% (kids 0%, db 50%)  err/to/n2=0/0/0  rss=200MB
  pg/postgres/deep_fetch: 3734 req/s  p99=16ms  cpu=100% (kids 0%, db 358%)  err/to/n2=0/0/0  rss=199MB
  pg/postgres/aggregation: 6885 req/s  p99=10ms  cpu=100% (kids 0%, db 450%)  err/to/n2=0/0/0  rss=199MB
[server] adapter=pg engine=postgres pool=10 :3519
  pg/postgres/write: 5974 req/s  p99=15ms  cpu=100% (kids 0%, db 105%)  err/to/n2=0/0/0  rss=194MB

== rep 12: mikroorm on mysql ==
[server] adapter=mikroorm engine=mysql pool=10 :3520
  mikroorm/mysql/point_read: 1966 req/s  p99=29ms  cpu=100% (kids 0%, db 25%)  err/to/n2=0/0/0  rss=269MB
  mikroorm/mysql/range_scan: 864 req/s  p99=63ms  cpu=105% (kids 0%, db 15%)  err/to/n2=0/0/0  rss=344MB
  mikroorm/mysql/deep_fetch: 491 req/s  p99=117ms  cpu=110% (kids 0%, db 25%)  err/to/n2=0/0/0  rss=357MB
  mikroorm/mysql/aggregation: 4094 req/s  p99=15ms  cpu=100% (kids 0%, db 310%)  err/to/n2=0/0/0  rss=347MB
[server] adapter=mikroorm engine=mysql pool=10 :3521
  mikroorm/mysql/write: 1289 req/s  p99=110ms  cpu=100% (kids 0%, db 50%)  err/to/n2=0/0/0  rss=223MB

== rep 12: sequelize on postgres ==
[server] adapter=sequelize engine=postgres pool=10 :3522
  sequelize/postgres/point_read: 3557 req/s  p99=16ms  cpu=100% (kids 0%, db 35%)  err/to/n2=0/0/0  rss=206MB
  sequelize/postgres/range_scan: 2439 req/s  p99=23ms  cpu=100% (kids 0%, db 35%)  err/to/n2=0/0/0  rss=212MB
  sequelize/postgres/deep_fetch: 980 req/s  p99=61ms  cpu=100% (kids 0%, db 50%)  err/to/n2=0/0/0  rss=249MB
  sequelize/postgres/aggregation: 4759 req/s  p99=14ms  cpu=100% (kids 0%, db 315%)  err/to/n2=0/0/0  rss=247MB
[server] adapter=sequelize engine=postgres pool=10 :3523
  sequelize/postgres/write: 2578 req/s  p99=24ms  cpu=100% (kids 0%, db 50%)  err/to/n2=0/0/0  rss=225MB

== rep 12: sequelize on mysql ==
[server] adapter=sequelize engine=mysql pool=10 :3524
  sequelize/mysql/point_read: 2385 req/s  p99=23ms  cpu=100% (kids 0%, db 25%)  err/to/n2=0/0/0  rss=217MB
  sequelize/mysql/range_scan: 2106 req/s  p99=25ms  cpu=100% (kids 0%, db 35%)  err/to/n2=0/0/0  rss=221MB
  sequelize/mysql/deep_fetch: 875 req/s  p99=67ms  cpu=100% (kids 0%, db 30%)  err/to/n2=0/0/0  rss=262MB
  sequelize/mysql/aggregation: 3434 req/s  p99=18ms  cpu=100% (kids 0%, db 260%)  err/to/n2=0/0/0  rss=262MB
[server] adapter=sequelize engine=mysql pool=10 :3525
  sequelize/mysql/write: 1711 req/s  p99=105ms  cpu=85% (kids 0%, db 45%)  err/to/n2=0/0/0  rss=210MB

== rep 12: knex on postgres ==
[server] adapter=knex engine=postgres pool=10 :3526
  knex/postgres/point_read: 4794 req/s  p99=13ms  cpu=100% (kids 0%, db 55%)  err/to/n2=0/0/0  rss=201MB
  knex/postgres/range_scan: 3124 req/s  p99=19ms  cpu=100% (kids 0%, db 45%)  err/to/n2=0/0/0  rss=209MB
  knex/postgres/deep_fetch: 2411 req/s  p99=28ms  cpu=100% (kids 0%, db 240%)  err/to/n2=0/0/0  rss=221MB
  knex/postgres/aggregation: 4828 req/s  p99=12ms  cpu=100% (kids 0%, db 295%)  err/to/n2=0/0/0  rss=222MB
[server] adapter=knex engine=postgres pool=10 :3527
  knex/postgres/write: 4623 req/s  p99=14ms  cpu=100% (kids 0%, db 83%)  err/to/n2=0/0/0  rss=204MB

== rep 12: typeorm on postgres ==
[server] adapter=typeorm engine=postgres pool=10 :3528
  typeorm/postgres/point_read: 4154 req/s  p99=14ms  cpu=100% (kids 0%, db 50%)  err/to/n2=0/0/0  rss=258MB
  typeorm/postgres/range_scan: 2489 req/s  p99=25ms  cpu=105% (kids 0%, db 40%)  err/to/n2=0/0/0  rss=263MB
  typeorm/postgres/deep_fetch: 1240 req/s  p99=48ms  cpu=105% (kids 0%, db 125%)  err/to/n2=0/0/0  rss=270MB
  typeorm/postgres/aggregation: 6109 req/s  p99=11ms  cpu=100% (kids 0%, db 375%)  err/to/n2=0/0/0  rss=270MB
[server] adapter=typeorm engine=postgres pool=10 :3529
  typeorm/postgres/write: 2441 req/s  p99=39ms  cpu=100% (kids 0%, db 65%)  err/to/n2=0/0/0  rss=233MB

== rep 12: prisma on mysql ==
[server] adapter=prisma engine=mysql pool=10 :3530
  prisma/mysql/point_read: 1810 req/s  p99=32ms  cpu=105% (kids 0%, db 45%)  err/to/n2=0/0/0  rss=307MB
  prisma/mysql/range_scan: 1462 req/s  p99=40ms  cpu=105% (kids 0%, db 45%)  err/to/n2=0/0/0  rss=323MB
  prisma/mysql/deep_fetch: 644 req/s  p99=89ms  cpu=105% (kids 0%, db 65%)  err/to/n2=0/0/0  rss=329MB
  prisma/mysql/aggregation: 2322 req/s  p99=27ms  cpu=100% (kids 0%, db 227%)  err/to/n2=0/0/0  rss=339MB
[server] adapter=prisma engine=mysql pool=10 :3531
  prisma/mysql/write: 894 req/s  p99=112ms  cpu=100% (kids 0%, db 65%)  err/to/n2=0/0/0  rss=319MB

== rep 12: drizzle on mysql ==
[server] adapter=drizzle engine=mysql pool=10 :3532
  drizzle/mysql/point_read: 2832 req/s  p99=22ms  cpu=105% (kids 0%, db 30%)  err/to/n2=0/0/0  rss=286MB
  drizzle/mysql/range_scan: 2108 req/s  p99=29ms  cpu=105% (kids 0%, db 35%)  err/to/n2=0/0/0  rss=296MB
  drizzle/mysql/deep_fetch: 1307 req/s  p99=47ms  cpu=105% (kids 0%, db 45%)  err/to/n2=0/0/0  rss=297MB
  drizzle/mysql/aggregation: 3929 req/s  p99=18ms  cpu=105% (kids 0%, db 305%)  err/to/n2=0/0/0  rss=299MB
[server] adapter=drizzle engine=mysql pool=10 :3533
  drizzle/mysql/write: 1808 req/s  p99=107ms  cpu=60% (kids 0%, db 50%)  err/to/n2=0/0/0  rss=277MB
[checkpoint] replicate 12/25 saved (90 cells)

===== replicate 13/25 (order=shuffle: mysql2-tuned,prisma,typeorm,drizzle,drizzle,typeorm,pg,knex,prisma,mikroorm,sequelize,knex,objection,mysql2,sequelize,pg-tuned,objection,mikroorm) =====

== rep 13: mysql2-tuned on mysql ==
[server] adapter=mysql2-tuned engine=mysql pool=10 :3534
  mysql2-tuned/mysql/point_read: 4214 req/s  p99=14ms  cpu=100% (kids 0%, db 35%)  err/to/n2=0/0/0  rss=204MB
  mysql2-tuned/mysql/range_scan: 3246 req/s  p99=18ms  cpu=100% (kids 0%, db 45%)  err/to/n2=0/0/0  rss=209MB
  mysql2-tuned/mysql/deep_fetch: 2423 req/s  p99=24ms  cpu=100% (kids 0%, db 75%)  err/to/n2=0/0/0  rss=208MB
  mysql2-tuned/mysql/aggregation: 4417 req/s  p99=15ms  cpu=100% (kids 0%, db 311%)  err/to/n2=0/0/0  rss=209MB
[server] adapter=mysql2-tuned engine=mysql pool=10 :3535
  mysql2-tuned/mysql/write: 1827 req/s  p99=113ms  cpu=50% (kids 0%, db 50%)  err/to/n2=0/0/0  rss=145MB

== rep 13: prisma on mysql ==
[server] adapter=prisma engine=mysql pool=10 :3536
  prisma/mysql/point_read: 1966 req/s  p99=31ms  cpu=105% (kids 0%, db 50%)  err/to/n2=0/0/0  rss=311MB
  prisma/mysql/range_scan: 1517 req/s  p99=39ms  cpu=105% (kids 0%, db 42%)  err/to/n2=0/0/0  rss=326MB
  prisma/mysql/deep_fetch: 623 req/s  p99=98ms  cpu=105% (kids 0%, db 60%)  err/to/n2=0/0/0  rss=334MB
  prisma/mysql/aggregation: 2357 req/s  p99=28ms  cpu=100% (kids 0%, db 225%)  err/to/n2=0/0/0  rss=342MB
[server] adapter=prisma engine=mysql pool=10 :3537
  prisma/mysql/write: 928 req/s  p99=97ms  cpu=100% (kids 0%, db 70%)  err/to/n2=0/0/0  rss=311MB

== rep 13: typeorm on postgres ==
[server] adapter=typeorm engine=postgres pool=10 :3538
  typeorm/postgres/point_read: 3903 req/s  p99=16ms  cpu=100% (kids 0%, db 45%)  err/to/n2=0/0/0  rss=258MB
  typeorm/postgres/range_scan: 2466 req/s  p99=26ms  cpu=105% (kids 0%, db 40%)  err/to/n2=0/0/0  rss=265MB
  typeorm/postgres/deep_fetch: 1189 req/s  p99=49ms  cpu=105% (kids 0%, db 120%)  err/to/n2=0/0/0  rss=274MB
  typeorm/postgres/aggregation: 5986 req/s  p99=12ms  cpu=100% (kids 0%, db 365%)  err/to/n2=0/0/0  rss=274MB
[server] adapter=typeorm engine=postgres pool=10 :3539
  typeorm/postgres/write: 2630 req/s  p99=23ms  cpu=100% (kids 0%, db 65%)  err/to/n2=0/0/0  rss=233MB

== rep 13: drizzle on mysql ==
[server] adapter=drizzle engine=mysql pool=10 :3540
  drizzle/mysql/point_read: 2875 req/s  p99=24ms  cpu=105% (kids 0%, db 30%)  err/to/n2=0/0/0  rss=288MB
  drizzle/mysql/range_scan: 2196 req/s  p99=28ms  cpu=105% (kids 0%, db 35%)  err/to/n2=0/0/0  rss=299MB
  drizzle/mysql/deep_fetch: 1262 req/s  p99=49ms  cpu=105% (kids 0%, db 47%)  err/to/n2=0/0/0  rss=296MB
  drizzle/mysql/aggregation: 4014 req/s  p99=17ms  cpu=105% (kids 0%, db 308%)  err/to/n2=0/0/0  rss=298MB
[server] adapter=drizzle engine=mysql pool=10 :3541
  drizzle/mysql/write: 1809 req/s  p99=124ms  cpu=60% (kids 0%, db 50%)  err/to/n2=0/0/0  rss=279MB

== rep 13: drizzle on postgres ==
[server] adapter=drizzle engine=postgres pool=10 :3542
  drizzle/postgres/point_read: 4094 req/s  p99=14ms  cpu=100% (kids 0%, db 45%)  err/to/n2=0/0/0  rss=236MB
  drizzle/postgres/range_scan: 2792 req/s  p99=19ms  cpu=100% (kids 0%, db 45%)  err/to/n2=0/0/0  rss=239MB
  drizzle/postgres/deep_fetch: 1819 req/s  p99=33ms  cpu=100% (kids 0%, db 177%)  err/to/n2=0/0/0  rss=240MB
  drizzle/postgres/aggregation: 6429 req/s  p99=10ms  cpu=100% (kids 0%, db 395%)  err/to/n2=0/0/0  rss=234MB
[server] adapter=drizzle engine=postgres pool=10 :3543
  drizzle/postgres/write: 4097 req/s  p99=15ms  cpu=100% (kids 0%, db 70%)  err/to/n2=0/0/0  rss=242MB

== rep 13: typeorm on mysql ==
[server] adapter=typeorm engine=mysql pool=10 :3544
  typeorm/mysql/point_read: 3050 req/s  p99=19ms  cpu=100% (kids 0%, db 35%)  err/to/n2=0/0/0  rss=216MB
  typeorm/mysql/range_scan: 2267 req/s  p99=24ms  cpu=100% (kids 0%, db 40%)  err/to/n2=0/0/0  rss=220MB
  typeorm/mysql/deep_fetch: 1023 req/s  p99=56ms  cpu=100% (kids 0%, db 70%)  err/to/n2=0/0/0  rss=230MB
  typeorm/mysql/aggregation: 3960 req/s  p99=15ms  cpu=100% (kids 0%, db 300%)  err/to/n2=0/0/0  rss=229MB
[server] adapter=typeorm engine=mysql pool=10 :3545
  typeorm/mysql/write: 1229 req/s  p99=108ms  cpu=80% (kids 0%, db 45%)  err/to/n2=0/0/0  rss=209MB

== rep 13: pg on postgres ==
[server] adapter=pg engine=postgres pool=10 :3546
  pg/postgres/point_read: 6606 req/s  p99=10ms  cpu=100% (kids 0%, db 65%)  err/to/n2=0/0/0  rss=196MB
  pg/postgres/range_scan: 3830 req/s  p99=17ms  cpu=105% (kids 0%, db 55%)  err/to/n2=0/0/0  rss=204MB
  pg/postgres/deep_fetch: 3565 req/s  p99=21ms  cpu=100% (kids 0%, db 347%)  err/to/n2=0/0/0  rss=203MB
  pg/postgres/aggregation: 6836 req/s  p99=9ms  cpu=100% (kids 0%, db 440%)  err/to/n2=0/0/0  rss=203MB
[server] adapter=pg engine=postgres pool=10 :3547
  pg/postgres/write: 5910 req/s  p99=15ms  cpu=100% (kids 0%, db 105%)  err/to/n2=0/0/0  rss=198MB

== rep 13: knex on postgres ==
[server] adapter=knex engine=postgres pool=10 :3548
  knex/postgres/point_read: 5012 req/s  p99=12ms  cpu=100% (kids 0%, db 55%)  err/to/n2=0/0/0  rss=200MB
  knex/postgres/range_scan: 3123 req/s  p99=19ms  cpu=100% (kids 0%, db 45%)  err/to/n2=0/0/0  rss=208MB
  knex/postgres/deep_fetch: 2450 req/s  p99=27ms  cpu=100% (kids 0%, db 242%)  err/to/n2=0/0/0  rss=208MB
  knex/postgres/aggregation: 5579 req/s  p99=13ms  cpu=100% (kids 0%, db 345%)  err/to/n2=0/0/0  rss=208MB
[server] adapter=knex engine=postgres pool=10 :3549
  knex/postgres/write: 4419 req/s  p99=18ms  cpu=95% (kids 0%, db 75%)  err/to/n2=0/0/0  rss=198MB

== rep 13: prisma on postgres ==
[server] adapter=prisma engine=postgres pool=10 :3550
  prisma/postgres/point_read: 3245 req/s  p99=20ms  cpu=105% (kids 0%, db 40%)  err/to/n2=0/0/0  rss=298MB
  prisma/postgres/range_scan: 2481 req/s  p99=25ms  cpu=105% (kids 0%, db 40%)  err/to/n2=0/0/0  rss=299MB
  prisma/postgres/deep_fetch: 1211 req/s  p99=50ms  cpu=107% (kids 0%, db 65%)  err/to/n2=0/0/0  rss=304MB
  prisma/postgres/aggregation: 4430 req/s  p99=14ms  cpu=100% (kids 0%, db 289%)  err/to/n2=0/0/0  rss=307MB
[server] adapter=prisma engine=postgres pool=10 :3551
  prisma/postgres/write: 2718 req/s  p99=25ms  cpu=105% (kids 0%, db 55%)  err/to/n2=0/0/0  rss=305MB

== rep 13: mikroorm on mysql ==
[server] adapter=mikroorm engine=mysql pool=10 :3552
  mikroorm/mysql/point_read: 1952 req/s  p99=29ms  cpu=100% (kids 0%, db 25%)  err/to/n2=0/0/0  rss=242MB
  mikroorm/mysql/range_scan: 816 req/s  p99=77ms  cpu=104% (kids 0%, db 15%)  err/to/n2=0/0/0  rss=342MB
  mikroorm/mysql/deep_fetch: 471 req/s  p99=134ms  cpu=110% (kids 0%, db 25%)  err/to/n2=0/0/0  rss=352MB
  mikroorm/mysql/aggregation: 4106 req/s  p99=15ms  cpu=100% (kids 0%, db 315%)  err/to/n2=0/0/0  rss=352MB
[server] adapter=mikroorm engine=mysql pool=10 :3553
  mikroorm/mysql/write: 1110 req/s  p99=102ms  cpu=85% (kids 0%, db 45%)  err/to/n2=0/0/0  rss=248MB

== rep 13: sequelize on postgres ==
[server] adapter=sequelize engine=postgres pool=10 :3554
  sequelize/postgres/point_read: 3471 req/s  p99=17ms  cpu=100% (kids 0%, db 35%)  err/to/n2=0/0/0  rss=203MB
  sequelize/postgres/range_scan: 2304 req/s  p99=25ms  cpu=100% (kids 0%, db 30%)  err/to/n2=0/0/0  rss=212MB
  sequelize/postgres/deep_fetch: 968 req/s  p99=70ms  cpu=100% (kids 0%, db 50%)  err/to/n2=0/0/0  rss=266MB
  sequelize/postgres/aggregation: 4796 req/s  p99=13ms  cpu=100% (kids 0%, db 310%)  err/to/n2=0/0/0  rss=269MB
[server] adapter=sequelize engine=postgres pool=10 :3555
  sequelize/postgres/write: 2587 req/s  p99=25ms  cpu=100% (kids 0%, db 55%)  err/to/n2=0/0/0  rss=209MB

== rep 13: knex on mysql ==
[server] adapter=knex engine=mysql pool=10 :3556
  knex/mysql/point_read: 3782 req/s  p99=15ms  cpu=100% (kids 0%, db 40%)  err/to/n2=0/0/0  rss=206MB
  knex/mysql/range_scan: 2946 req/s  p99=20ms  cpu=100% (kids 0%, db 50%)  err/to/n2=0/0/0  rss=221MB
  knex/mysql/deep_fetch: 2055 req/s  p99=32ms  cpu=100% (kids 0%, db 75%)  err/to/n2=0/0/0  rss=221MB
  knex/mysql/aggregation: 3960 req/s  p99=18ms  cpu=100% (kids 0%, db 305%)  err/to/n2=0/0/0  rss=224MB
[server] adapter=knex engine=mysql pool=10 :3557
  knex/mysql/write: 1785 req/s  p99=96ms  cpu=50% (kids 0%, db 50%)  err/to/n2=0/0/0  rss=201MB

== rep 13: objection on mysql ==
[server] adapter=objection engine=mysql pool=10 :3558
  objection/mysql/point_read: 2972 req/s  p99=20ms  cpu=100% (kids 0%, db 30%)  err/to/n2=0/0/0  rss=218MB
  objection/mysql/range_scan: 2543 req/s  p99=23ms  cpu=100% (kids 0%, db 40%)  err/to/n2=0/0/0  rss=224MB
  objection/mysql/deep_fetch: 863 req/s  p99=63ms  cpu=100% (kids 0%, db 45%)  err/to/n2=0/0/0  rss=224MB
  objection/mysql/aggregation: 3003 req/s  p99=21ms  cpu=100% (kids 0%, db 225%)  err/to/n2=0/0/0  rss=225MB
[server] adapter=objection engine=mysql pool=10 :3559
  objection/mysql/write: 1797 req/s  p99=81ms  cpu=65% (kids 0%, db 50%)  err/to/n2=0/0/0  rss=214MB

== rep 13: mysql2 on mysql ==
[server] adapter=mysql2 engine=mysql pool=10 :3560
  mysql2/mysql/point_read: 4349 req/s  p99=16ms  cpu=105% (kids 0%, db 45%)  err/to/n2=0/0/0  rss=267MB
  mysql2/mysql/range_scan: 3096 req/s  p99=22ms  cpu=105% (kids 0%, db 50%)  err/to/n2=0/0/0  rss=290MB
  mysql2/mysql/deep_fetch: 2440 req/s  p99=28ms  cpu=105% (kids 0%, db 90%)  err/to/n2=0/0/0  rss=290MB
  mysql2/mysql/aggregation: 4474 req/s  p99=15ms  cpu=102% (kids 0%, db 344%)  err/to/n2=0/0/0  rss=291MB
[server] adapter=mysql2 engine=mysql pool=10 :3561
  mysql2/mysql/write: 1828 req/s  p99=81ms  cpu=47% (kids 0%, db 50%)  err/to/n2=0/0/0  rss=249MB

== rep 13: sequelize on mysql ==
[server] adapter=sequelize engine=mysql pool=10 :3562
  sequelize/mysql/point_read: 2724 req/s  p99=20ms  cpu=100% (kids 0%, db 30%)  err/to/n2=0/0/0  rss=218MB
  sequelize/mysql/range_scan: 2091 req/s  p99=27ms  cpu=100% (kids 0%, db 35%)  err/to/n2=0/0/0  rss=224MB
  sequelize/mysql/deep_fetch: 875 req/s  p99=68ms  cpu=100% (kids 0%, db 30%)  err/to/n2=0/0/0  rss=260MB
  sequelize/mysql/aggregation: 3375 req/s  p99=21ms  cpu=100% (kids 0%, db 260%)  err/to/n2=0/0/0  rss=260MB
[server] adapter=sequelize engine=mysql pool=10 :3563
  sequelize/mysql/write: 1685 req/s  p99=122ms  cpu=90% (kids 0%, db 45%)  err/to/n2=0/0/0  rss=210MB

== rep 13: pg-tuned on postgres ==
[server] adapter=pg-tuned engine=postgres pool=10 :3564
  pg-tuned/postgres/point_read: 6846 req/s  p99=9ms  cpu=100% (kids 0%, db 32%)  err/to/n2=0/0/0  rss=195MB
  pg-tuned/postgres/range_scan: 3819 req/s  p99=18ms  cpu=100% (kids 0%, db 45%)  err/to/n2=0/0/0  rss=202MB
  pg-tuned/postgres/deep_fetch: 3701 req/s  p99=19ms  cpu=100% (kids 0%, db 215%)  err/to/n2=0/0/0  rss=203MB
  pg-tuned/postgres/aggregation: 7761 req/s  p99=8ms  cpu=100% (kids 0%, db 255%)  err/to/n2=0/0/0  rss=202MB
[server] adapter=pg-tuned engine=postgres pool=10 :3565
  pg-tuned/postgres/write: 6404 req/s  p99=10ms  cpu=100% (kids 0%, db 80%)  err/to/n2=0/0/0  rss=194MB

== rep 13: objection on postgres ==
[server] adapter=objection engine=postgres pool=10 :3566
  objection/postgres/point_read: 3865 req/s  p99=16ms  cpu=100% (kids 0%, db 45%)  err/to/n2=0/0/0  rss=206MB
  objection/postgres/range_scan: 2695 req/s  p99=21ms  cpu=100% (kids 0%, db 35%)  err/to/n2=0/0/0  rss=212MB
  objection/postgres/deep_fetch: 1032 req/s  p99=61ms  cpu=100% (kids 0%, db 50%)  err/to/n2=0/0/0  rss=214MB
  objection/postgres/aggregation: 3692 req/s  p99=18ms  cpu=100% (kids 0%, db 249%)  err/to/n2=0/0/0  rss=214MB
[server] adapter=objection engine=postgres pool=10 :3567
  objection/postgres/write: 3756 req/s  p99=16ms  cpu=100% (kids 0%, db 65%)  err/to/n2=0/0/0  rss=219MB

== rep 13: mikroorm on postgres ==
[server] adapter=mikroorm engine=postgres pool=10 :3568
  mikroorm/postgres/point_read: 2403 req/s  p99=25ms  cpu=100% (kids 0%, db 25%)  err/to/n2=0/0/0  rss=274MB
  mikroorm/postgres/range_scan: 904 req/s  p99=70ms  cpu=105% (kids 0%, db 10%)  err/to/n2=0/0/0  rss=317MB
  mikroorm/postgres/deep_fetch: 513 req/s  p99=110ms  cpu=110% (kids 0%, db 47%)  err/to/n2=0/0/0  rss=326MB
  mikroorm/postgres/aggregation: 5755 req/s  p99=12ms  cpu=100% (kids 0%, db 355%)  err/to/n2=0/0/0  rss=323MB
[server] adapter=mikroorm engine=postgres pool=10 :3569
  mikroorm/postgres/write: 1814 req/s  p99=33ms  cpu=105% (kids 0%, db 40%)  err/to/n2=0/0/0  rss=270MB
[checkpoint] replicate 13/25 saved (90 cells)

===== replicate 14/25 (order=shuffle: prisma,mysql2-tuned,mikroorm,drizzle,typeorm,knex,mysql2,mikroorm,knex,objection,prisma,drizzle,sequelize,typeorm,pg,objection,pg-tuned,sequelize) =====

== rep 14: prisma on postgres ==
[server] adapter=prisma engine=postgres pool=10 :3570
  prisma/postgres/point_read: 3300 req/s  p99=19ms  cpu=105% (kids 0%, db 45%)  err/to/n2=0/0/0  rss=300MB
  prisma/postgres/range_scan: 2442 req/s  p99=27ms  cpu=105% (kids 0%, db 35%)  err/to/n2=0/0/0  rss=298MB
  prisma/postgres/deep_fetch: 1159 req/s  p99=52ms  cpu=105% (kids 0%, db 60%)  err/to/n2=0/0/0  rss=300MB
  prisma/postgres/aggregation: 4326 req/s  p99=16ms  cpu=100% (kids 0%, db 285%)  err/to/n2=0/0/0  rss=301MB
[server] adapter=prisma engine=postgres pool=10 :3571
  prisma/postgres/write: 2689 req/s  p99=23ms  cpu=105% (kids 0%, db 55%)  err/to/n2=0/0/0  rss=302MB

== rep 14: mysql2-tuned on mysql ==
[server] adapter=mysql2-tuned engine=mysql pool=10 :3572
  mysql2-tuned/mysql/point_read: 4370 req/s  p99=13ms  cpu=100% (kids 0%, db 35%)  err/to/n2=0/0/0  rss=204MB
  mysql2-tuned/mysql/range_scan: 3236 req/s  p99=18ms  cpu=100% (kids 0%, db 45%)  err/to/n2=0/0/0  rss=209MB
  mysql2-tuned/mysql/deep_fetch: 2363 req/s  p99=28ms  cpu=100% (kids 0%, db 75%)  err/to/n2=0/0/0  rss=210MB
  mysql2-tuned/mysql/aggregation: 3955 req/s  p99=15ms  cpu=100% (kids 0%, db 275%)  err/to/n2=0/0/0  rss=211MB
[server] adapter=mysql2-tuned engine=mysql pool=10 :3573
  mysql2-tuned/mysql/write: 1479 req/s  p99=142ms  cpu=45% (kids 0%, db 40%)  err/to/n2=0/0/0  rss=144MB

== rep 14: mikroorm on mysql ==
[server] adapter=mikroorm engine=mysql pool=10 :3574
  mikroorm/mysql/point_read: 1970 req/s  p99=31ms  cpu=100% (kids 0%, db 25%)  err/to/n2=0/0/0  rss=252MB
  mikroorm/mysql/range_scan: 871 req/s  p99=63ms  cpu=105% (kids 0%, db 15%)  err/to/n2=0/0/0  rss=339MB
  mikroorm/mysql/deep_fetch: 473 req/s  p99=117ms  cpu=110% (kids 0%, db 25%)  err/to/n2=0/0/0  rss=347MB
  mikroorm/mysql/aggregation: 4084 req/s  p99=15ms  cpu=100% (kids 0%, db 310%)  err/to/n2=0/0/0  rss=346MB
[server] adapter=mikroorm engine=mysql pool=10 :3575
  mikroorm/mysql/write: 1032 req/s  p99=105ms  cpu=80% (kids 0%, db 40%)  err/to/n2=0/0/0  rss=247MB

== rep 14: drizzle on postgres ==
[server] adapter=drizzle engine=postgres pool=10 :3576
  drizzle/postgres/point_read: 4120 req/s  p99=14ms  cpu=100% (kids 0%, db 45%)  err/to/n2=0/0/0  rss=237MB
  drizzle/postgres/range_scan: 2819 req/s  p99=19ms  cpu=100% (kids 0%, db 40%)  err/to/n2=0/0/0  rss=239MB
  drizzle/postgres/deep_fetch: 1856 req/s  p99=30ms  cpu=100% (kids 0%, db 184%)  err/to/n2=0/0/0  rss=241MB
  drizzle/postgres/aggregation: 6427 req/s  p99=10ms  cpu=100% (kids 0%, db 392%)  err/to/n2=0/0/0  rss=235MB
[server] adapter=drizzle engine=postgres pool=10 :3577
  drizzle/postgres/write: 3929 req/s  p99=20ms  cpu=100% (kids 0%, db 70%)  err/to/n2=0/0/0  rss=243MB

== rep 14: typeorm on mysql ==
[server] adapter=typeorm engine=mysql pool=10 :3578
  typeorm/mysql/point_read: 3026 req/s  p99=20ms  cpu=100% (kids 0%, db 35%)  err/to/n2=0/0/0  rss=219MB
  typeorm/mysql/range_scan: 2278 req/s  p99=24ms  cpu=100% (kids 0%, db 40%)  err/to/n2=0/0/0  rss=224MB
  typeorm/mysql/deep_fetch: 1014 req/s  p99=57ms  cpu=100% (kids 0%, db 70%)  err/to/n2=0/0/0  rss=226MB
  typeorm/mysql/aggregation: 3609 req/s  p99=16ms  cpu=100% (kids 0%, db 265%)  err/to/n2=0/0/0  rss=226MB
[server] adapter=typeorm engine=mysql pool=10 :3579
  typeorm/mysql/write: 1049 req/s  p99=178ms  cpu=70% (kids 0%, db 40%)  err/to/n2=0/0/0  rss=217MB

== rep 14: knex on mysql ==
[server] adapter=knex engine=mysql pool=10 :3580
  knex/mysql/point_read: 3531 req/s  p99=17ms  cpu=100% (kids 0%, db 35%)  err/to/n2=0/0/0  rss=206MB
  knex/mysql/range_scan: 3051 req/s  p99=19ms  cpu=100% (kids 0%, db 50%)  err/to/n2=0/0/0  rss=221MB
  knex/mysql/deep_fetch: 2001 req/s  p99=30ms  cpu=100% (kids 0%, db 70%)  err/to/n2=0/0/0  rss=223MB
  knex/mysql/aggregation: 3986 req/s  p99=15ms  cpu=100% (kids 0%, db 300%)  err/to/n2=0/0/0  rss=225MB
[server] adapter=knex engine=mysql pool=10 :3581
  knex/mysql/write: 1345 req/s  p99=126ms  cpu=40% (kids 0%, db 40%)  err/to/n2=0/0/0  rss=202MB

== rep 14: mysql2 on mysql ==
[server] adapter=mysql2 engine=mysql pool=10 :3582
  mysql2/mysql/point_read: 4348 req/s  p99=16ms  cpu=105% (kids 0%, db 45%)  err/to/n2=0/0/0  rss=267MB
  mysql2/mysql/range_scan: 3332 req/s  p99=21ms  cpu=105% (kids 0%, db 55%)  err/to/n2=0/0/0  rss=291MB
  mysql2/mysql/deep_fetch: 2398 req/s  p99=29ms  cpu=105% (kids 0%, db 90%)  err/to/n2=0/0/0  rss=291MB
  mysql2/mysql/aggregation: 4538 req/s  p99=15ms  cpu=105% (kids 0%, db 350%)  err/to/n2=0/0/0  rss=291MB
[server] adapter=mysql2 engine=mysql pool=10 :3583
  mysql2/mysql/write: 1403 req/s  p99=122ms  cpu=35% (kids 0%, db 40%)  err/to/n2=0/0/0  rss=249MB

== rep 14: mikroorm on postgres ==
[server] adapter=mikroorm engine=postgres pool=10 :3584
  mikroorm/postgres/point_read: 2332 req/s  p99=27ms  cpu=100% (kids 0%, db 25%)  err/to/n2=0/0/0  rss=280MB
  mikroorm/postgres/range_scan: 907 req/s  p99=64ms  cpu=105% (kids 0%, db 10%)  err/to/n2=0/0/0  rss=322MB
  mikroorm/postgres/deep_fetch: 529 req/s  p99=106ms  cpu=110% (kids 0%, db 50%)  err/to/n2=0/0/0  rss=330MB
  mikroorm/postgres/aggregation: 5747 req/s  p99=12ms  cpu=100% (kids 0%, db 355%)  err/to/n2=0/0/0  rss=327MB
[server] adapter=mikroorm engine=postgres pool=10 :3585
  mikroorm/postgres/write: 1813 req/s  p99=39ms  cpu=100% (kids 0%, db 40%)  err/to/n2=0/0/0  rss=242MB

== rep 14: knex on postgres ==
[server] adapter=knex engine=postgres pool=10 :3586
  knex/postgres/point_read: 4415 req/s  p99=14ms  cpu=100% (kids 0%, db 50%)  err/to/n2=0/0/0  rss=199MB
  knex/postgres/range_scan: 3198 req/s  p99=18ms  cpu=100% (kids 0%, db 45%)  err/to/n2=0/0/0  rss=206MB
  knex/postgres/deep_fetch: 2420 req/s  p99=28ms  cpu=100% (kids 0%, db 240%)  err/to/n2=0/0/0  rss=206MB
  knex/postgres/aggregation: 4975 req/s  p99=13ms  cpu=100% (kids 0%, db 340%)  err/to/n2=0/0/0  rss=206MB
[server] adapter=knex engine=postgres pool=10 :3587
  knex/postgres/write: 4641 req/s  p99=13ms  cpu=100% (kids 0%, db 80%)  err/to/n2=0/0/0  rss=197MB

== rep 14: objection on postgres ==
[server] adapter=objection engine=postgres pool=10 :3588
  objection/postgres/point_read: 3708 req/s  p99=16ms  cpu=100% (kids 0%, db 40%)  err/to/n2=0/0/0  rss=206MB
  objection/postgres/range_scan: 2580 req/s  p99=24ms  cpu=100% (kids 0%, db 40%)  err/to/n2=0/0/0  rss=211MB
  objection/postgres/deep_fetch: 1037 req/s  p99=53ms  cpu=100% (kids 0%, db 50%)  err/to/n2=0/0/0  rss=212MB
  objection/postgres/aggregation: 3813 req/s  p99=17ms  cpu=100% (kids 0%, db 255%)  err/to/n2=0/0/0  rss=214MB
[server] adapter=objection engine=postgres pool=10 :3589
  objection/postgres/write: 3913 req/s  p99=15ms  cpu=100% (kids 0%, db 70%)  err/to/n2=0/0/0  rss=217MB

== rep 14: prisma on mysql ==
[server] adapter=prisma engine=mysql pool=10 :3590
  prisma/mysql/point_read: 1957 req/s  p99=32ms  cpu=105% (kids 0%, db 45%)  err/to/n2=0/0/0  rss=309MB
  prisma/mysql/range_scan: 1531 req/s  p99=40ms  cpu=105% (kids 0%, db 45%)  err/to/n2=0/0/0  rss=327MB
  prisma/mysql/deep_fetch: 637 req/s  p99=94ms  cpu=105% (kids 0%, db 65%)  err/to/n2=0/0/0  rss=332MB
  prisma/mysql/aggregation: 2374 req/s  p99=26ms  cpu=100% (kids 0%, db 225%)  err/to/n2=0/0/0  rss=341MB
[server] adapter=prisma engine=mysql pool=10 :3591
  prisma/mysql/write: 941 req/s  p99=93ms  cpu=100% (kids 0%, db 70%)  err/to/n2=0/0/0  rss=313MB

== rep 14: drizzle on mysql ==
[server] adapter=drizzle engine=mysql pool=10 :3592
  drizzle/mysql/point_read: 2913 req/s  p99=21ms  cpu=105% (kids 0%, db 35%)  err/to/n2=0/0/0  rss=286MB
  drizzle/mysql/range_scan: 2179 req/s  p99=28ms  cpu=105% (kids 0%, db 35%)  err/to/n2=0/0/0  rss=297MB
  drizzle/mysql/deep_fetch: 1318 req/s  p99=46ms  cpu=105% (kids 0%, db 50%)  err/to/n2=0/0/0  rss=297MB
  drizzle/mysql/aggregation: 3768 req/s  p99=18ms  cpu=105% (kids 0%, db 274%)  err/to/n2=0/0/0  rss=300MB
[server] adapter=drizzle engine=mysql pool=10 :3593
  drizzle/mysql/write: 1816 req/s  p99=86ms  cpu=65% (kids 0%, db 50%)  err/to/n2=0/0/0  rss=277MB

== rep 14: sequelize on mysql ==
[server] adapter=sequelize engine=mysql pool=10 :3594
  sequelize/mysql/point_read: 2645 req/s  p99=21ms  cpu=100% (kids 0%, db 30%)  err/to/n2=0/0/0  rss=218MB
  sequelize/mysql/range_scan: 2116 req/s  p99=26ms  cpu=100% (kids 0%, db 40%)  err/to/n2=0/0/0  rss=224MB
  sequelize/mysql/deep_fetch: 857 req/s  p99=69ms  cpu=100% (kids 0%, db 30%)  err/to/n2=0/0/0  rss=263MB
  sequelize/mysql/aggregation: 3434 req/s  p99=19ms  cpu=100% (kids 0%, db 265%)  err/to/n2=0/0/0  rss=258MB
[server] adapter=sequelize engine=mysql pool=10 :3595
  sequelize/mysql/write: 1718 req/s  p99=96ms  cpu=90% (kids 0%, db 45%)  err/to/n2=0/0/0  rss=213MB

== rep 14: typeorm on postgres ==
[server] adapter=typeorm engine=postgres pool=10 :3596
  typeorm/postgres/point_read: 4164 req/s  p99=15ms  cpu=100% (kids 0%, db 50%)  err/to/n2=0/0/0  rss=272MB
  typeorm/postgres/range_scan: 2550 req/s  p99=23ms  cpu=105% (kids 0%, db 35%)  err/to/n2=0/0/0  rss=275MB
  typeorm/postgres/deep_fetch: 1136 req/s  p99=52ms  cpu=105% (kids 0%, db 114%)  err/to/n2=0/0/0  rss=284MB
  typeorm/postgres/aggregation: 5994 req/s  p99=13ms  cpu=100% (kids 0%, db 370%)  err/to/n2=0/0/0  rss=281MB
[server] adapter=typeorm engine=postgres pool=10 :3597
  typeorm/postgres/write: 2529 req/s  p99=24ms  cpu=100% (kids 0%, db 65%)  err/to/n2=0/0/0  rss=233MB

== rep 14: pg on postgres ==
[server] adapter=pg engine=postgres pool=10 :3598
  pg/postgres/point_read: 6517 req/s  p99=10ms  cpu=100% (kids 0%, db 70%)  err/to/n2=0/0/0  rss=193MB
  pg/postgres/range_scan: 3748 req/s  p99=18ms  cpu=105% (kids 0%, db 50%)  err/to/n2=0/0/0  rss=201MB
  pg/postgres/deep_fetch: 3702 req/s  p99=16ms  cpu=100% (kids 0%, db 350%)  err/to/n2=0/0/0  rss=200MB
  pg/postgres/aggregation: 6538 req/s  p99=11ms  cpu=100% (kids 0%, db 433%)  err/to/n2=0/0/0  rss=200MB
[server] adapter=pg engine=postgres pool=10 :3599
  pg/postgres/write: 6253 req/s  p99=11ms  cpu=100% (kids 0%, db 110%)  err/to/n2=0/0/0  rss=196MB

== rep 14: objection on mysql ==
[server] adapter=objection engine=mysql pool=10 :3600
  objection/mysql/point_read: 3079 req/s  p99=19ms  cpu=100% (kids 0%, db 35%)  err/to/n2=0/0/0  rss=217MB
  objection/mysql/range_scan: 2560 req/s  p99=25ms  cpu=100% (kids 0%, db 40%)  err/to/n2=0/0/0  rss=223MB
  objection/mysql/deep_fetch: 835 req/s  p99=71ms  cpu=100% (kids 0%, db 45%)  err/to/n2=0/0/0  rss=224MB
  objection/mysql/aggregation: 3046 req/s  p99=19ms  cpu=100% (kids 0%, db 230%)  err/to/n2=0/0/0  rss=224MB
[server] adapter=objection engine=mysql pool=10 :3601
  objection/mysql/write: 1726 req/s  p99=118ms  cpu=60% (kids 0%, db 50%)  err/to/n2=0/0/0  rss=207MB

== rep 14: pg-tuned on postgres ==
[server] adapter=pg-tuned engine=postgres pool=10 :3602
  pg-tuned/postgres/point_read: 6073 req/s  p99=11ms  cpu=100% (kids 0%, db 30%)  err/to/n2=0/0/0  rss=196MB
  pg-tuned/postgres/range_scan: 3858 req/s  p99=17ms  cpu=100% (kids 0%, db 45%)  err/to/n2=0/0/0  rss=203MB
  pg-tuned/postgres/deep_fetch: 3744 req/s  p99=16ms  cpu=100% (kids 0%, db 220%)  err/to/n2=0/0/0  rss=203MB
  pg-tuned/postgres/aggregation: 7761 req/s  p99=8ms  cpu=100% (kids 0%, db 260%)  err/to/n2=0/0/0  rss=204MB
[server] adapter=pg-tuned engine=postgres pool=10 :3603
  pg-tuned/postgres/write: 6290 req/s  p99=12ms  cpu=100% (kids 0%, db 80%)  err/to/n2=0/0/0  rss=191MB

== rep 14: sequelize on postgres ==
[server] adapter=sequelize engine=postgres pool=10 :3604
  sequelize/postgres/point_read: 3309 req/s  p99=18ms  cpu=100% (kids 0%, db 30%)  err/to/n2=0/0/0  rss=205MB
  sequelize/postgres/range_scan: 2442 req/s  p99=24ms  cpu=100% (kids 0%, db 35%)  err/to/n2=0/0/0  rss=214MB
  sequelize/postgres/deep_fetch: 994 req/s  p99=60ms  cpu=100% (kids 0%, db 50%)  err/to/n2=0/0/0  rss=247MB
  sequelize/postgres/aggregation: 4428 req/s  p99=15ms  cpu=100% (kids 0%, db 295%)  err/to/n2=0/0/0  rss=249MB
[server] adapter=sequelize engine=postgres pool=10 :3605
  sequelize/postgres/write: 2540 req/s  p99=24ms  cpu=100% (kids 0%, db 50%)  err/to/n2=0/0/0  rss=209MB
[checkpoint] replicate 14/25 saved (90 cells)

===== replicate 15/25 (order=shuffle: objection,typeorm,pg-tuned,mysql2,typeorm,objection,drizzle,sequelize,mikroorm,prisma,sequelize,knex,prisma,pg,drizzle,mysql2-tuned,mikroorm,knex) =====

== rep 15: objection on postgres ==
[server] adapter=objection engine=postgres pool=10 :3606
  objection/postgres/point_read: 3970 req/s  p99=15ms  cpu=100% (kids 0%, db 45%)  err/to/n2=0/0/0  rss=204MB
  objection/postgres/range_scan: 2547 req/s  p99=24ms  cpu=100% (kids 0%, db 35%)  err/to/n2=0/0/0  rss=210MB
  objection/postgres/deep_fetch: 1009 req/s  p99=59ms  cpu=100% (kids 0%, db 50%)  err/to/n2=0/0/0  rss=212MB
  objection/postgres/aggregation: 3668 req/s  p99=16ms  cpu=100% (kids 0%, db 240%)  err/to/n2=0/0/0  rss=212MB
[server] adapter=objection engine=postgres pool=10 :3607
  objection/postgres/write: 3825 req/s  p99=19ms  cpu=100% (kids 0%, db 70%)  err/to/n2=0/0/0  rss=214MB

== rep 15: typeorm on mysql ==
[server] adapter=typeorm engine=mysql pool=10 :3608
  typeorm/mysql/point_read: 2998 req/s  p99=19ms  cpu=100% (kids 0%, db 35%)  err/to/n2=0/0/0  rss=218MB
  typeorm/mysql/range_scan: 2207 req/s  p99=25ms  cpu=100% (kids 0%, db 40%)  err/to/n2=0/0/0  rss=224MB
  typeorm/mysql/deep_fetch: 1015 req/s  p99=58ms  cpu=100% (kids 0%, db 70%)  err/to/n2=0/0/0  rss=226MB
  typeorm/mysql/aggregation: 3949 req/s  p99=15ms  cpu=100% (kids 0%, db 295%)  err/to/n2=0/0/0  rss=226MB
[server] adapter=typeorm engine=mysql pool=10 :3609
  typeorm/mysql/write: 1143 req/s  p99=146ms  cpu=80% (kids 0%, db 45%)  err/to/n2=0/0/0  rss=213MB

== rep 15: pg-tuned on postgres ==
[server] adapter=pg-tuned engine=postgres pool=10 :3610
  pg-tuned/postgres/point_read: 6878 req/s  p99=9ms  cpu=100% (kids 0%, db 35%)  err/to/n2=0/0/0  rss=192MB
  pg-tuned/postgres/range_scan: 3896 req/s  p99=17ms  cpu=105% (kids 0%, db 45%)  err/to/n2=0/0/0  rss=200MB
  pg-tuned/postgres/deep_fetch: 3661 req/s  p99=20ms  cpu=100% (kids 0%, db 219%)  err/to/n2=0/0/0  rss=200MB
  pg-tuned/postgres/aggregation: 7331 req/s  p99=10ms  cpu=100% (kids 0%, db 252%)  err/to/n2=0/0/0  rss=200MB
[server] adapter=pg-tuned engine=postgres pool=10 :3611
  pg-tuned/postgres/write: 6266 req/s  p99=13ms  cpu=100% (kids 0%, db 75%)  err/to/n2=0/0/0  rss=195MB

== rep 15: mysql2 on mysql ==
[server] adapter=mysql2 engine=mysql pool=10 :3612
  mysql2/mysql/point_read: 4432 req/s  p99=15ms  cpu=105% (kids 0%, db 45%)  err/to/n2=0/0/0  rss=266MB
  mysql2/mysql/range_scan: 3293 req/s  p99=21ms  cpu=105% (kids 0%, db 50%)  err/to/n2=0/0/0  rss=290MB
  mysql2/mysql/deep_fetch: 2419 req/s  p99=27ms  cpu=105% (kids 0%, db 90%)  err/to/n2=0/0/0  rss=290MB
  mysql2/mysql/aggregation: 4496 req/s  p99=15ms  cpu=100% (kids 0%, db 345%)  err/to/n2=0/0/0  rss=290MB
[server] adapter=mysql2 engine=mysql pool=10 :3613
  mysql2/mysql/write: 1464 req/s  p99=132ms  cpu=40% (kids 0%, db 40%)  err/to/n2=0/0/0  rss=251MB

== rep 15: typeorm on postgres ==
[server] adapter=typeorm engine=postgres pool=10 :3614
  typeorm/postgres/point_read: 4154 req/s  p99=15ms  cpu=100% (kids 0%, db 50%)  err/to/n2=0/0/0  rss=230MB
  typeorm/postgres/range_scan: 2596 req/s  p99=24ms  cpu=105% (kids 0%, db 40%)  err/to/n2=0/0/0  rss=268MB
  typeorm/postgres/deep_fetch: 1226 req/s  p99=48ms  cpu=105% (kids 0%, db 120%)  err/to/n2=0/0/0  rss=277MB
  typeorm/postgres/aggregation: 5994 req/s  p99=11ms  cpu=100% (kids 0%, db 370%)  err/to/n2=0/0/0  rss=277MB
[server] adapter=typeorm engine=postgres pool=10 :3615
  typeorm/postgres/write: 2576 req/s  p99=27ms  cpu=100% (kids 0%, db 65%)  err/to/n2=0/0/0  rss=239MB

== rep 15: objection on mysql ==
[server] adapter=objection engine=mysql pool=10 :3616
  objection/mysql/point_read: 3175 req/s  p99=17ms  cpu=100% (kids 0%, db 35%)  err/to/n2=0/0/0  rss=215MB
  objection/mysql/range_scan: 2520 req/s  p99=24ms  cpu=100% (kids 0%, db 40%)  err/to/n2=0/0/0  rss=220MB
  objection/mysql/deep_fetch: 839 req/s  p99=70ms  cpu=100% (kids 0%, db 45%)  err/to/n2=0/0/0  rss=221MB
  objection/mysql/aggregation: 2977 req/s  p99=21ms  cpu=100% (kids 0%, db 230%)  err/to/n2=0/0/0  rss=221MB
[server] adapter=objection engine=mysql pool=10 :3617
  objection/mysql/write: 1405 req/s  p99=134ms  cpu=45% (kids 0%, db 40%)  err/to/n2=0/0/0  rss=211MB

== rep 15: drizzle on mysql ==
[server] adapter=drizzle engine=mysql pool=10 :3618
  drizzle/mysql/point_read: 2920 req/s  p99=21ms  cpu=105% (kids 0%, db 35%)  err/to/n2=0/0/0  rss=287MB
  drizzle/mysql/range_scan: 2129 req/s  p99=30ms  cpu=105% (kids 0%, db 35%)  err/to/n2=0/0/0  rss=297MB
  drizzle/mysql/deep_fetch: 1294 req/s  p99=46ms  cpu=105% (kids 0%, db 50%)  err/to/n2=0/0/0  rss=297MB
  drizzle/mysql/aggregation: 4002 req/s  p99=17ms  cpu=105% (kids 0%, db 305%)  err/to/n2=0/0/0  rss=301MB
[server] adapter=drizzle engine=mysql pool=10 :3619
  drizzle/mysql/write: 1461 req/s  p99=135ms  cpu=50% (kids 0%, db 45%)  err/to/n2=0/0/0  rss=279MB

== rep 15: sequelize on postgres ==
[server] adapter=sequelize engine=postgres pool=10 :3620
  sequelize/postgres/point_read: 3422 req/s  p99=17ms  cpu=100% (kids 0%, db 35%)  err/to/n2=0/0/0  rss=207MB
  sequelize/postgres/range_scan: 2345 req/s  p99=25ms  cpu=100% (kids 0%, db 33%)  err/to/n2=0/0/0  rss=212MB
  sequelize/postgres/deep_fetch: 980 req/s  p99=61ms  cpu=102% (kids 0%, db 50%)  err/to/n2=0/0/0  rss=236MB
  sequelize/postgres/aggregation: 4761 req/s  p99=15ms  cpu=100% (kids 0%, db 315%)  err/to/n2=0/0/0  rss=238MB
[server] adapter=sequelize engine=postgres pool=10 :3621
  sequelize/postgres/write: 2589 req/s  p99=23ms  cpu=100% (kids 0%, db 50%)  err/to/n2=0/0/0  rss=225MB

== rep 15: mikroorm on postgres ==
[server] adapter=mikroorm engine=postgres pool=10 :3622
  mikroorm/postgres/point_read: 2423 req/s  p99=25ms  cpu=100% (kids 0%, db 25%)  err/to/n2=0/0/0  rss=281MB
  mikroorm/postgres/range_scan: 898 req/s  p99=66ms  cpu=105% (kids 0%, db 10%)  err/to/n2=0/0/0  rss=318MB
  mikroorm/postgres/deep_fetch: 534 req/s  p99=106ms  cpu=110% (kids 0%, db 50%)  err/to/n2=0/0/0  rss=330MB
  mikroorm/postgres/aggregation: 5613 req/s  p99=12ms  cpu=100% (kids 0%, db 345%)  err/to/n2=0/0/0  rss=325MB
[server] adapter=mikroorm engine=postgres pool=10 :3623
  mikroorm/postgres/write: 1929 req/s  p99=30ms  cpu=100% (kids 0%, db 45%)  err/to/n2=0/0/0  rss=252MB

== rep 15: prisma on postgres ==
[server] adapter=prisma engine=postgres pool=10 :3624
  prisma/postgres/point_read: 3097 req/s  p99=22ms  cpu=105% (kids 0%, db 35%)  err/to/n2=0/0/0  rss=299MB
  prisma/postgres/range_scan: 2442 req/s  p99=26ms  cpu=105% (kids 0%, db 37%)  err/to/n2=0/0/0  rss=298MB
  prisma/postgres/deep_fetch: 1195 req/s  p99=50ms  cpu=105% (kids 0%, db 60%)  err/to/n2=0/0/0  rss=301MB
  prisma/postgres/aggregation: 4368 req/s  p99=16ms  cpu=100% (kids 0%, db 294%)  err/to/n2=0/0/0  rss=305MB
[server] adapter=prisma engine=postgres pool=10 :3625
  prisma/postgres/write: 2756 req/s  p99=23ms  cpu=105% (kids 0%, db 55%)  err/to/n2=0/0/0  rss=303MB

== rep 15: sequelize on mysql ==
[server] adapter=sequelize engine=mysql pool=10 :3626
  sequelize/mysql/point_read: 2704 req/s  p99=21ms  cpu=100% (kids 0%, db 30%)  err/to/n2=0/0/0  rss=218MB
  sequelize/mysql/range_scan: 2096 req/s  p99=27ms  cpu=100% (kids 0%, db 35%)  err/to/n2=0/0/0  rss=224MB
  sequelize/mysql/deep_fetch: 899 req/s  p99=63ms  cpu=105% (kids 0%, db 30%)  err/to/n2=0/0/0  rss=255MB
  sequelize/mysql/aggregation: 3390 req/s  p99=18ms  cpu=100% (kids 0%, db 260%)  err/to/n2=0/0/0  rss=261MB
[server] adapter=sequelize engine=mysql pool=10 :3627
  sequelize/mysql/write: 1740 req/s  p99=126ms  cpu=85% (kids 0%, db 45%)  err/to/n2=0/0/0  rss=212MB

== rep 15: knex on mysql ==
[server] adapter=knex engine=mysql pool=10 :3628
  knex/mysql/point_read: 3676 req/s  p99=17ms  cpu=100% (kids 0%, db 40%)  err/to/n2=0/0/0  rss=207MB
  knex/mysql/range_scan: 2983 req/s  p99=20ms  cpu=100% (kids 0%, db 45%)  err/to/n2=0/0/0  rss=221MB
  knex/mysql/deep_fetch: 1986 req/s  p99=31ms  cpu=100% (kids 0%, db 75%)  err/to/n2=0/0/0  rss=222MB
  knex/mysql/aggregation: 3887 req/s  p99=19ms  cpu=100% (kids 0%, db 309%)  err/to/n2=0/0/0  rss=224MB
[server] adapter=knex engine=mysql pool=10 :3629
  knex/mysql/write: 1414 req/s  p99=138ms  cpu=45% (kids 0%, db 40%)  err/to/n2=0/0/0  rss=201MB

== rep 15: prisma on mysql ==
[server] adapter=prisma engine=mysql pool=10 :3630
  prisma/mysql/point_read: 1961 req/s  p99=31ms  cpu=105% (kids 0%, db 45%)  err/to/n2=0/0/0  rss=312MB
  prisma/mysql/range_scan: 1533 req/s  p99=38ms  cpu=105% (kids 0%, db 45%)  err/to/n2=0/0/0  rss=331MB
  prisma/mysql/deep_fetch: 638 req/s  p99=87ms  cpu=105% (kids 0%, db 65%)  err/to/n2=0/0/0  rss=336MB
  prisma/mysql/aggregation: 2375 req/s  p99=27ms  cpu=100% (kids 0%, db 225%)  err/to/n2=0/0/0  rss=343MB
[server] adapter=prisma engine=mysql pool=10 :3631
  prisma/mysql/write: 912 req/s  p99=119ms  cpu=100% (kids 0%, db 70%)  err/to/n2=0/0/0  rss=316MB

== rep 15: pg on postgres ==
[server] adapter=pg engine=postgres pool=10 :3632
  pg/postgres/point_read: 6477 req/s  p99=10ms  cpu=100% (kids 0%, db 65%)  err/to/n2=0/0/0  rss=196MB
  pg/postgres/range_scan: 3837 req/s  p99=17ms  cpu=105% (kids 0%, db 55%)  err/to/n2=0/0/0  rss=203MB
  pg/postgres/deep_fetch: 3533 req/s  p99=21ms  cpu=100% (kids 0%, db 342%)  err/to/n2=0/0/0  rss=228MB
  pg/postgres/aggregation: 6780 req/s  p99=9ms  cpu=100% (kids 0%, db 435%)  err/to/n2=0/0/0  rss=228MB
[server] adapter=pg engine=postgres pool=10 :3633
  pg/postgres/write: 6385 req/s  p99=11ms  cpu=100% (kids 0%, db 110%)  err/to/n2=0/0/0  rss=197MB

== rep 15: drizzle on postgres ==
[server] adapter=drizzle engine=postgres pool=10 :3634
  drizzle/postgres/point_read: 3905 req/s  p99=15ms  cpu=100% (kids 0%, db 45%)  err/to/n2=0/0/0  rss=238MB
  drizzle/postgres/range_scan: 2737 req/s  p99=21ms  cpu=100% (kids 0%, db 40%)  err/to/n2=0/0/0  rss=240MB
  drizzle/postgres/deep_fetch: 1815 req/s  p99=33ms  cpu=100% (kids 0%, db 180%)  err/to/n2=0/0/0  rss=239MB
  drizzle/postgres/aggregation: 6260 req/s  p99=10ms  cpu=100% (kids 0%, db 385%)  err/to/n2=0/0/0  rss=234MB
[server] adapter=drizzle engine=postgres pool=10 :3635
  drizzle/postgres/write: 4215 req/s  p99=14ms  cpu=100% (kids 0%, db 75%)  err/to/n2=0/0/0  rss=244MB

== rep 15: mysql2-tuned on mysql ==
[server] adapter=mysql2-tuned engine=mysql pool=10 :3636
  mysql2-tuned/mysql/point_read: 4373 req/s  p99=14ms  cpu=100% (kids 0%, db 35%)  err/to/n2=0/0/0  rss=205MB
  mysql2-tuned/mysql/range_scan: 3162 req/s  p99=19ms  cpu=100% (kids 0%, db 45%)  err/to/n2=0/0/0  rss=209MB
  mysql2-tuned/mysql/deep_fetch: 2446 req/s  p99=23ms  cpu=100% (kids 0%, db 75%)  err/to/n2=0/0/0  rss=209MB
  mysql2-tuned/mysql/aggregation: 4487 req/s  p99=14ms  cpu=100% (kids 0%, db 310%)  err/to/n2=0/0/0  rss=209MB
[server] adapter=mysql2-tuned engine=mysql pool=10 :3637
  mysql2-tuned/mysql/write: 1838 req/s  p99=101ms  cpu=50% (kids 0%, db 50%)  err/to/n2=0/0/0  rss=144MB

== rep 15: mikroorm on mysql ==
[server] adapter=mikroorm engine=mysql pool=10 :3638
  mikroorm/mysql/point_read: 2043 req/s  p99=28ms  cpu=105% (kids 0%, db 20%)  err/to/n2=0/0/0  rss=241MB
  mikroorm/mysql/range_scan: 855 req/s  p99=66ms  cpu=105% (kids 0%, db 15%)  err/to/n2=0/0/0  rss=342MB
  mikroorm/mysql/deep_fetch: 475 req/s  p99=123ms  cpu=110% (kids 0%, db 25%)  err/to/n2=0/0/0  rss=349MB
  mikroorm/mysql/aggregation: 4116 req/s  p99=16ms  cpu=100% (kids 0%, db 315%)  err/to/n2=0/0/0  rss=345MB
[server] adapter=mikroorm engine=mysql pool=10 :3639
  mikroorm/mysql/write: 967 req/s  p99=139ms  cpu=75% (kids 0%, db 35%)  err/to/n2=0/0/0  rss=240MB

== rep 15: knex on postgres ==
[server] adapter=knex engine=postgres pool=10 :3640
  knex/postgres/point_read: 4958 req/s  p99=12ms  cpu=100% (kids 0%, db 50%)  err/to/n2=0/0/0  rss=201MB
  knex/postgres/range_scan: 3114 req/s  p99=19ms  cpu=100% (kids 0%, db 45%)  err/to/n2=0/0/0  rss=211MB
  knex/postgres/deep_fetch: 2357 req/s  p99=27ms  cpu=100% (kids 0%, db 235%)  err/to/n2=0/0/0  rss=212MB
  knex/postgres/aggregation: 5553 req/s  p99=13ms  cpu=100% (kids 0%, db 345%)  err/to/n2=0/0/0  rss=212MB
[server] adapter=knex engine=postgres pool=10 :3641
  knex/postgres/write: 3957 req/s  p99=34ms  cpu=94% (kids 0%, db 70%)  err/to/n2=0/0/0  rss=195MB
[checkpoint] replicate 15/25 saved (90 cells)

===== replicate 16/25 (order=shuffle: typeorm,knex,sequelize,prisma,objection,typeorm,knex,drizzle,mysql2,objection,sequelize,mikroorm,prisma,mikroorm,pg-tuned,drizzle,pg,mysql2-tuned) =====

== rep 16: typeorm on postgres ==
[server] adapter=typeorm engine=postgres pool=10 :3642
  typeorm/postgres/point_read: 3929 req/s  p99=16ms  cpu=100% (kids 0%, db 50%)  err/to/n2=0/0/0  rss=258MB
  typeorm/postgres/range_scan: 2517 req/s  p99=24ms  cpu=105% (kids 0%, db 40%)  err/to/n2=0/0/0  rss=264MB
  typeorm/postgres/deep_fetch: 1239 req/s  p99=47ms  cpu=105% (kids 0%, db 125%)  err/to/n2=0/0/0  rss=272MB
  typeorm/postgres/aggregation: 5989 req/s  p99=11ms  cpu=100% (kids 0%, db 365%)  err/to/n2=0/0/0  rss=272MB
[server] adapter=typeorm engine=postgres pool=10 :3643
  typeorm/postgres/write: 2534 req/s  p99=27ms  cpu=100% (kids 0%, db 60%)  err/to/n2=0/0/0  rss=233MB

== rep 16: knex on mysql ==
[server] adapter=knex engine=mysql pool=10 :3644
  knex/mysql/point_read: 3764 req/s  p99=16ms  cpu=100% (kids 0%, db 40%)  err/to/n2=0/0/0  rss=208MB
  knex/mysql/range_scan: 2986 req/s  p99=20ms  cpu=100% (kids 0%, db 50%)  err/to/n2=0/0/0  rss=222MB
  knex/mysql/deep_fetch: 2031 req/s  p99=30ms  cpu=100% (kids 0%, db 75%)  err/to/n2=0/0/0  rss=223MB
  knex/mysql/aggregation: 4063 req/s  p99=15ms  cpu=100% (kids 0%, db 310%)  err/to/n2=0/0/0  rss=226MB
[server] adapter=knex engine=mysql pool=10 :3645
  knex/mysql/write: 1434 req/s  p99=130ms  cpu=45% (kids 0%, db 40%)  err/to/n2=0/0/0  rss=201MB

== rep 16: sequelize on postgres ==
[server] adapter=sequelize engine=postgres pool=10 :3646
  sequelize/postgres/point_read: 3460 req/s  p99=18ms  cpu=100% (kids 0%, db 35%)  err/to/n2=0/0/0  rss=206MB
  sequelize/postgres/range_scan: 2432 req/s  p99=22ms  cpu=100% (kids 0%, db 30%)  err/to/n2=0/0/0  rss=213MB
  sequelize/postgres/deep_fetch: 950 req/s  p99=64ms  cpu=100% (kids 0%, db 50%)  err/to/n2=0/0/0  rss=253MB
  sequelize/postgres/aggregation: 4648 req/s  p99=15ms  cpu=100% (kids 0%, db 310%)  err/to/n2=0/0/0  rss=254MB
[server] adapter=sequelize engine=postgres pool=10 :3647
  sequelize/postgres/write: 2544 req/s  p99=25ms  cpu=100% (kids 0%, db 52%)  err/to/n2=0/0/0  rss=206MB

== rep 16: prisma on postgres ==
[server] adapter=prisma engine=postgres pool=10 :3648
  prisma/postgres/point_read: 3269 req/s  p99=20ms  cpu=105% (kids 0%, db 40%)  err/to/n2=0/0/0  rss=298MB
  prisma/postgres/range_scan: 2413 req/s  p99=26ms  cpu=105% (kids 0%, db 35%)  err/to/n2=0/0/0  rss=295MB
  prisma/postgres/deep_fetch: 1180 req/s  p99=52ms  cpu=105% (kids 0%, db 60%)  err/to/n2=0/0/0  rss=301MB
  prisma/postgres/aggregation: 4455 req/s  p99=14ms  cpu=100% (kids 0%, db 292%)  err/to/n2=0/0/0  rss=303MB
[server] adapter=prisma engine=postgres pool=10 :3649
  prisma/postgres/write: 2634 req/s  p99=23ms  cpu=105% (kids 0%, db 55%)  err/to/n2=0/0/0  rss=305MB

== rep 16: objection on mysql ==
[server] adapter=objection engine=mysql pool=10 :3650
  objection/mysql/point_read: 3101 req/s  p99=18ms  cpu=100% (kids 0%, db 35%)  err/to/n2=0/0/0  rss=216MB
  objection/mysql/range_scan: 2603 req/s  p99=22ms  cpu=100% (kids 0%, db 40%)  err/to/n2=0/0/0  rss=221MB
  objection/mysql/deep_fetch: 851 req/s  p99=66ms  cpu=100% (kids 0%, db 45%)  err/to/n2=0/0/0  rss=220MB
  objection/mysql/aggregation: 2999 req/s  p99=20ms  cpu=100% (kids 0%, db 225%)  err/to/n2=0/0/0  rss=220MB
[server] adapter=objection engine=mysql pool=10 :3651
  objection/mysql/write: 1793 req/s  p99=103ms  cpu=60% (kids 0%, db 50%)  err/to/n2=0/0/0  rss=212MB

== rep 16: typeorm on mysql ==
[server] adapter=typeorm engine=mysql pool=10 :3652
  typeorm/mysql/point_read: 2952 req/s  p99=20ms  cpu=100% (kids 0%, db 35%)  err/to/n2=0/0/0  rss=214MB
  typeorm/mysql/range_scan: 2302 req/s  p99=24ms  cpu=100% (kids 0%, db 40%)  err/to/n2=0/0/0  rss=219MB
  typeorm/mysql/deep_fetch: 960 req/s  p99=60ms  cpu=100% (kids 0%, db 67%)  err/to/n2=0/0/0  rss=222MB
  typeorm/mysql/aggregation: 4000 req/s  p99=15ms  cpu=100% (kids 0%, db 305%)  err/to/n2=0/0/0  rss=222MB
[server] adapter=typeorm engine=mysql pool=10 :3653
  typeorm/mysql/write: 1318 req/s  p99=69ms  cpu=95% (kids 0%, db 50%)  err/to/n2=0/0/0  rss=214MB

== rep 16: knex on postgres ==
[server] adapter=knex engine=postgres pool=10 :3654
  knex/postgres/point_read: 4965 req/s  p99=13ms  cpu=100% (kids 0%, db 55%)  err/to/n2=0/0/0  rss=202MB
  knex/postgres/range_scan: 3029 req/s  p99=21ms  cpu=100% (kids 0%, db 45%)  err/to/n2=0/0/0  rss=211MB
  knex/postgres/deep_fetch: 2451 req/s  p99=26ms  cpu=100% (kids 0%, db 240%)  err/to/n2=0/0/0  rss=210MB
  knex/postgres/aggregation: 5596 req/s  p99=13ms  cpu=100% (kids 0%, db 347%)  err/to/n2=0/0/0  rss=210MB
[server] adapter=knex engine=postgres pool=10 :3655
  knex/postgres/write: 4503 req/s  p99=14ms  cpu=100% (kids 0%, db 75%)  err/to/n2=0/0/0  rss=198MB

== rep 16: drizzle on mysql ==
[server] adapter=drizzle engine=mysql pool=10 :3656
  drizzle/mysql/point_read: 2859 req/s  p99=25ms  cpu=105% (kids 0%, db 32%)  err/to/n2=0/0/0  rss=289MB
  drizzle/mysql/range_scan: 2115 req/s  p99=30ms  cpu=105% (kids 0%, db 35%)  err/to/n2=0/0/0  rss=298MB
  drizzle/mysql/deep_fetch: 1306 req/s  p99=48ms  cpu=105% (kids 0%, db 50%)  err/to/n2=0/0/0  rss=299MB
  drizzle/mysql/aggregation: 3955 req/s  p99=17ms  cpu=105% (kids 0%, db 310%)  err/to/n2=0/0/0  rss=299MB
[server] adapter=drizzle engine=mysql pool=10 :3657
  drizzle/mysql/write: 1596 req/s  p99=110ms  cpu=55% (kids 0%, db 47%)  err/to/n2=0/0/0  rss=275MB

== rep 16: mysql2 on mysql ==
[server] adapter=mysql2 engine=mysql pool=10 :3658
  mysql2/mysql/point_read: 4310 req/s  p99=16ms  cpu=105% (kids 0%, db 45%)  err/to/n2=0/0/0  rss=267MB
  mysql2/mysql/range_scan: 3391 req/s  p99=20ms  cpu=105% (kids 0%, db 55%)  err/to/n2=0/0/0  rss=291MB
  mysql2/mysql/deep_fetch: 2389 req/s  p99=29ms  cpu=105% (kids 0%, db 85%)  err/to/n2=0/0/0  rss=291MB
  mysql2/mysql/aggregation: 4306 req/s  p99=17ms  cpu=100% (kids 0%, db 335%)  err/to/n2=0/0/0  rss=291MB
[server] adapter=mysql2 engine=mysql pool=10 :3659
  FAILED mysql2/mysql: server health timeout

== rep 16: objection on postgres ==
[server] adapter=objection engine=postgres pool=10 :3660
  objection/postgres/point_read: 3865 req/s  p99=19ms  cpu=100% (kids 0%, db 40%)  err/to/n2=0/0/0  rss=209MB
  objection/postgres/range_scan: 2640 req/s  p99=24ms  cpu=100% (kids 0%, db 40%)  err/to/n2=0/0/0  rss=213MB
  objection/postgres/deep_fetch: 1012 req/s  p99=55ms  cpu=100% (kids 0%, db 50%)  err/to/n2=0/0/0  rss=215MB
  objection/postgres/aggregation: 3824 req/s  p99=17ms  cpu=100% (kids 0%, db 255%)  err/to/n2=0/0/0  rss=215MB
[server] adapter=objection engine=postgres pool=10 :3661
  objection/postgres/write: 3873 req/s  p99=16ms  cpu=100% (kids 0%, db 70%)  err/to/n2=0/0/0  rss=220MB

== rep 16: sequelize on mysql ==
[server] adapter=sequelize engine=mysql pool=10 :3662
  sequelize/mysql/point_read: 2531 req/s  p99=23ms  cpu=100% (kids 0%, db 35%)  err/to/n2=0/0/0  rss=216MB
  sequelize/mysql/range_scan: 2066 req/s  p99=28ms  cpu=100% (kids 0%, db 35%)  err/to/n2=0/0/0  rss=223MB
  sequelize/mysql/deep_fetch: 879 req/s  p99=67ms  cpu=100% (kids 0%, db 30%)  err/to/n2=0/0/0  rss=270MB
  sequelize/mysql/aggregation: 3465 req/s  p99=18ms  cpu=100% (kids 0%, db 270%)  err/to/n2=0/0/0  rss=270MB
[server] adapter=sequelize engine=mysql pool=10 :3663
  sequelize/mysql/write: 1736 req/s  p99=91ms  cpu=85% (kids 0%, db 45%)  err/to/n2=0/0/0  rss=212MB

== rep 16: mikroorm on mysql ==
[server] adapter=mikroorm engine=mysql pool=10 :3664
  mikroorm/mysql/point_read: 1952 req/s  p99=29ms  cpu=100% (kids 0%, db 20%)  err/to/n2=0/0/0  rss=292MB
  mikroorm/mysql/range_scan: 841 req/s  p99=64ms  cpu=105% (kids 0%, db 15%)  err/to/n2=0/0/0  rss=347MB
  mikroorm/mysql/deep_fetch: 456 req/s  p99=127ms  cpu=110% (kids 0%, db 22%)  err/to/n2=0/0/0  rss=358MB
  mikroorm/mysql/aggregation: 3821 req/s  p99=17ms  cpu=100% (kids 0%, db 295%)  err/to/n2=0/0/0  rss=355MB
[server] adapter=mikroorm engine=mysql pool=10 :3665
  mikroorm/mysql/write: 1308 req/s  p99=129ms  cpu=95% (kids 0%, db 50%)  err/to/n2=0/0/0  rss=253MB

== rep 16: prisma on mysql ==
[server] adapter=prisma engine=mysql pool=10 :3666
  prisma/mysql/point_read: 1980 req/s  p99=30ms  cpu=105% (kids 0%, db 45%)  err/to/n2=0/0/0  rss=310MB
  prisma/mysql/range_scan: 1547 req/s  p99=37ms  cpu=105% (kids 0%, db 45%)  err/to/n2=0/0/0  rss=328MB
  prisma/mysql/deep_fetch: 635 req/s  p99=89ms  cpu=105% (kids 0%, db 65%)  err/to/n2=0/0/0  rss=333MB
  prisma/mysql/aggregation: 2440 req/s  p99=27ms  cpu=100% (kids 0%, db 240%)  err/to/n2=0/0/0  rss=344MB
[server] adapter=prisma engine=mysql pool=10 :3667
  prisma/mysql/write: 885 req/s  p99=131ms  cpu=95% (kids 0%, db 70%)  err/to/n2=0/0/0  rss=317MB

== rep 16: mikroorm on postgres ==
[server] adapter=mikroorm engine=postgres pool=10 :3668
  mikroorm/postgres/point_read: 2457 req/s  p99=24ms  cpu=100% (kids 0%, db 25%)  err/to/n2=0/0/0  rss=270MB
  mikroorm/postgres/range_scan: 923 req/s  p99=61ms  cpu=105% (kids 0%, db 10%)  err/to/n2=0/0/0  rss=314MB
  mikroorm/postgres/deep_fetch: 517 req/s  p99=107ms  cpu=110% (kids 0%, db 50%)  err/to/n2=0/0/0  rss=323MB
  mikroorm/postgres/aggregation: 5809 req/s  p99=12ms  cpu=100% (kids 0%, db 360%)  err/to/n2=0/0/0  rss=326MB
[server] adapter=mikroorm engine=postgres pool=10 :3669
  mikroorm/postgres/write: 1644 req/s  p99=37ms  cpu=100% (kids 0%, db 40%)  err/to/n2=0/0/0  rss=230MB

== rep 16: pg-tuned on postgres ==
[server] adapter=pg-tuned engine=postgres pool=10 :3670
  pg-tuned/postgres/point_read: 6000 req/s  p99=11ms  cpu=100% (kids 0%, db 30%)  err/to/n2=0/0/0  rss=190MB
  pg-tuned/postgres/range_scan: 3880 req/s  p99=18ms  cpu=105% (kids 0%, db 45%)  err/to/n2=0/0/0  rss=199MB
  pg-tuned/postgres/deep_fetch: 3662 req/s  p99=18ms  cpu=100% (kids 0%, db 225%)  err/to/n2=0/0/0  rss=198MB
  pg-tuned/postgres/aggregation: 7772 req/s  p99=8ms  cpu=100% (kids 0%, db 260%)  err/to/n2=0/0/0  rss=198MB
[server] adapter=pg-tuned engine=postgres pool=10 :3671
  pg-tuned/postgres/write: 6456 req/s  p99=10ms  cpu=100% (kids 0%, db 80%)  err/to/n2=0/0/0  rss=197MB

== rep 16: drizzle on postgres ==
[server] adapter=drizzle engine=postgres pool=10 :3672
  drizzle/postgres/point_read: 4174 req/s  p99=14ms  cpu=100% (kids 0%, db 45%)  err/to/n2=0/0/0  rss=238MB
  drizzle/postgres/range_scan: 2772 req/s  p99=21ms  cpu=100% (kids 0%, db 40%)  err/to/n2=0/0/0  rss=241MB
  drizzle/postgres/deep_fetch: 1826 req/s  p99=34ms  cpu=100% (kids 0%, db 180%)  err/to/n2=0/0/0  rss=241MB
  drizzle/postgres/aggregation: 6427 req/s  p99=10ms  cpu=100% (kids 0%, db 395%)  err/to/n2=0/0/0  rss=238MB
[server] adapter=drizzle engine=postgres pool=10 :3673
  drizzle/postgres/write: 4002 req/s  p99=19ms  cpu=100% (kids 0%, db 70%)  err/to/n2=0/0/0  rss=245MB

== rep 16: pg on postgres ==
[server] adapter=pg engine=postgres pool=10 :3674
  pg/postgres/point_read: 6542 req/s  p99=10ms  cpu=100% (kids 0%, db 65%)  err/to/n2=0/0/0  rss=196MB
  pg/postgres/range_scan: 3836 req/s  p99=18ms  cpu=105% (kids 0%, db 55%)  err/to/n2=0/0/0  rss=204MB
  pg/postgres/deep_fetch: 3525 req/s  p99=19ms  cpu=100% (kids 0%, db 340%)  err/to/n2=0/0/0  rss=224MB
  pg/postgres/aggregation: 6865 req/s  p99=9ms  cpu=100% (kids 0%, db 445%)  err/to/n2=0/0/0  rss=225MB
[server] adapter=pg engine=postgres pool=10 :3675
  pg/postgres/write: 6100 req/s  p99=14ms  cpu=100% (kids 0%, db 105%)  err/to/n2=0/0/0  rss=192MB

== rep 16: mysql2-tuned on mysql ==
[server] adapter=mysql2-tuned engine=mysql pool=10 :3676
  mysql2-tuned/mysql/point_read: 4290 req/s  p99=14ms  cpu=100% (kids 0%, db 35%)  err/to/n2=0/0/0  rss=204MB
  mysql2-tuned/mysql/range_scan: 3228 req/s  p99=18ms  cpu=100% (kids 0%, db 45%)  err/to/n2=0/0/0  rss=208MB
  mysql2-tuned/mysql/deep_fetch: 2391 req/s  p99=24ms  cpu=100% (kids 0%, db 70%)  err/to/n2=0/0/0  rss=207MB
  mysql2-tuned/mysql/aggregation: 4167 req/s  p99=17ms  cpu=100% (kids 0%, db 315%)  err/to/n2=0/0/0  rss=208MB
[server] adapter=mysql2-tuned engine=mysql pool=10 :3677
  mysql2-tuned/mysql/write: 1554 req/s  p99=121ms  cpu=40% (kids 0%, db 40%)  err/to/n2=0/0/0  rss=145MB
[checkpoint] replicate 16/25 saved (90 cells)

===== replicate 17/25 (order=shuffle: mysql2-tuned,drizzle,objection,pg-tuned,prisma,typeorm,sequelize,sequelize,objection,typeorm,drizzle,knex,knex,mikroorm,pg,mysql2,prisma,mikroorm) =====

== rep 17: mysql2-tuned on mysql ==
[server] adapter=mysql2-tuned engine=mysql pool=10 :3678
  mysql2-tuned/mysql/point_read: 4259 req/s  p99=14ms  cpu=100% (kids 0%, db 35%)  err/to/n2=0/0/0  rss=203MB
  mysql2-tuned/mysql/range_scan: 3220 req/s  p99=19ms  cpu=100% (kids 0%, db 45%)  err/to/n2=0/0/0  rss=209MB
  mysql2-tuned/mysql/deep_fetch: 2452 req/s  p99=22ms  cpu=100% (kids 0%, db 75%)  err/to/n2=0/0/0  rss=209MB
  mysql2-tuned/mysql/aggregation: 4493 req/s  p99=14ms  cpu=100% (kids 0%, db 320%)  err/to/n2=0/0/0  rss=209MB
[server] adapter=mysql2-tuned engine=mysql pool=10 :3679
  mysql2-tuned/mysql/write: 1524 req/s  p99=100ms  cpu=45% (kids 0%, db 40%)  err/to/n2=0/0/0  rss=144MB

== rep 17: drizzle on postgres ==
[server] adapter=drizzle engine=postgres pool=10 :3680
  drizzle/postgres/point_read: 3844 req/s  p99=15ms  cpu=100% (kids 0%, db 45%)  err/to/n2=0/0/0  rss=237MB
  drizzle/postgres/range_scan: 2788 req/s  p99=19ms  cpu=100% (kids 0%, db 40%)  err/to/n2=0/0/0  rss=239MB
  drizzle/postgres/deep_fetch: 1865 req/s  p99=35ms  cpu=100% (kids 0%, db 185%)  err/to/n2=0/0/0  rss=239MB
  drizzle/postgres/aggregation: 6475 req/s  p99=10ms  cpu=100% (kids 0%, db 395%)  err/to/n2=0/0/0  rss=233MB
[server] adapter=drizzle engine=postgres pool=10 :3681
  drizzle/postgres/write: 3885 req/s  p99=20ms  cpu=100% (kids 0%, db 70%)  err/to/n2=0/0/0  rss=256MB

== rep 17: objection on postgres ==
[server] adapter=objection engine=postgres pool=10 :3682
  objection/postgres/point_read: 4089 req/s  p99=14ms  cpu=100% (kids 0%, db 45%)  err/to/n2=0/0/0  rss=204MB
  objection/postgres/range_scan: 2754 req/s  p99=20ms  cpu=100% (kids 0%, db 40%)  err/to/n2=0/0/0  rss=209MB
  objection/postgres/deep_fetch: 1050 req/s  p99=55ms  cpu=100% (kids 0%, db 50%)  err/to/n2=0/0/0  rss=213MB
  objection/postgres/aggregation: 3774 req/s  p99=16ms  cpu=100% (kids 0%, db 250%)  err/to/n2=0/0/0  rss=213MB
[server] adapter=objection engine=postgres pool=10 :3683
  objection/postgres/write: 3723 req/s  p99=21ms  cpu=100% (kids 0%, db 65%)  err/to/n2=0/0/0  rss=213MB

== rep 17: pg-tuned on postgres ==
[server] adapter=pg-tuned engine=postgres pool=10 :3684
  pg-tuned/postgres/point_read: 7002 req/s  p99=9ms  cpu=100% (kids 0%, db 35%)  err/to/n2=0/0/0  rss=193MB
  pg-tuned/postgres/range_scan: 3812 req/s  p99=16ms  cpu=100% (kids 0%, db 45%)  err/to/n2=0/0/0  rss=200MB
  pg-tuned/postgres/deep_fetch: 3551 req/s  p99=19ms  cpu=100% (kids 0%, db 210%)  err/to/n2=0/0/0  rss=200MB
  pg-tuned/postgres/aggregation: 7321 req/s  p99=9ms  cpu=100% (kids 0%, db 245%)  err/to/n2=0/0/0  rss=201MB
[server] adapter=pg-tuned engine=postgres pool=10 :3685
  pg-tuned/postgres/write: 5977 req/s  p99=19ms  cpu=100% (kids 0%, db 75%)  err/to/n2=0/0/0  rss=193MB

== rep 17: prisma on postgres ==
[server] adapter=prisma engine=postgres pool=10 :3686
  prisma/postgres/point_read: 3264 req/s  p99=20ms  cpu=105% (kids 0%, db 40%)  err/to/n2=0/0/0  rss=298MB
  prisma/postgres/range_scan: 2373 req/s  p99=27ms  cpu=105% (kids 0%, db 35%)  err/to/n2=0/0/0  rss=298MB
  prisma/postgres/deep_fetch: 1178 req/s  p99=51ms  cpu=105% (kids 0%, db 65%)  err/to/n2=0/0/0  rss=305MB
  prisma/postgres/aggregation: 4419 req/s  p99=15ms  cpu=100% (kids 0%, db 291%)  err/to/n2=0/0/0  rss=307MB
[server] adapter=prisma engine=postgres pool=10 :3687
  prisma/postgres/write: 2662 req/s  p99=24ms  cpu=105% (kids 0%, db 55%)  err/to/n2=0/0/0  rss=303MB

== rep 17: typeorm on mysql ==
[server] adapter=typeorm engine=mysql pool=10 :3688
  typeorm/mysql/point_read: 2955 req/s  p99=20ms  cpu=100% (kids 0%, db 35%)  err/to/n2=0/0/0  rss=217MB
  typeorm/mysql/range_scan: 2183 req/s  p99=26ms  cpu=100% (kids 0%, db 40%)  err/to/n2=0/0/0  rss=224MB
  typeorm/mysql/deep_fetch: 1015 req/s  p99=55ms  cpu=100% (kids 0%, db 70%)  err/to/n2=0/0/0  rss=226MB
  typeorm/mysql/aggregation: 3904 req/s  p99=15ms  cpu=100% (kids 0%, db 295%)  err/to/n2=0/0/0  rss=226MB
[server] adapter=typeorm engine=mysql pool=10 :3689
  typeorm/mysql/write: 1305 req/s  p99=135ms  cpu=95% (kids 0%, db 50%)  err/to/n2=0/0/0  rss=214MB

== rep 17: sequelize on postgres ==
[server] adapter=sequelize engine=postgres pool=10 :3690
  sequelize/postgres/point_read: 3454 req/s  p99=17ms  cpu=100% (kids 0%, db 35%)  err/to/n2=0/0/0  rss=206MB
  sequelize/postgres/range_scan: 2417 req/s  p99=24ms  cpu=100% (kids 0%, db 35%)  err/to/n2=0/0/0  rss=212MB
  sequelize/postgres/deep_fetch: 965 req/s  p99=64ms  cpu=100% (kids 0%, db 50%)  err/to/n2=0/0/0  rss=251MB
  sequelize/postgres/aggregation: 4778 req/s  p99=13ms  cpu=100% (kids 0%, db 315%)  err/to/n2=0/0/0  rss=252MB
[server] adapter=sequelize engine=postgres pool=10 :3691
  sequelize/postgres/write: 2585 req/s  p99=23ms  cpu=100% (kids 0%, db 50%)  err/to/n2=0/0/0  rss=206MB

== rep 17: sequelize on mysql ==
[server] adapter=sequelize engine=mysql pool=10 :3692
  sequelize/mysql/point_read: 2643 req/s  p99=21ms  cpu=100% (kids 0%, db 30%)  err/to/n2=0/0/0  rss=215MB
  sequelize/mysql/range_scan: 2134 req/s  p99=26ms  cpu=100% (kids 0%, db 35%)  err/to/n2=0/0/0  rss=222MB
  sequelize/mysql/deep_fetch: 886 req/s  p99=66ms  cpu=101% (kids 0%, db 30%)  err/to/n2=0/0/0  rss=244MB
  sequelize/mysql/aggregation: 3470 req/s  p99=17ms  cpu=100% (kids 0%, db 260%)  err/to/n2=0/0/0  rss=245MB
[server] adapter=sequelize engine=mysql pool=10 :3693
  sequelize/mysql/write: 1741 req/s  p99=107ms  cpu=85% (kids 0%, db 45%)  err/to/n2=0/0/0  rss=212MB

== rep 17: objection on mysql ==
[server] adapter=objection engine=mysql pool=10 :3694
  objection/mysql/point_read: 3260 req/s  p99=17ms  cpu=100% (kids 0%, db 35%)  err/to/n2=0/0/0  rss=214MB
  objection/mysql/range_scan: 2577 req/s  p99=21ms  cpu=100% (kids 0%, db 45%)  err/to/n2=0/0/0  rss=219MB
  objection/mysql/deep_fetch: 852 req/s  p99=65ms  cpu=100% (kids 0%, db 45%)  err/to/n2=0/0/0  rss=220MB
  objection/mysql/aggregation: 2988 req/s  p99=20ms  cpu=100% (kids 0%, db 225%)  err/to/n2=0/0/0  rss=221MB
[server] adapter=objection engine=mysql pool=10 :3695
  objection/mysql/write: 1503 req/s  p99=155ms  cpu=60% (kids 0%, db 45%)  err/to/n2=0/0/0  rss=210MB

== rep 17: typeorm on postgres ==
[server] adapter=typeorm engine=postgres pool=10 :3696
  typeorm/postgres/point_read: 4166 req/s  p99=15ms  cpu=100% (kids 0%, db 50%)  err/to/n2=0/0/0  rss=260MB
  typeorm/postgres/range_scan: 2602 req/s  p99=23ms  cpu=105% (kids 0%, db 40%)  err/to/n2=0/0/0  rss=264MB
  typeorm/postgres/deep_fetch: 1252 req/s  p99=48ms  cpu=105% (kids 0%, db 125%)  err/to/n2=0/0/0  rss=272MB
  typeorm/postgres/aggregation: 6097 req/s  p99=11ms  cpu=100% (kids 0%, db 375%)  err/to/n2=0/0/0  rss=272MB
[server] adapter=typeorm engine=postgres pool=10 :3697
  typeorm/postgres/write: 2520 req/s  p99=36ms  cpu=100% (kids 0%, db 65%)  err/to/n2=0/0/0  rss=232MB

== rep 17: drizzle on mysql ==
[server] adapter=drizzle engine=mysql pool=10 :3698
  drizzle/mysql/point_read: 2918 req/s  p99=21ms  cpu=105% (kids 0%, db 35%)  err/to/n2=0/0/0  rss=288MB
  drizzle/mysql/range_scan: 2093 req/s  p99=29ms  cpu=105% (kids 0%, db 35%)  err/to/n2=0/0/0  rss=298MB
  drizzle/mysql/deep_fetch: 1289 req/s  p99=49ms  cpu=105% (kids 0%, db 50%)  err/to/n2=0/0/0  rss=298MB
  drizzle/mysql/aggregation: 4061 req/s  p99=16ms  cpu=105% (kids 0%, db 305%)  err/to/n2=0/0/0  rss=301MB
[server] adapter=drizzle engine=mysql pool=10 :3699
  drizzle/mysql/write: 1804 req/s  p99=121ms  cpu=65% (kids 0%, db 50%)  err/to/n2=0/0/0  rss=278MB

== rep 17: knex on postgres ==
[server] adapter=knex engine=postgres pool=10 :3700
  knex/postgres/point_read: 5041 req/s  p99=12ms  cpu=100% (kids 0%, db 55%)  err/to/n2=0/0/0  rss=201MB
  knex/postgres/range_scan: 3142 req/s  p99=20ms  cpu=100% (kids 0%, db 40%)  err/to/n2=0/0/0  rss=210MB
  knex/postgres/deep_fetch: 2478 req/s  p99=27ms  cpu=100% (kids 0%, db 245%)  err/to/n2=0/0/0  rss=210MB
  knex/postgres/aggregation: 5579 req/s  p99=11ms  cpu=100% (kids 0%, db 340%)  err/to/n2=0/0/0  rss=211MB
[server] adapter=knex engine=postgres pool=10 :3701
  knex/postgres/write: 4673 req/s  p99=14ms  cpu=100% (kids 0%, db 80%)  err/to/n2=0/0/0  rss=199MB

== rep 17: knex on mysql ==
[server] adapter=knex engine=mysql pool=10 :3702
  knex/mysql/point_read: 3811 req/s  p99=15ms  cpu=100% (kids 0%, db 40%)  err/to/n2=0/0/0  rss=209MB
  knex/mysql/range_scan: 3005 req/s  p99=20ms  cpu=100% (kids 0%, db 50%)  err/to/n2=0/0/0  rss=226MB
  knex/mysql/deep_fetch: 2073 req/s  p99=28ms  cpu=100% (kids 0%, db 75%)  err/to/n2=0/0/0  rss=228MB
  knex/mysql/aggregation: 3615 req/s  p99=17ms  cpu=100% (kids 0%, db 270%)  err/to/n2=0/0/0  rss=229MB
[server] adapter=knex engine=mysql pool=10 :3703
  knex/mysql/write: 1324 req/s  p99=113ms  cpu=40% (kids 0%, db 35%)  err/to/n2=0/0/0  rss=199MB

== rep 17: mikroorm on mysql ==
[server] adapter=mikroorm engine=mysql pool=10 :3704
  mikroorm/mysql/point_read: 2034 req/s  p99=27ms  cpu=100% (kids 0%, db 25%)  err/to/n2=0/0/0  rss=275MB
  mikroorm/mysql/range_scan: 851 req/s  p99=61ms  cpu=105% (kids 0%, db 15%)  err/to/n2=0/0/0  rss=344MB
  mikroorm/mysql/deep_fetch: 483 req/s  p99=118ms  cpu=110% (kids 0%, db 25%)  err/to/n2=0/0/0  rss=354MB
  mikroorm/mysql/aggregation: 3936 req/s  p99=17ms  cpu=100% (kids 0%, db 310%)  err/to/n2=0/0/0  rss=351MB
[server] adapter=mikroorm engine=mysql pool=10 :3705
  mikroorm/mysql/write: 1033 req/s  p99=198ms  cpu=85% (kids 0%, db 40%)  err/to/n2=0/0/0  rss=234MB

== rep 17: pg on postgres ==
[server] adapter=pg engine=postgres pool=10 :3706
  pg/postgres/point_read: 6730 req/s  p99=10ms  cpu=100% (kids 0%, db 70%)  err/to/n2=0/0/0  rss=193MB
  pg/postgres/range_scan: 3456 req/s  p99=19ms  cpu=100% (kids 0%, db 52%)  err/to/n2=0/0/0  rss=202MB
  pg/postgres/deep_fetch: 3170 req/s  p99=18ms  cpu=100% (kids 0%, db 305%)  err/to/n2=0/0/0  rss=200MB
  pg/postgres/aggregation: 6781 req/s  p99=10ms  cpu=100% (kids 0%, db 440%)  err/to/n2=0/0/0  rss=200MB
[server] adapter=pg engine=postgres pool=10 :3707
  pg/postgres/write: 6016 req/s  p99=14ms  cpu=100% (kids 0%, db 100%)  err/to/n2=0/0/0  rss=194MB

== rep 17: mysql2 on mysql ==
[server] adapter=mysql2 engine=mysql pool=10 :3708
  mysql2/mysql/point_read: 4286 req/s  p99=16ms  cpu=105% (kids 0%, db 45%)  err/to/n2=0/0/0  rss=265MB
  mysql2/mysql/range_scan: 3277 req/s  p99=21ms  cpu=105% (kids 0%, db 55%)  err/to/n2=0/0/0  rss=289MB
  mysql2/mysql/deep_fetch: 2356 req/s  p99=29ms  cpu=105% (kids 0%, db 85%)  err/to/n2=0/0/0  rss=289MB
  mysql2/mysql/aggregation: 4404 req/s  p99=16ms  cpu=100% (kids 0%, db 335%)  err/to/n2=0/0/0  rss=289MB
[server] adapter=mysql2 engine=mysql pool=10 :3709
  mysql2/mysql/write: 1373 req/s  p99=188ms  cpu=40% (kids 0%, db 40%)  err/to/n2=0/0/0  rss=251MB

== rep 17: prisma on mysql ==
[server] adapter=prisma engine=mysql pool=10 :3710
  prisma/mysql/point_read: 2022 req/s  p99=30ms  cpu=105% (kids 0%, db 45%)  err/to/n2=0/0/0  rss=312MB
  prisma/mysql/range_scan: 1513 req/s  p99=39ms  cpu=105% (kids 0%, db 45%)  err/to/n2=0/0/0  rss=328MB
  prisma/mysql/deep_fetch: 627 req/s  p99=87ms  cpu=105% (kids 0%, db 65%)  err/to/n2=0/0/0  rss=336MB
  prisma/mysql/aggregation: 2427 req/s  p99=25ms  cpu=100% (kids 0%, db 235%)  err/to/n2=0/0/0  rss=345MB
[server] adapter=prisma engine=mysql pool=10 :3711
  prisma/mysql/write: 816 req/s  p99=148ms  cpu=90% (kids 0%, db 65%)  err/to/n2=0/0/0  rss=319MB

== rep 17: mikroorm on postgres ==
[server] adapter=mikroorm engine=postgres pool=10 :3712
  mikroorm/postgres/point_read: 2403 req/s  p99=25ms  cpu=100% (kids 0%, db 22%)  err/to/n2=0/0/0  rss=276MB
  mikroorm/postgres/range_scan: 898 req/s  p99=64ms  cpu=105% (kids 0%, db 15%)  err/to/n2=0/0/0  rss=319MB
  mikroorm/postgres/deep_fetch: 522 req/s  p99=109ms  cpu=110% (kids 0%, db 50%)  err/to/n2=0/0/0  rss=327MB
  mikroorm/postgres/aggregation: 5561 req/s  p99=13ms  cpu=100% (kids 0%, db 350%)  err/to/n2=0/0/0  rss=324MB
[server] adapter=mikroorm engine=postgres pool=10 :3713
  mikroorm/postgres/write: 1899 req/s  p99=31ms  cpu=105% (kids 0%, db 45%)  err/to/n2=0/0/0  rss=223MB
[checkpoint] replicate 17/25 saved (90 cells)

===== replicate 18/25 (order=shuffle: mikroorm,mikroorm,typeorm,pg-tuned,knex,prisma,objection,objection,sequelize,sequelize,drizzle,mysql2,mysql2-tuned,drizzle,prisma,typeorm,pg,knex) =====

== rep 18: mikroorm on postgres ==
[server] adapter=mikroorm engine=postgres pool=10 :3714
  mikroorm/postgres/point_read: 2313 req/s  p99=26ms  cpu=104% (kids 0%, db 25%)  err/to/n2=0/0/0  rss=255MB
  mikroorm/postgres/range_scan: 891 req/s  p99=66ms  cpu=105% (kids 0%, db 15%)  err/to/n2=0/0/0  rss=313MB
  mikroorm/postgres/deep_fetch: 524 req/s  p99=105ms  cpu=110% (kids 0%, db 47%)  err/to/n2=0/0/0  rss=321MB
  mikroorm/postgres/aggregation: 5603 req/s  p99=13ms  cpu=100% (kids 0%, db 355%)  err/to/n2=0/0/0  rss=322MB
[server] adapter=mikroorm engine=postgres pool=10 :3715
  mikroorm/postgres/write: 1859 req/s  p99=32ms  cpu=104% (kids 0%, db 45%)  err/to/n2=0/0/0  rss=255MB

== rep 18: mikroorm on mysql ==
[server] adapter=mikroorm engine=mysql pool=10 :3716
  mikroorm/mysql/point_read: 2048 req/s  p99=27ms  cpu=100% (kids 0%, db 20%)  err/to/n2=0/0/0  rss=276MB
  mikroorm/mysql/range_scan: 853 req/s  p99=65ms  cpu=105% (kids 0%, db 15%)  err/to/n2=0/0/0  rss=342MB
  mikroorm/mysql/deep_fetch: 463 req/s  p99=126ms  cpu=110% (kids 0%, db 25%)  err/to/n2=0/0/0  rss=353MB
  mikroorm/mysql/aggregation: 3937 req/s  p99=17ms  cpu=100% (kids 0%, db 304%)  err/to/n2=0/0/0  rss=346MB
[server] adapter=mikroorm engine=mysql pool=10 :3717
  mikroorm/mysql/write: 1299 req/s  p99=135ms  cpu=95% (kids 0%, db 50%)  err/to/n2=0/0/0  rss=252MB

== rep 18: typeorm on mysql ==
[server] adapter=typeorm engine=mysql pool=10 :3718
  typeorm/mysql/point_read: 2990 req/s  p99=19ms  cpu=100% (kids 0%, db 35%)  err/to/n2=0/0/0  rss=217MB
  typeorm/mysql/range_scan: 2213 req/s  p99=28ms  cpu=100% (kids 0%, db 40%)  err/to/n2=0/0/0  rss=223MB
  typeorm/mysql/deep_fetch: 1035 req/s  p99=55ms  cpu=100% (kids 0%, db 70%)  err/to/n2=0/0/0  rss=226MB
  typeorm/mysql/aggregation: 3962 req/s  p99=16ms  cpu=100% (kids 0%, db 305%)  err/to/n2=0/0/0  rss=226MB
[server] adapter=typeorm engine=mysql pool=10 :3719
  typeorm/mysql/write: 1360 req/s  p99=110ms  cpu=90% (kids 0%, db 55%)  err/to/n2=0/0/0  rss=214MB

== rep 18: pg-tuned on postgres ==
[server] adapter=pg-tuned engine=postgres pool=10 :3720
  pg-tuned/postgres/point_read: 6149 req/s  p99=10ms  cpu=100% (kids 0%, db 30%)  err/to/n2=0/0/0  rss=196MB
  pg-tuned/postgres/range_scan: 3825 req/s  p99=18ms  cpu=100% (kids 0%, db 45%)  err/to/n2=0/0/0  rss=204MB
  pg-tuned/postgres/deep_fetch: 3726 req/s  p99=18ms  cpu=100% (kids 0%, db 220%)  err/to/n2=0/0/0  rss=204MB
  pg-tuned/postgres/aggregation: 7683 req/s  p99=9ms  cpu=100% (kids 0%, db 255%)  err/to/n2=0/0/0  rss=204MB
[server] adapter=pg-tuned engine=postgres pool=10 :3721
  pg-tuned/postgres/write: 6238 req/s  p99=11ms  cpu=100% (kids 0%, db 78%)  err/to/n2=0/0/0  rss=195MB

== rep 18: knex on mysql ==
[server] adapter=knex engine=mysql pool=10 :3722
  knex/mysql/point_read: 3777 req/s  p99=16ms  cpu=100% (kids 0%, db 40%)  err/to/n2=0/0/0  rss=207MB
  knex/mysql/range_scan: 2949 req/s  p99=20ms  cpu=100% (kids 0%, db 45%)  err/to/n2=0/0/0  rss=227MB
  knex/mysql/deep_fetch: 2004 req/s  p99=30ms  cpu=100% (kids 0%, db 75%)  err/to/n2=0/0/0  rss=229MB
  knex/mysql/aggregation: 4102 req/s  p99=15ms  cpu=100% (kids 0%, db 310%)  err/to/n2=0/0/0  rss=231MB
[server] adapter=knex engine=mysql pool=10 :3723
  knex/mysql/write: 1800 req/s  p99=115ms  cpu=50% (kids 0%, db 50%)  err/to/n2=0/0/0  rss=199MB

== rep 18: prisma on mysql ==
[server] adapter=prisma engine=mysql pool=10 :3724
  prisma/mysql/point_read: 1958 req/s  p99=32ms  cpu=100% (kids 0%, db 45%)  err/to/n2=0/0/0  rss=309MB
  prisma/mysql/range_scan: 1528 req/s  p99=40ms  cpu=105% (kids 0%, db 45%)  err/to/n2=0/0/0  rss=327MB
  prisma/mysql/deep_fetch: 642 req/s  p99=90ms  cpu=105% (kids 0%, db 65%)  err/to/n2=0/0/0  rss=329MB
  prisma/mysql/aggregation: 2429 req/s  p99=25ms  cpu=100% (kids 0%, db 235%)  err/to/n2=0/0/0  rss=340MB
[server] adapter=prisma engine=mysql pool=10 :3725
  prisma/mysql/write: 918 req/s  p99=119ms  cpu=100% (kids 0%, db 70%)  err/to/n2=0/0/0  rss=318MB

== rep 18: objection on postgres ==
[server] adapter=objection engine=postgres pool=10 :3726
  objection/postgres/point_read: 3948 req/s  p99=14ms  cpu=100% (kids 0%, db 45%)  err/to/n2=0/0/0  rss=211MB
  objection/postgres/range_scan: 2665 req/s  p99=23ms  cpu=100% (kids 0%, db 35%)  err/to/n2=0/0/0  rss=214MB
  objection/postgres/deep_fetch: 992 req/s  p99=57ms  cpu=100% (kids 0%, db 45%)  err/to/n2=0/0/0  rss=214MB
  objection/postgres/aggregation: 3423 req/s  p99=17ms  cpu=100% (kids 0%, db 220%)  err/to/n2=0/0/0  rss=215MB
[server] adapter=objection engine=postgres pool=10 :3727
  objection/postgres/write: 3883 req/s  p99=16ms  cpu=100% (kids 0%, db 70%)  err/to/n2=0/0/0  rss=231MB

== rep 18: objection on mysql ==
[server] adapter=objection engine=mysql pool=10 :3728
  objection/mysql/point_read: 3149 req/s  p99=19ms  cpu=100% (kids 0%, db 30%)  err/to/n2=0/0/0  rss=214MB
  objection/mysql/range_scan: 2521 req/s  p99=21ms  cpu=100% (kids 0%, db 40%)  err/to/n2=0/0/0  rss=220MB
  objection/mysql/deep_fetch: 857 req/s  p99=69ms  cpu=100% (kids 0%, db 50%)  err/to/n2=0/0/0  rss=221MB
  objection/mysql/aggregation: 2952 req/s  p99=20ms  cpu=100% (kids 0%, db 220%)  err/to/n2=0/0/0  rss=222MB
[server] adapter=objection engine=mysql pool=10 :3729
  objection/mysql/write: 1785 req/s  p99=111ms  cpu=60% (kids 0%, db 50%)  err/to/n2=0/0/0  rss=213MB

== rep 18: sequelize on mysql ==
[server] adapter=sequelize engine=mysql pool=10 :3730
  sequelize/mysql/point_read: 2645 req/s  p99=22ms  cpu=100% (kids 0%, db 30%)  err/to/n2=0/0/0  rss=216MB
  sequelize/mysql/range_scan: 2086 req/s  p99=26ms  cpu=100% (kids 0%, db 35%)  err/to/n2=0/0/0  rss=222MB
  sequelize/mysql/deep_fetch: 871 req/s  p99=67ms  cpu=100% (kids 0%, db 30%)  err/to/n2=0/0/0  rss=248MB
  sequelize/mysql/aggregation: 3483 req/s  p99=18ms  cpu=100% (kids 0%, db 265%)  err/to/n2=0/0/0  rss=248MB
[server] adapter=sequelize engine=mysql pool=10 :3731
  sequelize/mysql/write: 1740 req/s  p99=96ms  cpu=85% (kids 0%, db 45%)  err/to/n2=0/0/0  rss=211MB

== rep 18: sequelize on postgres ==
[server] adapter=sequelize engine=postgres pool=10 :3732
  sequelize/postgres/point_read: 3378 req/s  p99=18ms  cpu=100% (kids 0%, db 35%)  err/to/n2=0/0/0  rss=206MB
  sequelize/postgres/range_scan: 2454 req/s  p99=23ms  cpu=100% (kids 0%, db 35%)  err/to/n2=0/0/0  rss=212MB
  sequelize/postgres/deep_fetch: 953 req/s  p99=62ms  cpu=100% (kids 0%, db 50%)  err/to/n2=0/0/0  rss=246MB
  sequelize/postgres/aggregation: 4040 req/s  p99=15ms  cpu=100% (kids 0%, db 264%)  err/to/n2=0/0/0  rss=247MB
[server] adapter=sequelize engine=postgres pool=10 :3733
  sequelize/postgres/write: 2679 req/s  p99=22ms  cpu=100% (kids 0%, db 55%)  err/to/n2=0/0/0  rss=207MB

== rep 18: drizzle on mysql ==
[server] adapter=drizzle engine=mysql pool=10 :3734
  drizzle/mysql/point_read: 2887 req/s  p99=21ms  cpu=105% (kids 0%, db 35%)  err/to/n2=0/0/0  rss=291MB
  drizzle/mysql/range_scan: 2014 req/s  p99=31ms  cpu=105% (kids 0%, db 35%)  err/to/n2=0/0/0  rss=300MB
  drizzle/mysql/deep_fetch: 1285 req/s  p99=50ms  cpu=105% (kids 0%, db 50%)  err/to/n2=0/0/0  rss=299MB
  drizzle/mysql/aggregation: 3914 req/s  p99=18ms  cpu=100% (kids 0%, db 305%)  err/to/n2=0/0/0  rss=301MB
[server] adapter=drizzle engine=mysql pool=10 :3735
  drizzle/mysql/write: 1797 req/s  p99=85ms  cpu=60% (kids 0%, db 50%)  err/to/n2=0/0/0  rss=277MB

== rep 18: mysql2 on mysql ==
[server] adapter=mysql2 engine=mysql pool=10 :3736
  mysql2/mysql/point_read: 4312 req/s  p99=16ms  cpu=105% (kids 0%, db 45%)  err/to/n2=0/0/0  rss=268MB
  mysql2/mysql/range_scan: 3247 req/s  p99=21ms  cpu=105% (kids 0%, db 55%)  err/to/n2=0/0/0  rss=292MB
  mysql2/mysql/deep_fetch: 2422 req/s  p99=29ms  cpu=105% (kids 0%, db 85%)  err/to/n2=0/0/0  rss=292MB
  mysql2/mysql/aggregation: 4497 req/s  p99=15ms  cpu=103% (kids 0%, db 344%)  err/to/n2=0/0/0  rss=292MB
[server] adapter=mysql2 engine=mysql pool=10 :3737
  mysql2/mysql/write: 1348 req/s  p99=111ms  cpu=35% (kids 0%, db 35%)  err/to/n2=0/0/0  rss=250MB

== rep 18: mysql2-tuned on mysql ==
[server] adapter=mysql2-tuned engine=mysql pool=10 :3738
  mysql2-tuned/mysql/point_read: 4272 req/s  p99=14ms  cpu=100% (kids 0%, db 35%)  err/to/n2=0/0/0  rss=205MB
  mysql2-tuned/mysql/range_scan: 3245 req/s  p99=18ms  cpu=100% (kids 0%, db 45%)  err/to/n2=0/0/0  rss=210MB
  mysql2-tuned/mysql/deep_fetch: 2463 req/s  p99=22ms  cpu=100% (kids 0%, db 75%)  err/to/n2=0/0/0  rss=210MB
  mysql2-tuned/mysql/aggregation: 4400 req/s  p99=14ms  cpu=100% (kids 0%, db 305%)  err/to/n2=0/0/0  rss=211MB
[server] adapter=mysql2-tuned engine=mysql pool=10 :3739
  mysql2-tuned/mysql/write: 1453 req/s  p99=136ms  cpu=40% (kids 0%, db 40%)  err/to/n2=0/0/0  rss=145MB

== rep 18: drizzle on postgres ==
[server] adapter=drizzle engine=postgres pool=10 :3740
  drizzle/postgres/point_read: 4114 req/s  p99=14ms  cpu=100% (kids 0%, db 45%)  err/to/n2=0/0/0  rss=243MB
  drizzle/postgres/range_scan: 2820 req/s  p99=19ms  cpu=100% (kids 0%, db 45%)  err/to/n2=0/0/0  rss=244MB
  drizzle/postgres/deep_fetch: 1851 req/s  p99=30ms  cpu=100% (kids 0%, db 184%)  err/to/n2=0/0/0  rss=246MB
  drizzle/postgres/aggregation: 6348 req/s  p99=11ms  cpu=100% (kids 0%, db 395%)  err/to/n2=0/0/0  rss=242MB
[server] adapter=drizzle engine=postgres pool=10 :3741
  drizzle/postgres/write: 3825 req/s  p99=18ms  cpu=100% (kids 0%, db 65%)  err/to/n2=0/0/0  rss=238MB

== rep 18: prisma on postgres ==
[server] adapter=prisma engine=postgres pool=10 :3742
  prisma/postgres/point_read: 3188 req/s  p99=21ms  cpu=105% (kids 0%, db 40%)  err/to/n2=0/0/0  rss=300MB
  prisma/postgres/range_scan: 2298 req/s  p99=27ms  cpu=105% (kids 0%, db 35%)  err/to/n2=0/0/0  rss=298MB
  prisma/postgres/deep_fetch: 1184 req/s  p99=51ms  cpu=110% (kids 0%, db 65%)  err/to/n2=0/0/0  rss=305MB
  prisma/postgres/aggregation: 4361 req/s  p99=15ms  cpu=100% (kids 0%, db 289%)  err/to/n2=0/0/0  rss=305MB
[server] adapter=prisma engine=postgres pool=10 :3743
  prisma/postgres/write: 2710 req/s  p99=25ms  cpu=105% (kids 0%, db 55%)  err/to/n2=0/0/0  rss=305MB

== rep 18: typeorm on postgres ==
[server] adapter=typeorm engine=postgres pool=10 :3744
  typeorm/postgres/point_read: 3547 req/s  p99=16ms  cpu=100% (kids 0%, db 42%)  err/to/n2=0/0/0  rss=234MB
  typeorm/postgres/range_scan: 2581 req/s  p99=23ms  cpu=105% (kids 0%, db 40%)  err/to/n2=0/0/0  rss=270MB
  typeorm/postgres/deep_fetch: 1198 req/s  p99=48ms  cpu=105% (kids 0%, db 120%)  err/to/n2=0/0/0  rss=279MB
  typeorm/postgres/aggregation: 6020 req/s  p99=11ms  cpu=100% (kids 0%, db 370%)  err/to/n2=0/0/0  rss=280MB
[server] adapter=typeorm engine=postgres pool=10 :3745
  typeorm/postgres/write: 2575 req/s  p99=25ms  cpu=100% (kids 0%, db 65%)  err/to/n2=0/0/0  rss=234MB

== rep 18: pg on postgres ==
[server] adapter=pg engine=postgres pool=10 :3746
  pg/postgres/point_read: 6713 req/s  p99=9ms  cpu=100% (kids 0%, db 70%)  err/to/n2=0/0/0  rss=197MB
  pg/postgres/range_scan: 3741 req/s  p99=18ms  cpu=103% (kids 0%, db 50%)  err/to/n2=0/0/0  rss=205MB
  pg/postgres/deep_fetch: 3600 req/s  p99=17ms  cpu=100% (kids 0%, db 345%)  err/to/n2=0/0/0  rss=203MB
  pg/postgres/aggregation: 6838 req/s  p99=10ms  cpu=100% (kids 0%, db 440%)  err/to/n2=0/0/0  rss=203MB
[server] adapter=pg engine=postgres pool=10 :3747
  pg/postgres/write: 5938 req/s  p99=13ms  cpu=100% (kids 0%, db 100%)  err/to/n2=0/0/0  rss=197MB

== rep 18: knex on postgres ==
[server] adapter=knex engine=postgres pool=10 :3748
  knex/postgres/point_read: 5050 req/s  p99=12ms  cpu=100% (kids 0%, db 55%)  err/to/n2=0/0/0  rss=202MB
  knex/postgres/range_scan: 3184 req/s  p99=17ms  cpu=100% (kids 0%, db 45%)  err/to/n2=0/0/0  rss=209MB
  knex/postgres/deep_fetch: 2457 req/s  p99=29ms  cpu=100% (kids 0%, db 245%)  err/to/n2=0/0/0  rss=209MB
  knex/postgres/aggregation: 5679 req/s  p99=12ms  cpu=100% (kids 0%, db 350%)  err/to/n2=0/0/0  rss=210MB
[server] adapter=knex engine=postgres pool=10 :3749
  knex/postgres/write: 4316 req/s  p99=32ms  cpu=100% (kids 0%, db 80%)  err/to/n2=0/0/0  rss=202MB
[checkpoint] replicate 18/25 saved (90 cells)

===== replicate 19/25 (order=shuffle: objection,knex,typeorm,drizzle,pg,knex,typeorm,sequelize,mikroorm,drizzle,mysql2-tuned,prisma,prisma,objection,pg-tuned,mikroorm,mysql2,sequelize) =====

== rep 19: objection on postgres ==
[server] adapter=objection engine=postgres pool=10 :3750
  objection/postgres/point_read: 4019 req/s  p99=15ms  cpu=100% (kids 0%, db 42%)  err/to/n2=0/0/0  rss=205MB
  objection/postgres/range_scan: 2657 req/s  p99=22ms  cpu=100% (kids 0%, db 35%)  err/to/n2=0/0/0  rss=210MB
  objection/postgres/deep_fetch: 1024 req/s  p99=56ms  cpu=100% (kids 0%, db 50%)  err/to/n2=0/0/0  rss=212MB
  objection/postgres/aggregation: 3808 req/s  p99=16ms  cpu=100% (kids 0%, db 250%)  err/to/n2=0/0/0  rss=212MB
[server] adapter=objection engine=postgres pool=10 :3751
  objection/postgres/write: 3502 req/s  p99=34ms  cpu=100% (kids 0%, db 65%)  err/to/n2=0/0/0  rss=220MB

== rep 19: knex on mysql ==
[server] adapter=knex engine=mysql pool=10 :3752
  knex/mysql/point_read: 3760 req/s  p99=15ms  cpu=100% (kids 0%, db 40%)  err/to/n2=0/0/0  rss=206MB
  knex/mysql/range_scan: 2953 req/s  p99=21ms  cpu=100% (kids 0%, db 50%)  err/to/n2=0/0/0  rss=222MB
  knex/mysql/deep_fetch: 1956 req/s  p99=32ms  cpu=100% (kids 0%, db 75%)  err/to/n2=0/0/0  rss=223MB
  knex/mysql/aggregation: 3991 req/s  p99=15ms  cpu=100% (kids 0%, db 305%)  err/to/n2=0/0/0  rss=225MB
[server] adapter=knex engine=mysql pool=10 :3753
  knex/mysql/write: 1533 req/s  p99=100ms  cpu=45% (kids 0%, db 45%)  err/to/n2=0/0/0  rss=202MB

== rep 19: typeorm on postgres ==
[server] adapter=typeorm engine=postgres pool=10 :3754
  typeorm/postgres/point_read: 3985 req/s  p99=16ms  cpu=100% (kids 0%, db 47%)  err/to/n2=0/0/0  rss=229MB
  typeorm/postgres/range_scan: 2529 req/s  p99=23ms  cpu=105% (kids 0%, db 40%)  err/to/n2=0/0/0  rss=267MB
  typeorm/postgres/deep_fetch: 1239 req/s  p99=47ms  cpu=105% (kids 0%, db 120%)  err/to/n2=0/0/0  rss=275MB
  typeorm/postgres/aggregation: 6081 req/s  p99=11ms  cpu=100% (kids 0%, db 370%)  err/to/n2=0/0/0  rss=275MB
[server] adapter=typeorm engine=postgres pool=10 :3755
  typeorm/postgres/write: 2584 req/s  p99=23ms  cpu=100% (kids 0%, db 65%)  err/to/n2=0/0/0  rss=234MB

== rep 19: drizzle on mysql ==
[server] adapter=drizzle engine=mysql pool=10 :3756
  drizzle/mysql/point_read: 2834 req/s  p99=22ms  cpu=105% (kids 0%, db 35%)  err/to/n2=0/0/0  rss=283MB
  drizzle/mysql/range_scan: 2111 req/s  p99=31ms  cpu=105% (kids 0%, db 40%)  err/to/n2=0/0/0  rss=295MB
  drizzle/mysql/deep_fetch: 1290 req/s  p99=48ms  cpu=105% (kids 0%, db 47%)  err/to/n2=0/0/0  rss=292MB
  drizzle/mysql/aggregation: 3936 req/s  p99=18ms  cpu=105% (kids 0%, db 303%)  err/to/n2=0/0/0  rss=295MB
[server] adapter=drizzle engine=mysql pool=10 :3757
  drizzle/mysql/write: 1729 req/s  p99=109ms  cpu=60% (kids 0%, db 50%)  err/to/n2=0/0/0  rss=277MB

== rep 19: pg on postgres ==
[server] adapter=pg engine=postgres pool=10 :3758
  pg/postgres/point_read: 6447 req/s  p99=10ms  cpu=100% (kids 0%, db 65%)  err/to/n2=0/0/0  rss=195MB
  pg/postgres/range_scan: 3818 req/s  p99=18ms  cpu=100% (kids 0%, db 55%)  err/to/n2=0/0/0  rss=203MB
  pg/postgres/deep_fetch: 3581 req/s  p99=21ms  cpu=100% (kids 0%, db 350%)  err/to/n2=0/0/0  rss=204MB
  pg/postgres/aggregation: 6710 req/s  p99=9ms  cpu=100% (kids 0%, db 430%)  err/to/n2=0/0/0  rss=204MB
[server] adapter=pg engine=postgres pool=10 :3759
  pg/postgres/write: 5784 req/s  p99=27ms  cpu=100% (kids 0%, db 105%)  err/to/n2=0/0/0  rss=196MB

== rep 19: knex on postgres ==
[server] adapter=knex engine=postgres pool=10 :3760
  knex/postgres/point_read: 4849 req/s  p99=12ms  cpu=100% (kids 0%, db 50%)  err/to/n2=0/0/0  rss=202MB
  knex/postgres/range_scan: 3150 req/s  p99=20ms  cpu=100% (kids 0%, db 45%)  err/to/n2=0/0/0  rss=210MB
  knex/postgres/deep_fetch: 2414 req/s  p99=28ms  cpu=100% (kids 0%, db 240%)  err/to/n2=0/0/0  rss=210MB
  knex/postgres/aggregation: 5542 req/s  p99=11ms  cpu=100% (kids 0%, db 340%)  err/to/n2=0/0/0  rss=210MB
[server] adapter=knex engine=postgres pool=10 :3761
  knex/postgres/write: 4148 req/s  p99=15ms  cpu=100% (kids 0%, db 75%)  err/to/n2=0/0/0  rss=201MB

== rep 19: typeorm on mysql ==
[server] adapter=typeorm engine=mysql pool=10 :3762
  typeorm/mysql/point_read: 2984 req/s  p99=22ms  cpu=100% (kids 0%, db 37%)  err/to/n2=0/0/0  rss=217MB
  typeorm/mysql/range_scan: 2280 req/s  p99=25ms  cpu=100% (kids 0%, db 40%)  err/to/n2=0/0/0  rss=222MB
  typeorm/mysql/deep_fetch: 1010 req/s  p99=60ms  cpu=100% (kids 0%, db 70%)  err/to/n2=0/0/0  rss=225MB
  typeorm/mysql/aggregation: 4013 req/s  p99=15ms  cpu=100% (kids 0%, db 309%)  err/to/n2=0/0/0  rss=225MB
[server] adapter=typeorm engine=mysql pool=10 :3763
  typeorm/mysql/write: 1351 req/s  p99=133ms  cpu=95% (kids 0%, db 55%)  err/to/n2=0/0/0  rss=213MB

== rep 19: sequelize on postgres ==
[server] adapter=sequelize engine=postgres pool=10 :3764
  sequelize/postgres/point_read: 3456 req/s  p99=17ms  cpu=100% (kids 0%, db 35%)  err/to/n2=0/0/0  rss=207MB
  sequelize/postgres/range_scan: 2436 req/s  p99=24ms  cpu=100% (kids 0%, db 30%)  err/to/n2=0/0/0  rss=214MB
  sequelize/postgres/deep_fetch: 987 req/s  p99=61ms  cpu=100% (kids 0%, db 50%)  err/to/n2=0/0/0  rss=249MB
  sequelize/postgres/aggregation: 4749 req/s  p99=14ms  cpu=100% (kids 0%, db 315%)  err/to/n2=0/0/0  rss=252MB
[server] adapter=sequelize engine=postgres pool=10 :3765
  sequelize/postgres/write: 2630 req/s  p99=25ms  cpu=100% (kids 0%, db 50%)  err/to/n2=0/0/0  rss=209MB

== rep 19: mikroorm on postgres ==
[server] adapter=mikroorm engine=postgres pool=10 :3766
  mikroorm/postgres/point_read: 2383 req/s  p99=27ms  cpu=100% (kids 0%, db 25%)  err/to/n2=0/0/0  rss=271MB
  mikroorm/postgres/range_scan: 875 req/s  p99=70ms  cpu=105% (kids 0%, db 10%)  err/to/n2=0/0/0  rss=314MB
  mikroorm/postgres/deep_fetch: 481 req/s  p99=117ms  cpu=110% (kids 0%, db 45%)  err/to/n2=0/0/0  rss=322MB
  mikroorm/postgres/aggregation: 5618 req/s  p99=12ms  cpu=100% (kids 0%, db 350%)  err/to/n2=0/0/0  rss=324MB
[server] adapter=mikroorm engine=postgres pool=10 :3767
  mikroorm/postgres/write: 1895 req/s  p99=31ms  cpu=105% (kids 0%, db 45%)  err/to/n2=0/0/0  rss=228MB

== rep 19: drizzle on postgres ==
[server] adapter=drizzle engine=postgres pool=10 :3768
  drizzle/postgres/point_read: 3810 req/s  p99=16ms  cpu=100% (kids 0%, db 42%)  err/to/n2=0/0/0  rss=239MB
  drizzle/postgres/range_scan: 2719 req/s  p99=22ms  cpu=100% (kids 0%, db 40%)  err/to/n2=0/0/0  rss=241MB
  drizzle/postgres/deep_fetch: 1710 req/s  p99=32ms  cpu=100% (kids 0%, db 170%)  err/to/n2=0/0/0  rss=241MB
  drizzle/postgres/aggregation: 6318 req/s  p99=12ms  cpu=100% (kids 0%, db 395%)  err/to/n2=0/0/0  rss=238MB
[server] adapter=drizzle engine=postgres pool=10 :3769
  drizzle/postgres/write: 4010 req/s  p99=19ms  cpu=100% (kids 0%, db 75%)  err/to/n2=0/0/0  rss=243MB

== rep 19: mysql2-tuned on mysql ==
[server] adapter=mysql2-tuned engine=mysql pool=10 :3770
  mysql2-tuned/mysql/point_read: 4148 req/s  p99=15ms  cpu=100% (kids 0%, db 35%)  err/to/n2=0/0/0  rss=205MB
  mysql2-tuned/mysql/range_scan: 3165 req/s  p99=18ms  cpu=100% (kids 0%, db 45%)  err/to/n2=0/0/0  rss=209MB
  mysql2-tuned/mysql/deep_fetch: 2447 req/s  p99=25ms  cpu=100% (kids 0%, db 70%)  err/to/n2=0/0/0  rss=209MB
  mysql2-tuned/mysql/aggregation: 4438 req/s  p99=14ms  cpu=100% (kids 0%, db 315%)  err/to/n2=0/0/0  rss=209MB
[server] adapter=mysql2-tuned engine=mysql pool=10 :3771
  mysql2-tuned/mysql/write: 1389 req/s  p99=144ms  cpu=35% (kids 0%, db 35%)  err/to/n2=0/0/0  rss=144MB

== rep 19: prisma on mysql ==
[server] adapter=prisma engine=mysql pool=10 :3772
  prisma/mysql/point_read: 1963 req/s  p99=31ms  cpu=105% (kids 0%, db 45%)  err/to/n2=0/0/0  rss=308MB
  prisma/mysql/range_scan: 1505 req/s  p99=38ms  cpu=105% (kids 0%, db 45%)  err/to/n2=0/0/0  rss=325MB
  prisma/mysql/deep_fetch: 625 req/s  p99=93ms  cpu=105% (kids 0%, db 65%)  err/to/n2=0/0/0  rss=332MB
  prisma/mysql/aggregation: 2390 req/s  p99=25ms  cpu=100% (kids 0%, db 230%)  err/to/n2=0/0/0  rss=341MB
[server] adapter=prisma engine=mysql pool=10 :3773
  prisma/mysql/write: 835 req/s  p99=155ms  cpu=90% (kids 0%, db 65%)  err/to/n2=0/0/0  rss=310MB

== rep 19: prisma on postgres ==
[server] adapter=prisma engine=postgres pool=10 :3774
  prisma/postgres/point_read: 3216 req/s  p99=20ms  cpu=105% (kids 0%, db 40%)  err/to/n2=0/0/0  rss=298MB
  prisma/postgres/range_scan: 2431 req/s  p99=26ms  cpu=105% (kids 0%, db 35%)  err/to/n2=0/0/0  rss=296MB
  prisma/postgres/deep_fetch: 1181 req/s  p99=52ms  cpu=105% (kids 0%, db 60%)  err/to/n2=0/0/0  rss=303MB
  prisma/postgres/aggregation: 4427 req/s  p99=14ms  cpu=100% (kids 0%, db 294%)  err/to/n2=0/0/0  rss=303MB
[server] adapter=prisma engine=postgres pool=10 :3775
  prisma/postgres/write: 2705 req/s  p99=25ms  cpu=105% (kids 0%, db 55%)  err/to/n2=0/0/0  rss=304MB

== rep 19: objection on mysql ==
[server] adapter=objection engine=mysql pool=10 :3776
  objection/mysql/point_read: 3247 req/s  p99=17ms  cpu=100% (kids 0%, db 35%)  err/to/n2=0/0/0  rss=215MB
  objection/mysql/range_scan: 2565 req/s  p99=23ms  cpu=100% (kids 0%, db 45%)  err/to/n2=0/0/0  rss=221MB
  objection/mysql/deep_fetch: 849 req/s  p99=65ms  cpu=100% (kids 0%, db 45%)  err/to/n2=0/0/0  rss=222MB
  objection/mysql/aggregation: 2778 req/s  p99=23ms  cpu=100% (kids 0%, db 210%)  err/to/n2=0/0/0  rss=223MB
[server] adapter=objection engine=mysql pool=10 :3777
  objection/mysql/write: 1799 req/s  p99=88ms  cpu=60% (kids 0%, db 50%)  err/to/n2=0/0/0  rss=209MB

== rep 19: pg-tuned on postgres ==
[server] adapter=pg-tuned engine=postgres pool=10 :3778
  pg-tuned/postgres/point_read: 6516 req/s  p99=10ms  cpu=100% (kids 0%, db 30%)  err/to/n2=0/0/0  rss=196MB
  pg-tuned/postgres/range_scan: 3780 req/s  p99=19ms  cpu=100% (kids 0%, db 45%)  err/to/n2=0/0/0  rss=203MB
  pg-tuned/postgres/deep_fetch: 3780 req/s  p99=17ms  cpu=100% (kids 0%, db 224%)  err/to/n2=0/0/0  rss=203MB
  pg-tuned/postgres/aggregation: 7740 req/s  p99=8ms  cpu=100% (kids 0%, db 255%)  err/to/n2=0/0/0  rss=204MB
[server] adapter=pg-tuned engine=postgres pool=10 :3779
  pg-tuned/postgres/write: 6312 req/s  p99=10ms  cpu=100% (kids 0%, db 75%)  err/to/n2=0/0/0  rss=194MB

== rep 19: mikroorm on mysql ==
[server] adapter=mikroorm engine=mysql pool=10 :3780
  mikroorm/mysql/point_read: 1993 req/s  p99=28ms  cpu=100% (kids 0%, db 25%)  err/to/n2=0/0/0  rss=280MB
  mikroorm/mysql/range_scan: 822 req/s  p99=83ms  cpu=105% (kids 0%, db 15%)  err/to/n2=0/0/0  rss=351MB
  mikroorm/mysql/deep_fetch: 481 req/s  p99=121ms  cpu=110% (kids 0%, db 25%)  err/to/n2=0/0/0  rss=366MB
  mikroorm/mysql/aggregation: 4049 req/s  p99=15ms  cpu=100% (kids 0%, db 315%)  err/to/n2=0/0/0  rss=356MB
[server] adapter=mikroorm engine=mysql pool=10 :3781
  mikroorm/mysql/write: 1295 req/s  p99=101ms  cpu=100% (kids 0%, db 50%)  err/to/n2=0/0/0  rss=229MB

== rep 19: mysql2 on mysql ==
[server] adapter=mysql2 engine=mysql pool=10 :3782
  mysql2/mysql/point_read: 3807 req/s  p99=17ms  cpu=105% (kids 0%, db 40%)  err/to/n2=0/0/0  rss=266MB
  mysql2/mysql/range_scan: 3002 req/s  p99=22ms  cpu=105% (kids 0%, db 50%)  err/to/n2=0/0/0  rss=291MB
  mysql2/mysql/deep_fetch: 2478 req/s  p99=27ms  cpu=105% (kids 0%, db 90%)  err/to/n2=0/0/0  rss=291MB
  mysql2/mysql/aggregation: 4451 req/s  p99=15ms  cpu=100% (kids 0%, db 340%)  err/to/n2=0/0/0  rss=291MB
[server] adapter=mysql2 engine=mysql pool=10 :3783
  mysql2/mysql/write: 1816 req/s  p99=115ms  cpu=50% (kids 0%, db 50%)  err/to/n2=0/0/0  rss=254MB

== rep 19: sequelize on mysql ==
[server] adapter=sequelize engine=mysql pool=10 :3784
  sequelize/mysql/point_read: 2686 req/s  p99=22ms  cpu=100% (kids 0%, db 30%)  err/to/n2=0/0/0  rss=216MB
  sequelize/mysql/range_scan: 2069 req/s  p99=27ms  cpu=100% (kids 0%, db 35%)  err/to/n2=0/0/0  rss=223MB
  sequelize/mysql/deep_fetch: 880 req/s  p99=68ms  cpu=100% (kids 0%, db 30%)  err/to/n2=0/0/0  rss=262MB
  sequelize/mysql/aggregation: 3422 req/s  p99=18ms  cpu=100% (kids 0%, db 260%)  err/to/n2=0/0/0  rss=259MB
[server] adapter=sequelize engine=mysql pool=10 :3785
  sequelize/mysql/write: 1764 req/s  p99=88ms  cpu=85% (kids 0%, db 45%)  err/to/n2=0/0/0  rss=213MB
[checkpoint] replicate 19/25 saved (90 cells)

===== replicate 20/25 (order=shuffle: prisma,typeorm,prisma,knex,mikroorm,pg-tuned,pg,drizzle,mikroorm,drizzle,knex,typeorm,objection,objection,sequelize,mysql2-tuned,sequelize,mysql2) =====

== rep 20: prisma on mysql ==
[server] adapter=prisma engine=mysql pool=10 :3786
  prisma/mysql/point_read: 2101 req/s  p99=28ms  cpu=105% (kids 0%, db 50%)  err/to/n2=0/0/0  rss=312MB
  prisma/mysql/range_scan: 1513 req/s  p99=40ms  cpu=105% (kids 0%, db 45%)  err/to/n2=0/0/0  rss=329MB
  prisma/mysql/deep_fetch: 631 req/s  p99=90ms  cpu=105% (kids 0%, db 60%)  err/to/n2=0/0/0  rss=332MB
  prisma/mysql/aggregation: 2349 req/s  p99=27ms  cpu=100% (kids 0%, db 225%)  err/to/n2=0/0/0  rss=339MB
[server] adapter=prisma engine=mysql pool=10 :3787
  prisma/mysql/write: 859 req/s  p99=103ms  cpu=100% (kids 0%, db 65%)  err/to/n2=0/0/0  rss=316MB

== rep 20: typeorm on mysql ==
[server] adapter=typeorm engine=mysql pool=10 :3788
  typeorm/mysql/point_read: 2651 req/s  p99=22ms  cpu=100% (kids 0%, db 30%)  err/to/n2=0/0/0  rss=214MB
  typeorm/mysql/range_scan: 2262 req/s  p99=25ms  cpu=100% (kids 0%, db 40%)  err/to/n2=0/0/0  rss=219MB
  typeorm/mysql/deep_fetch: 1034 req/s  p99=59ms  cpu=100% (kids 0%, db 70%)  err/to/n2=0/0/0  rss=223MB
  typeorm/mysql/aggregation: 3881 req/s  p99=15ms  cpu=100% (kids 0%, db 295%)  err/to/n2=0/0/0  rss=222MB
[server] adapter=typeorm engine=mysql pool=10 :3789
  typeorm/mysql/write: 1314 req/s  p99=115ms  cpu=95% (kids 0%, db 50%)  err/to/n2=0/0/0  rss=214MB

== rep 20: prisma on postgres ==
[server] adapter=prisma engine=postgres pool=10 :3790
  prisma/postgres/point_read: 3241 req/s  p99=21ms  cpu=105% (kids 0%, db 40%)  err/to/n2=0/0/0  rss=300MB
  prisma/postgres/range_scan: 2355 req/s  p99=27ms  cpu=105% (kids 0%, db 35%)  err/to/n2=0/0/0  rss=301MB
  prisma/postgres/deep_fetch: 1159 req/s  p99=52ms  cpu=105% (kids 0%, db 60%)  err/to/n2=0/0/0  rss=308MB
  prisma/postgres/aggregation: 3963 req/s  p99=17ms  cpu=100% (kids 0%, db 255%)  err/to/n2=0/0/0  rss=309MB
[server] adapter=prisma engine=postgres pool=10 :3791
  prisma/postgres/write: 2728 req/s  p99=24ms  cpu=105% (kids 0%, db 57%)  err/to/n2=0/0/0  rss=306MB

== rep 20: knex on mysql ==
[server] adapter=knex engine=mysql pool=10 :3792
  knex/mysql/point_read: 3743 req/s  p99=15ms  cpu=100% (kids 0%, db 40%)  err/to/n2=0/0/0  rss=207MB
  knex/mysql/range_scan: 2792 req/s  p99=22ms  cpu=100% (kids 0%, db 45%)  err/to/n2=0/0/0  rss=223MB
  knex/mysql/deep_fetch: 2044 req/s  p99=27ms  cpu=100% (kids 0%, db 75%)  err/to/n2=0/0/0  rss=225MB
  knex/mysql/aggregation: 4045 req/s  p99=15ms  cpu=100% (kids 0%, db 305%)  err/to/n2=0/0/0  rss=227MB
[server] adapter=knex engine=mysql pool=10 :3793
  knex/mysql/write: 1773 req/s  p99=121ms  cpu=55% (kids 0%, db 50%)  err/to/n2=0/0/0  rss=201MB

== rep 20: mikroorm on postgres ==
[server] adapter=mikroorm engine=postgres pool=10 :3794
  mikroorm/postgres/point_read: 2413 req/s  p99=25ms  cpu=105% (kids 0%, db 25%)  err/to/n2=0/0/0  rss=266MB
  mikroorm/postgres/range_scan: 914 req/s  p99=64ms  cpu=105% (kids 0%, db 10%)  err/to/n2=0/0/0  rss=314MB
  mikroorm/postgres/deep_fetch: 495 req/s  p99=117ms  cpu=110% (kids 0%, db 50%)  err/to/n2=0/0/0  rss=324MB
  mikroorm/postgres/aggregation: 5665 req/s  p99=11ms  cpu=100% (kids 0%, db 350%)  err/to/n2=0/0/0  rss=320MB
[server] adapter=mikroorm engine=postgres pool=10 :3795
  mikroorm/postgres/write: 1833 req/s  p99=32ms  cpu=105% (kids 0%, db 40%)  err/to/n2=0/0/0  rss=232MB

== rep 20: pg-tuned on postgres ==
[server] adapter=pg-tuned engine=postgres pool=10 :3796
  pg-tuned/postgres/point_read: 6646 req/s  p99=10ms  cpu=100% (kids 0%, db 30%)  err/to/n2=0/0/0  rss=194MB
  pg-tuned/postgres/range_scan: 3489 req/s  p99=18ms  cpu=100% (kids 0%, db 45%)  err/to/n2=0/0/0  rss=202MB
  pg-tuned/postgres/deep_fetch: 3553 req/s  p99=18ms  cpu=100% (kids 0%, db 212%)  err/to/n2=0/0/0  rss=202MB
  pg-tuned/postgres/aggregation: 7649 req/s  p99=8ms  cpu=100% (kids 0%, db 255%)  err/to/n2=0/0/0  rss=202MB
[server] adapter=pg-tuned engine=postgres pool=10 :3797
  pg-tuned/postgres/write: 6259 req/s  p99=11ms  cpu=100% (kids 0%, db 75%)  err/to/n2=0/0/0  rss=191MB

== rep 20: pg on postgres ==
[server] adapter=pg engine=postgres pool=10 :3798
  pg/postgres/point_read: 6607 req/s  p99=10ms  cpu=100% (kids 0%, db 65%)  err/to/n2=0/0/0  rss=197MB
  pg/postgres/range_scan: 3820 req/s  p99=18ms  cpu=105% (kids 0%, db 55%)  err/to/n2=0/0/0  rss=205MB
  pg/postgres/deep_fetch: 3644 req/s  p99=17ms  cpu=100% (kids 0%, db 350%)  err/to/n2=0/0/0  rss=203MB
  pg/postgres/aggregation: 6898 req/s  p99=9ms  cpu=100% (kids 0%, db 445%)  err/to/n2=0/0/0  rss=203MB
[server] adapter=pg engine=postgres pool=10 :3799
  pg/postgres/write: 5949 req/s  p99=12ms  cpu=100% (kids 0%, db 105%)  err/to/n2=0/0/0  rss=202MB

== rep 20: drizzle on mysql ==
[server] adapter=drizzle engine=mysql pool=10 :3800
  drizzle/mysql/point_read: 2847 req/s  p99=22ms  cpu=105% (kids 0%, db 30%)  err/to/n2=0/0/0  rss=286MB
  drizzle/mysql/range_scan: 2169 req/s  p99=29ms  cpu=105% (kids 0%, db 35%)  err/to/n2=0/0/0  rss=299MB
  drizzle/mysql/deep_fetch: 1311 req/s  p99=47ms  cpu=105% (kids 0%, db 50%)  err/to/n2=0/0/0  rss=295MB
  drizzle/mysql/aggregation: 3983 req/s  p99=17ms  cpu=105% (kids 0%, db 305%)  err/to/n2=0/0/0  rss=296MB
[server] adapter=drizzle engine=mysql pool=10 :3801
  drizzle/mysql/write: 1570 req/s  p99=96ms  cpu=55% (kids 0%, db 45%)  err/to/n2=0/0/0  rss=277MB

== rep 20: mikroorm on mysql ==
[server] adapter=mikroorm engine=mysql pool=10 :3802
  mikroorm/mysql/point_read: 2005 req/s  p99=27ms  cpu=100% (kids 0%, db 25%)  err/to/n2=0/0/0  rss=286MB
  mikroorm/mysql/range_scan: 858 req/s  p99=66ms  cpu=105% (kids 0%, db 15%)  err/to/n2=0/0/0  rss=355MB
  mikroorm/mysql/deep_fetch: 481 req/s  p99=118ms  cpu=110% (kids 0%, db 25%)  err/to/n2=0/0/0  rss=360MB
  mikroorm/mysql/aggregation: 3958 req/s  p99=18ms  cpu=100% (kids 0%, db 305%)  err/to/n2=0/0/0  rss=361MB
[server] adapter=mikroorm engine=mysql pool=10 :3803
  mikroorm/mysql/write: 1080 req/s  p99=134ms  cpu=80% (kids 0%, db 40%)  err/to/n2=0/0/0  rss=247MB

== rep 20: drizzle on postgres ==
[server] adapter=drizzle engine=postgres pool=10 :3804
  drizzle/postgres/point_read: 4236 req/s  p99=13ms  cpu=100% (kids 0%, db 45%)  err/to/n2=0/0/0  rss=235MB
  drizzle/postgres/range_scan: 2735 req/s  p99=23ms  cpu=100% (kids 0%, db 40%)  err/to/n2=0/0/0  rss=239MB
  drizzle/postgres/deep_fetch: 1807 req/s  p99=35ms  cpu=100% (kids 0%, db 180%)  err/to/n2=0/0/0  rss=239MB
  drizzle/postgres/aggregation: 6398 req/s  p99=10ms  cpu=100% (kids 0%, db 393%)  err/to/n2=0/0/0  rss=235MB
[server] adapter=drizzle engine=postgres pool=10 :3805
  drizzle/postgres/write: 3784 req/s  p99=32ms  cpu=100% (kids 0%, db 70%)  err/to/n2=0/0/0  rss=241MB

== rep 20: knex on postgres ==
[server] adapter=knex engine=postgres pool=10 :3806
  knex/postgres/point_read: 4277 req/s  p99=14ms  cpu=100% (kids 0%, db 45%)  err/to/n2=0/0/0  rss=201MB
  knex/postgres/range_scan: 3160 req/s  p99=20ms  cpu=100% (kids 0%, db 45%)  err/to/n2=0/0/0  rss=209MB
  knex/postgres/deep_fetch: 2483 req/s  p99=23ms  cpu=100% (kids 0%, db 240%)  err/to/n2=0/0/0  rss=209MB
  knex/postgres/aggregation: 5501 req/s  p99=11ms  cpu=100% (kids 0%, db 335%)  err/to/n2=0/0/0  rss=209MB
[server] adapter=knex engine=postgres pool=10 :3807
  knex/postgres/write: 4284 req/s  p99=32ms  cpu=95% (kids 0%, db 80%)  err/to/n2=0/0/0  rss=198MB

== rep 20: typeorm on postgres ==
[server] adapter=typeorm engine=postgres pool=10 :3808
  typeorm/postgres/point_read: 4118 req/s  p99=15ms  cpu=100% (kids 0%, db 50%)  err/to/n2=0/0/0  rss=260MB
  typeorm/postgres/range_scan: 2510 req/s  p99=26ms  cpu=105% (kids 0%, db 40%)  err/to/n2=0/0/0  rss=267MB
  typeorm/postgres/deep_fetch: 1216 req/s  p99=47ms  cpu=105% (kids 0%, db 120%)  err/to/n2=0/0/0  rss=275MB
  typeorm/postgres/aggregation: 6033 req/s  p99=11ms  cpu=100% (kids 0%, db 370%)  err/to/n2=0/0/0  rss=275MB
[server] adapter=typeorm engine=postgres pool=10 :3809
  typeorm/postgres/write: 2552 req/s  p99=26ms  cpu=100% (kids 0%, db 65%)  err/to/n2=0/0/0  rss=238MB

== rep 20: objection on postgres ==
[server] adapter=objection engine=postgres pool=10 :3810
  objection/postgres/point_read: 4065 req/s  p99=14ms  cpu=100% (kids 0%, db 45%)  err/to/n2=0/0/0  rss=216MB
  objection/postgres/range_scan: 2713 req/s  p99=20ms  cpu=100% (kids 0%, db 40%)  err/to/n2=0/0/0  rss=219MB
  objection/postgres/deep_fetch: 1071 req/s  p99=50ms  cpu=100% (kids 0%, db 50%)  err/to/n2=0/0/0  rss=221MB
  objection/postgres/aggregation: 3774 req/s  p99=15ms  cpu=100% (kids 0%, db 250%)  err/to/n2=0/0/0  rss=222MB
[server] adapter=objection engine=postgres pool=10 :3811
  objection/postgres/write: 3613 req/s  p99=22ms  cpu=100% (kids 0%, db 65%)  err/to/n2=0/0/0  rss=220MB

== rep 20: objection on mysql ==
[server] adapter=objection engine=mysql pool=10 :3812
  objection/mysql/point_read: 3159 req/s  p99=18ms  cpu=100% (kids 0%, db 35%)  err/to/n2=0/0/0  rss=215MB
  objection/mysql/range_scan: 2553 req/s  p99=21ms  cpu=100% (kids 0%, db 40%)  err/to/n2=0/0/0  rss=220MB
  objection/mysql/deep_fetch: 857 req/s  p99=65ms  cpu=100% (kids 0%, db 45%)  err/to/n2=0/0/0  rss=220MB
  objection/mysql/aggregation: 2822 req/s  p99=24ms  cpu=100% (kids 0%, db 220%)  err/to/n2=0/0/0  rss=220MB
[server] adapter=objection engine=mysql pool=10 :3813
  objection/mysql/write: 1798 req/s  p99=109ms  cpu=60% (kids 0%, db 50%)  err/to/n2=0/0/0  rss=209MB

== rep 20: sequelize on mysql ==
[server] adapter=sequelize engine=mysql pool=10 :3814
  sequelize/mysql/point_read: 2670 req/s  p99=24ms  cpu=100% (kids 0%, db 30%)  err/to/n2=0/0/0  rss=216MB
  sequelize/mysql/range_scan: 2030 req/s  p99=28ms  cpu=100% (kids 0%, db 35%)  err/to/n2=0/0/0  rss=224MB
  sequelize/mysql/deep_fetch: 880 req/s  p99=68ms  cpu=100% (kids 0%, db 30%)  err/to/n2=0/0/0  rss=247MB
  sequelize/mysql/aggregation: 3513 req/s  p99=18ms  cpu=100% (kids 0%, db 266%)  err/to/n2=0/0/0  rss=247MB
[server] adapter=sequelize engine=mysql pool=10 :3815
  sequelize/mysql/write: 1737 req/s  p99=115ms  cpu=85% (kids 0%, db 45%)  err/to/n2=0/0/0  rss=213MB

== rep 20: mysql2-tuned on mysql ==
[server] adapter=mysql2-tuned engine=mysql pool=10 :3816
  mysql2-tuned/mysql/point_read: 4245 req/s  p99=14ms  cpu=100% (kids 0%, db 35%)  err/to/n2=0/0/0  rss=205MB
  mysql2-tuned/mysql/range_scan: 3264 req/s  p99=16ms  cpu=100% (kids 0%, db 45%)  err/to/n2=0/0/0  rss=211MB
  mysql2-tuned/mysql/deep_fetch: 2411 req/s  p99=23ms  cpu=100% (kids 0%, db 70%)  err/to/n2=0/0/0  rss=211MB
  mysql2-tuned/mysql/aggregation: 4419 req/s  p99=14ms  cpu=100% (kids 0%, db 305%)  err/to/n2=0/0/0  rss=211MB
[server] adapter=mysql2-tuned engine=mysql pool=10 :3817
  mysql2-tuned/mysql/write: 1836 req/s  p99=90ms  cpu=50% (kids 0%, db 50%)  err/to/n2=0/0/0  rss=144MB

== rep 20: sequelize on postgres ==
[server] adapter=sequelize engine=postgres pool=10 :3818
  sequelize/postgres/point_read: 3476 req/s  p99=17ms  cpu=100% (kids 0%, db 35%)  err/to/n2=0/0/0  rss=205MB
  sequelize/postgres/range_scan: 2421 req/s  p99=24ms  cpu=100% (kids 0%, db 35%)  err/to/n2=0/0/0  rss=214MB
  sequelize/postgres/deep_fetch: 988 req/s  p99=59ms  cpu=100% (kids 0%, db 50%)  err/to/n2=0/0/0  rss=250MB
  sequelize/postgres/aggregation: 4746 req/s  p99=14ms  cpu=100% (kids 0%, db 310%)  err/to/n2=0/0/0  rss=253MB
[server] adapter=sequelize engine=postgres pool=10 :3819
  sequelize/postgres/write: 2682 req/s  p99=22ms  cpu=100% (kids 0%, db 55%)  err/to/n2=0/0/0  rss=206MB

== rep 20: mysql2 on mysql ==
[server] adapter=mysql2 engine=mysql pool=10 :3820
  mysql2/mysql/point_read: 4313 req/s  p99=16ms  cpu=105% (kids 0%, db 45%)  err/to/n2=0/0/0  rss=268MB
  mysql2/mysql/range_scan: 3115 req/s  p99=22ms  cpu=105% (kids 0%, db 50%)  err/to/n2=0/0/0  rss=290MB
  mysql2/mysql/deep_fetch: 2182 req/s  p99=30ms  cpu=105% (kids 0%, db 80%)  err/to/n2=0/0/0  rss=290MB
  mysql2/mysql/aggregation: 4476 req/s  p99=15ms  cpu=105% (kids 0%, db 340%)  err/to/n2=0/0/0  rss=290MB
[server] adapter=mysql2 engine=mysql pool=10 :3821
  mysql2/mysql/write: 1833 req/s  p99=105ms  cpu=50% (kids 0%, db 50%)  err/to/n2=0/0/0  rss=252MB
[checkpoint] replicate 20/25 saved (90 cells)

===== replicate 21/25 (order=shuffle: mysql2,objection,sequelize,prisma,knex,mikroorm,objection,drizzle,prisma,typeorm,knex,sequelize,mysql2-tuned,pg,drizzle,typeorm,pg-tuned,mikroorm) =====

== rep 21: mysql2 on mysql ==
[server] adapter=mysql2 engine=mysql pool=10 :3822
  mysql2/mysql/point_read: 4316 req/s  p99=16ms  cpu=105% (kids 0%, db 45%)  err/to/n2=0/0/0  rss=267MB
  mysql2/mysql/range_scan: 3008 req/s  p99=22ms  cpu=105% (kids 0%, db 50%)  err/to/n2=0/0/0  rss=291MB
  mysql2/mysql/deep_fetch: 2390 req/s  p99=28ms  cpu=105% (kids 0%, db 85%)  err/to/n2=0/0/0  rss=291MB
  mysql2/mysql/aggregation: 4450 req/s  p99=16ms  cpu=100% (kids 0%, db 345%)  err/to/n2=0/0/0  rss=291MB
[server] adapter=mysql2 engine=mysql pool=10 :3823
  mysql2/mysql/write: 1835 req/s  p99=103ms  cpu=50% (kids 0%, db 50%)  err/to/n2=0/0/0  rss=251MB

== rep 21: objection on postgres ==
[server] adapter=objection engine=postgres pool=10 :3824
  objection/postgres/point_read: 3888 req/s  p99=16ms  cpu=100% (kids 0%, db 40%)  err/to/n2=0/0/0  rss=204MB
  objection/postgres/range_scan: 2666 req/s  p99=22ms  cpu=100% (kids 0%, db 35%)  err/to/n2=0/0/0  rss=210MB
  objection/postgres/deep_fetch: 1005 req/s  p99=55ms  cpu=100% (kids 0%, db 50%)  err/to/n2=0/0/0  rss=212MB
  objection/postgres/aggregation: 3808 req/s  p99=17ms  cpu=100% (kids 0%, db 250%)  err/to/n2=0/0/0  rss=213MB
[server] adapter=objection engine=postgres pool=10 :3825
  objection/postgres/write: 3846 req/s  p99=16ms  cpu=100% (kids 0%, db 65%)  err/to/n2=0/0/0  rss=216MB

== rep 21: sequelize on mysql ==
[server] adapter=sequelize engine=mysql pool=10 :3826
  sequelize/mysql/point_read: 2650 req/s  p99=23ms  cpu=100% (kids 0%, db 30%)  err/to/n2=0/0/0  rss=215MB
  sequelize/mysql/range_scan: 2056 req/s  p99=27ms  cpu=100% (kids 0%, db 35%)  err/to/n2=0/0/0  rss=225MB
  sequelize/mysql/deep_fetch: 873 req/s  p99=68ms  cpu=100% (kids 0%, db 30%)  err/to/n2=0/0/0  rss=252MB
  sequelize/mysql/aggregation: 3339 req/s  p99=18ms  cpu=100% (kids 0%, db 250%)  err/to/n2=0/0/0  rss=254MB
[server] adapter=sequelize engine=mysql pool=10 :3827
  sequelize/mysql/write: 1737 req/s  p99=85ms  cpu=85% (kids 0%, db 45%)  err/to/n2=0/0/0  rss=210MB

== rep 21: prisma on mysql ==
[server] adapter=prisma engine=mysql pool=10 :3828
  prisma/mysql/point_read: 1993 req/s  p99=30ms  cpu=105% (kids 0%, db 45%)  err/to/n2=0/0/0  rss=308MB
  prisma/mysql/range_scan: 1488 req/s  p99=40ms  cpu=105% (kids 0%, db 42%)  err/to/n2=0/0/0  rss=324MB
  prisma/mysql/deep_fetch: 627 req/s  p99=91ms  cpu=105% (kids 0%, db 65%)  err/to/n2=0/0/0  rss=328MB
  prisma/mysql/aggregation: 2364 req/s  p99=27ms  cpu=100% (kids 0%, db 225%)  err/to/n2=0/0/0  rss=337MB
[server] adapter=prisma engine=mysql pool=10 :3829
  prisma/mysql/write: 815 req/s  p99=165ms  cpu=89% (kids 0%, db 60%)  err/to/n2=0/0/0  rss=318MB

== rep 21: knex on mysql ==
[server] adapter=knex engine=mysql pool=10 :3830
  knex/mysql/point_read: 3774 req/s  p99=15ms  cpu=100% (kids 0%, db 40%)  err/to/n2=0/0/0  rss=207MB
  knex/mysql/range_scan: 2880 req/s  p99=22ms  cpu=100% (kids 0%, db 45%)  err/to/n2=0/0/0  rss=223MB
  knex/mysql/deep_fetch: 2005 req/s  p99=29ms  cpu=100% (kids 0%, db 70%)  err/to/n2=0/0/0  rss=224MB
  knex/mysql/aggregation: 3962 req/s  p99=17ms  cpu=100% (kids 0%, db 305%)  err/to/n2=0/0/0  rss=228MB
[server] adapter=knex engine=mysql pool=10 :3831
  knex/mysql/write: 1471 req/s  p99=140ms  cpu=45% (kids 0%, db 45%)  err/to/n2=0/0/0  rss=198MB

== rep 21: mikroorm on postgres ==
[server] adapter=mikroorm engine=postgres pool=10 :3832
  mikroorm/postgres/point_read: 2427 req/s  p99=24ms  cpu=100% (kids 0%, db 27%)  err/to/n2=0/0/0  rss=266MB
  mikroorm/postgres/range_scan: 878 req/s  p99=66ms  cpu=105% (kids 0%, db 10%)  err/to/n2=0/0/0  rss=319MB
  mikroorm/postgres/deep_fetch: 521 req/s  p99=104ms  cpu=110% (kids 0%, db 50%)  err/to/n2=0/0/0  rss=330MB
  mikroorm/postgres/aggregation: 5523 req/s  p99=13ms  cpu=100% (kids 0%, db 346%)  err/to/n2=0/0/0  rss=323MB
[server] adapter=mikroorm engine=postgres pool=10 :3833
  mikroorm/postgres/write: 1704 req/s  p99=34ms  cpu=100% (kids 0%, db 40%)  err/to/n2=0/0/0  rss=273MB

== rep 21: objection on mysql ==
[server] adapter=objection engine=mysql pool=10 :3834
  objection/mysql/point_read: 3008 req/s  p99=19ms  cpu=100% (kids 0%, db 30%)  err/to/n2=0/0/0  rss=214MB
  objection/mysql/range_scan: 2565 req/s  p99=23ms  cpu=100% (kids 0%, db 40%)  err/to/n2=0/0/0  rss=220MB
  objection/mysql/deep_fetch: 777 req/s  p99=68ms  cpu=100% (kids 0%, db 40%)  err/to/n2=0/0/0  rss=219MB
  objection/mysql/aggregation: 2998 req/s  p99=21ms  cpu=100% (kids 0%, db 226%)  err/to/n2=0/0/0  rss=220MB
[server] adapter=objection engine=mysql pool=10 :3835
  objection/mysql/write: 1401 req/s  p99=151ms  cpu=50% (kids 0%, db 40%)  err/to/n2=0/0/0  rss=213MB

== rep 21: drizzle on mysql ==
[server] adapter=drizzle engine=mysql pool=10 :3836
  drizzle/mysql/point_read: 2853 req/s  p99=22ms  cpu=105% (kids 0%, db 30%)  err/to/n2=0/0/0  rss=287MB
  drizzle/mysql/range_scan: 2129 req/s  p99=31ms  cpu=105% (kids 0%, db 35%)  err/to/n2=0/0/0  rss=299MB
  drizzle/mysql/deep_fetch: 1292 req/s  p99=48ms  cpu=105% (kids 0%, db 45%)  err/to/n2=0/0/0  rss=297MB
  drizzle/mysql/aggregation: 3681 req/s  p99=19ms  cpu=105% (kids 0%, db 274%)  err/to/n2=0/0/0  rss=298MB
[server] adapter=drizzle engine=mysql pool=10 :3837
  drizzle/mysql/write: 1387 req/s  p99=114ms  cpu=50% (kids 0%, db 40%)  err/to/n2=0/0/0  rss=276MB

== rep 21: prisma on postgres ==
[server] adapter=prisma engine=postgres pool=10 :3838
  prisma/postgres/point_read: 3067 req/s  p99=22ms  cpu=105% (kids 0%, db 37%)  err/to/n2=0/0/0  rss=301MB
  prisma/postgres/range_scan: 2468 req/s  p99=25ms  cpu=105% (kids 0%, db 40%)  err/to/n2=0/0/0  rss=299MB
  prisma/postgres/deep_fetch: 1194 req/s  p99=51ms  cpu=105% (kids 0%, db 65%)  err/to/n2=0/0/0  rss=303MB
  prisma/postgres/aggregation: 4339 req/s  p99=15ms  cpu=100% (kids 0%, db 290%)  err/to/n2=0/0/0  rss=306MB
[server] adapter=prisma engine=postgres pool=10 :3839
  prisma/postgres/write: 2751 req/s  p99=23ms  cpu=105% (kids 0%, db 55%)  err/to/n2=0/0/0  rss=308MB

== rep 21: typeorm on mysql ==
[server] adapter=typeorm engine=mysql pool=10 :3840
  typeorm/mysql/point_read: 3007 req/s  p99=19ms  cpu=100% (kids 0%, db 35%)  err/to/n2=0/0/0  rss=218MB
  typeorm/mysql/range_scan: 2243 req/s  p99=24ms  cpu=100% (kids 0%, db 40%)  err/to/n2=0/0/0  rss=223MB
  typeorm/mysql/deep_fetch: 1015 req/s  p99=55ms  cpu=100% (kids 0%, db 70%)  err/to/n2=0/0/0  rss=227MB
  typeorm/mysql/aggregation: 3905 req/s  p99=15ms  cpu=100% (kids 0%, db 295%)  err/to/n2=0/0/0  rss=227MB
[server] adapter=typeorm engine=mysql pool=10 :3841
  typeorm/mysql/write: 1384 req/s  p99=139ms  cpu=95% (kids 0%, db 55%)  err/to/n2=0/0/0  rss=213MB

== rep 21: knex on postgres ==
[server] adapter=knex engine=postgres pool=10 :3842
  knex/postgres/point_read: 4899 req/s  p99=12ms  cpu=100% (kids 0%, db 50%)  err/to/n2=0/0/0  rss=201MB
  knex/postgres/range_scan: 3091 req/s  p99=20ms  cpu=100% (kids 0%, db 45%)  err/to/n2=0/0/0  rss=208MB
  knex/postgres/deep_fetch: 2528 req/s  p99=22ms  cpu=100% (kids 0%, db 245%)  err/to/n2=0/0/0  rss=209MB
  knex/postgres/aggregation: 5339 req/s  p99=13ms  cpu=100% (kids 0%, db 335%)  err/to/n2=0/0/0  rss=209MB
[server] adapter=knex engine=postgres pool=10 :3843
  knex/postgres/write: 4681 req/s  p99=14ms  cpu=100% (kids 0%, db 80%)  err/to/n2=0/0/0  rss=205MB

== rep 21: sequelize on postgres ==
[server] adapter=sequelize engine=postgres pool=10 :3844
  sequelize/postgres/point_read: 3353 req/s  p99=18ms  cpu=100% (kids 0%, db 30%)  err/to/n2=0/0/0  rss=206MB
  sequelize/postgres/range_scan: 2384 req/s  p99=26ms  cpu=100% (kids 0%, db 35%)  err/to/n2=0/0/0  rss=210MB
  sequelize/postgres/deep_fetch: 974 req/s  p99=60ms  cpu=100% (kids 0%, db 50%)  err/to/n2=0/0/0  rss=254MB
  sequelize/postgres/aggregation: 4657 req/s  p99=13ms  cpu=100% (kids 0%, db 300%)  err/to/n2=0/0/0  rss=255MB
[server] adapter=sequelize engine=postgres pool=10 :3845
  sequelize/postgres/write: 2580 req/s  p99=23ms  cpu=100% (kids 0%, db 50%)  err/to/n2=0/0/0  rss=208MB

== rep 21: mysql2-tuned on mysql ==
[server] adapter=mysql2-tuned engine=mysql pool=10 :3846
  mysql2-tuned/mysql/point_read: 4253 req/s  p99=14ms  cpu=100% (kids 0%, db 40%)  err/to/n2=0/0/0  rss=203MB
  mysql2-tuned/mysql/range_scan: 3287 req/s  p99=16ms  cpu=100% (kids 0%, db 45%)  err/to/n2=0/0/0  rss=210MB
  mysql2-tuned/mysql/deep_fetch: 2430 req/s  p99=23ms  cpu=100% (kids 0%, db 70%)  err/to/n2=0/0/0  rss=211MB
  mysql2-tuned/mysql/aggregation: 3945 req/s  p99=15ms  cpu=100% (kids 0%, db 270%)  err/to/n2=0/0/0  rss=211MB
[server] adapter=mysql2-tuned engine=mysql pool=10 :3847
  mysql2-tuned/mysql/write: 1437 req/s  p99=163ms  cpu=40% (kids 0%, db 40%)  err/to/n2=0/0/0  rss=144MB

== rep 21: pg on postgres ==
[server] adapter=pg engine=postgres pool=10 :3848
  pg/postgres/point_read: 6453 req/s  p99=10ms  cpu=100% (kids 0%, db 65%)  err/to/n2=0/0/0  rss=196MB
  pg/postgres/range_scan: 3747 req/s  p99=18ms  cpu=103% (kids 0%, db 55%)  err/to/n2=0/0/0  rss=204MB
  pg/postgres/deep_fetch: 3230 req/s  p99=19ms  cpu=100% (kids 0%, db 305%)  err/to/n2=0/0/0  rss=202MB
  pg/postgres/aggregation: 6823 req/s  p99=9ms  cpu=100% (kids 0%, db 440%)  err/to/n2=0/0/0  rss=202MB
[server] adapter=pg engine=postgres pool=10 :3849
  pg/postgres/write: 5176 req/s  p99=12ms  cpu=100% (kids 0%, db 95%)  err/to/n2=0/0/0  rss=194MB

== rep 21: drizzle on postgres ==
[server] adapter=drizzle engine=postgres pool=10 :3850
  drizzle/postgres/point_read: 4117 req/s  p99=15ms  cpu=100% (kids 0%, db 45%)  err/to/n2=0/0/0  rss=238MB
  drizzle/postgres/range_scan: 2798 req/s  p99=22ms  cpu=100% (kids 0%, db 40%)  err/to/n2=0/0/0  rss=240MB
  drizzle/postgres/deep_fetch: 1840 req/s  p99=30ms  cpu=100% (kids 0%, db 180%)  err/to/n2=0/0/0  rss=239MB
  drizzle/postgres/aggregation: 6281 req/s  p99=10ms  cpu=100% (kids 0%, db 385%)  err/to/n2=0/0/0  rss=235MB
[server] adapter=drizzle engine=postgres pool=10 :3851
  drizzle/postgres/write: 4046 req/s  p99=15ms  cpu=100% (kids 0%, db 70%)  err/to/n2=0/0/0  rss=241MB

== rep 21: typeorm on postgres ==
[server] adapter=typeorm engine=postgres pool=10 :3852
  typeorm/postgres/point_read: 4186 req/s  p99=15ms  cpu=100% (kids 0%, db 50%)  err/to/n2=0/0/0  rss=232MB
  typeorm/postgres/range_scan: 2547 req/s  p99=23ms  cpu=105% (kids 0%, db 40%)  err/to/n2=0/0/0  rss=269MB
  typeorm/postgres/deep_fetch: 1190 req/s  p99=50ms  cpu=105% (kids 0%, db 115%)  err/to/n2=0/0/0  rss=277MB
  typeorm/postgres/aggregation: 6149 req/s  p99=11ms  cpu=100% (kids 0%, db 377%)  err/to/n2=0/0/0  rss=277MB
[server] adapter=typeorm engine=postgres pool=10 :3853
  typeorm/postgres/write: 2708 req/s  p99=22ms  cpu=100% (kids 0%, db 70%)  err/to/n2=0/0/0  rss=235MB

== rep 21: pg-tuned on postgres ==
[server] adapter=pg-tuned engine=postgres pool=10 :3854
  pg-tuned/postgres/point_read: 6696 req/s  p99=10ms  cpu=100% (kids 0%, db 30%)  err/to/n2=0/0/0  rss=192MB
  pg-tuned/postgres/range_scan: 3836 req/s  p99=18ms  cpu=100% (kids 0%, db 50%)  err/to/n2=0/0/0  rss=202MB
  pg-tuned/postgres/deep_fetch: 3770 req/s  p99=17ms  cpu=100% (kids 0%, db 220%)  err/to/n2=0/0/0  rss=200MB
  pg-tuned/postgres/aggregation: 7344 req/s  p99=9ms  cpu=100% (kids 0%, db 247%)  err/to/n2=0/0/0  rss=200MB
[server] adapter=pg-tuned engine=postgres pool=10 :3855
  pg-tuned/postgres/write: 6297 req/s  p99=11ms  cpu=100% (kids 0%, db 75%)  err/to/n2=0/0/0  rss=194MB

== rep 21: mikroorm on mysql ==
[server] adapter=mikroorm engine=mysql pool=10 :3856
  mikroorm/mysql/point_read: 1989 req/s  p99=29ms  cpu=100% (kids 0%, db 25%)  err/to/n2=0/0/0  rss=280MB
  mikroorm/mysql/range_scan: 839 req/s  p99=73ms  cpu=105% (kids 0%, db 15%)  err/to/n2=0/0/0  rss=355MB
  mikroorm/mysql/deep_fetch: 486 req/s  p99=118ms  cpu=110% (kids 0%, db 25%)  err/to/n2=0/0/0  rss=368MB
  mikroorm/mysql/aggregation: 4108 req/s  p99=15ms  cpu=100% (kids 0%, db 315%)  err/to/n2=0/0/0  rss=360MB
[server] adapter=mikroorm engine=mysql pool=10 :3857
  mikroorm/mysql/write: 1291 req/s  p99=108ms  cpu=95% (kids 0%, db 50%)  err/to/n2=0/0/0  rss=251MB
[checkpoint] replicate 21/25 saved (90 cells)

===== replicate 22/25 (order=shuffle: prisma,pg,pg-tuned,drizzle,prisma,sequelize,knex,sequelize,mikroorm,typeorm,mikroorm,typeorm,mysql2-tuned,knex,objection,drizzle,mysql2,objection) =====

== rep 22: prisma on mysql ==
[server] adapter=prisma engine=mysql pool=10 :3858
  prisma/mysql/point_read: 2013 req/s  p99=29ms  cpu=105% (kids 0%, db 45%)  err/to/n2=0/0/0  rss=312MB
  prisma/mysql/range_scan: 1505 req/s  p99=41ms  cpu=105% (kids 0%, db 45%)  err/to/n2=0/0/0  rss=326MB
  prisma/mysql/deep_fetch: 643 req/s  p99=85ms  cpu=105% (kids 0%, db 65%)  err/to/n2=0/0/0  rss=332MB
  prisma/mysql/aggregation: 2414 req/s  p99=24ms  cpu=100% (kids 0%, db 230%)  err/to/n2=0/0/0  rss=340MB
[server] adapter=prisma engine=mysql pool=10 :3859
  prisma/mysql/write: 930 req/s  p99=118ms  cpu=99% (kids 0%, db 70%)  err/to/n2=0/0/0  rss=314MB

== rep 22: pg on postgres ==
[server] adapter=pg engine=postgres pool=10 :3860
  pg/postgres/point_read: 6793 req/s  p99=9ms  cpu=100% (kids 0%, db 70%)  err/to/n2=0/0/0  rss=194MB
  pg/postgres/range_scan: 3891 req/s  p99=17ms  cpu=105% (kids 0%, db 55%)  err/to/n2=0/0/0  rss=202MB
  pg/postgres/deep_fetch: 3587 req/s  p99=21ms  cpu=100% (kids 0%, db 345%)  err/to/n2=0/0/0  rss=223MB
  pg/postgres/aggregation: 6791 req/s  p99=10ms  cpu=100% (kids 0%, db 440%)  err/to/n2=0/0/0  rss=226MB
[server] adapter=pg engine=postgres pool=10 :3861
  pg/postgres/write: 6001 req/s  p99=14ms  cpu=100% (kids 0%, db 100%)  err/to/n2=0/0/0  rss=194MB

== rep 22: pg-tuned on postgres ==
[server] adapter=pg-tuned engine=postgres pool=10 :3862
  pg-tuned/postgres/point_read: 6726 req/s  p99=9ms  cpu=100% (kids 0%, db 35%)  err/to/n2=0/0/0  rss=195MB
  pg-tuned/postgres/range_scan: 3799 req/s  p99=18ms  cpu=100% (kids 0%, db 45%)  err/to/n2=0/0/0  rss=203MB
  pg-tuned/postgres/deep_fetch: 3784 req/s  p99=17ms  cpu=100% (kids 0%, db 225%)  err/to/n2=0/0/0  rss=203MB
  pg-tuned/postgres/aggregation: 7629 req/s  p99=9ms  cpu=100% (kids 0%, db 255%)  err/to/n2=0/0/0  rss=203MB
[server] adapter=pg-tuned engine=postgres pool=10 :3863
  pg-tuned/postgres/write: 5782 req/s  p99=28ms  cpu=100% (kids 0%, db 75%)  err/to/n2=0/0/0  rss=195MB

== rep 22: drizzle on mysql ==
[server] adapter=drizzle engine=mysql pool=10 :3864
  drizzle/mysql/point_read: 2769 req/s  p99=23ms  cpu=105% (kids 0%, db 35%)  err/to/n2=0/0/0  rss=287MB
  drizzle/mysql/range_scan: 2184 req/s  p99=29ms  cpu=105% (kids 0%, db 40%)  err/to/n2=0/0/0  rss=299MB
  drizzle/mysql/deep_fetch: 1315 req/s  p99=47ms  cpu=105% (kids 0%, db 50%)  err/to/n2=0/0/0  rss=298MB
  drizzle/mysql/aggregation: 3765 req/s  p99=18ms  cpu=105% (kids 0%, db 280%)  err/to/n2=0/0/0  rss=299MB
[server] adapter=drizzle engine=mysql pool=10 :3865
  drizzle/mysql/write: 1560 req/s  p99=124ms  cpu=55% (kids 0%, db 45%)  err/to/n2=0/0/0  rss=276MB

== rep 22: prisma on postgres ==
[server] adapter=prisma engine=postgres pool=10 :3866
  prisma/postgres/point_read: 3277 req/s  p99=20ms  cpu=105% (kids 0%, db 40%)  err/to/n2=0/0/0  rss=299MB
  prisma/postgres/range_scan: 2367 req/s  p99=27ms  cpu=105% (kids 0%, db 35%)  err/to/n2=0/0/0  rss=298MB
  prisma/postgres/deep_fetch: 1201 req/s  p99=50ms  cpu=110% (kids 0%, db 65%)  err/to/n2=0/0/0  rss=303MB
  prisma/postgres/aggregation: 4470 req/s  p99=14ms  cpu=100% (kids 0%, db 290%)  err/to/n2=0/0/0  rss=304MB
[server] adapter=prisma engine=postgres pool=10 :3867
  prisma/postgres/write: 2634 req/s  p99=24ms  cpu=105% (kids 0%, db 55%)  err/to/n2=0/0/0  rss=305MB

== rep 22: sequelize on postgres ==
[server] adapter=sequelize engine=postgres pool=10 :3868
  sequelize/postgres/point_read: 3505 req/s  p99=17ms  cpu=100% (kids 0%, db 35%)  err/to/n2=0/0/0  rss=205MB
  sequelize/postgres/range_scan: 2501 req/s  p99=22ms  cpu=100% (kids 0%, db 35%)  err/to/n2=0/0/0  rss=212MB
  sequelize/postgres/deep_fetch: 972 req/s  p99=60ms  cpu=100% (kids 0%, db 50%)  err/to/n2=0/0/0  rss=249MB
  sequelize/postgres/aggregation: 4621 req/s  p99=14ms  cpu=100% (kids 0%, db 305%)  err/to/n2=0/0/0  rss=247MB
[server] adapter=sequelize engine=postgres pool=10 :3869
  sequelize/postgres/write: 2614 req/s  p99=25ms  cpu=100% (kids 0%, db 50%)  err/to/n2=0/0/0  rss=208MB

== rep 22: knex on postgres ==
[server] adapter=knex engine=postgres pool=10 :3870
  knex/postgres/point_read: 4721 req/s  p99=14ms  cpu=100% (kids 0%, db 50%)  err/to/n2=0/0/0  rss=196MB
  knex/postgres/range_scan: 3222 req/s  p99=18ms  cpu=100% (kids 0%, db 45%)  err/to/n2=0/0/0  rss=206MB
  knex/postgres/deep_fetch: 2546 req/s  p99=22ms  cpu=100% (kids 0%, db 250%)  err/to/n2=0/0/0  rss=207MB
  knex/postgres/aggregation: 4718 req/s  p99=13ms  cpu=100% (kids 0%, db 290%)  err/to/n2=0/0/0  rss=206MB
[server] adapter=knex engine=postgres pool=10 :3871
  knex/postgres/write: 4364 req/s  p99=23ms  cpu=95% (kids 0%, db 80%)  err/to/n2=0/0/0  rss=199MB

== rep 22: sequelize on mysql ==
[server] adapter=sequelize engine=mysql pool=10 :3872
  sequelize/mysql/point_read: 2699 req/s  p99=22ms  cpu=100% (kids 0%, db 30%)  err/to/n2=0/0/0  rss=218MB
  sequelize/mysql/range_scan: 2151 req/s  p99=27ms  cpu=100% (kids 0%, db 40%)  err/to/n2=0/0/0  rss=224MB
  sequelize/mysql/deep_fetch: 891 req/s  p99=65ms  cpu=100% (kids 0%, db 30%)  err/to/n2=0/0/0  rss=263MB
  sequelize/mysql/aggregation: 3447 req/s  p99=18ms  cpu=100% (kids 0%, db 260%)  err/to/n2=0/0/0  rss=262MB
[server] adapter=sequelize engine=mysql pool=10 :3873
  sequelize/mysql/write: 1430 req/s  p99=120ms  cpu=70% (kids 0%, db 40%)  err/to/n2=0/0/0  rss=212MB

== rep 22: mikroorm on mysql ==
[server] adapter=mikroorm engine=mysql pool=10 :3874
  mikroorm/mysql/point_read: 2040 req/s  p99=27ms  cpu=100% (kids 0%, db 25%)  err/to/n2=0/0/0  rss=267MB
  mikroorm/mysql/range_scan: 843 req/s  p99=66ms  cpu=105% (kids 0%, db 15%)  err/to/n2=0/0/0  rss=350MB
  mikroorm/mysql/deep_fetch: 479 req/s  p99=118ms  cpu=110% (kids 0%, db 25%)  err/to/n2=0/0/0  rss=356MB
  mikroorm/mysql/aggregation: 3979 req/s  p99=18ms  cpu=100% (kids 0%, db 315%)  err/to/n2=0/0/0  rss=356MB
[server] adapter=mikroorm engine=mysql pool=10 :3875
  mikroorm/mysql/write: 1201 req/s  p99=109ms  cpu=95% (kids 0%, db 45%)  err/to/n2=0/0/0  rss=224MB

== rep 22: typeorm on postgres ==
[server] adapter=typeorm engine=postgres pool=10 :3876
  typeorm/postgres/point_read: 4155 req/s  p99=14ms  cpu=100% (kids 0%, db 50%)  err/to/n2=0/0/0  rss=258MB
  typeorm/postgres/range_scan: 2471 req/s  p99=25ms  cpu=105% (kids 0%, db 37%)  err/to/n2=0/0/0  rss=265MB
  typeorm/postgres/deep_fetch: 1218 req/s  p99=46ms  cpu=105% (kids 0%, db 120%)  err/to/n2=0/0/0  rss=273MB
  typeorm/postgres/aggregation: 6081 req/s  p99=12ms  cpu=100% (kids 0%, db 379%)  err/to/n2=0/0/0  rss=273MB
[server] adapter=typeorm engine=postgres pool=10 :3877
  typeorm/postgres/write: 2231 req/s  p99=29ms  cpu=100% (kids 0%, db 55%)  err/to/n2=0/0/0  rss=231MB

== rep 22: mikroorm on postgres ==
[server] adapter=mikroorm engine=postgres pool=10 :3878
  mikroorm/postgres/point_read: 2395 req/s  p99=26ms  cpu=100% (kids 0%, db 22%)  err/to/n2=0/0/0  rss=272MB
  mikroorm/postgres/range_scan: 919 req/s  p99=62ms  cpu=105% (kids 0%, db 15%)  err/to/n2=0/0/0  rss=315MB
  mikroorm/postgres/deep_fetch: 514 req/s  p99=111ms  cpu=110% (kids 0%, db 47%)  err/to/n2=0/0/0  rss=322MB
  mikroorm/postgres/aggregation: 5597 req/s  p99=12ms  cpu=100% (kids 0%, db 345%)  err/to/n2=0/0/0  rss=318MB
[server] adapter=mikroorm engine=postgres pool=10 :3879
  mikroorm/postgres/write: 1939 req/s  p99=32ms  cpu=100% (kids 0%, db 50%)  err/to/n2=0/0/0  rss=247MB

== rep 22: typeorm on mysql ==
[server] adapter=typeorm engine=mysql pool=10 :3880
  typeorm/mysql/point_read: 3040 req/s  p99=18ms  cpu=100% (kids 0%, db 35%)  err/to/n2=0/0/0  rss=216MB
  typeorm/mysql/range_scan: 2251 req/s  p99=25ms  cpu=100% (kids 0%, db 40%)  err/to/n2=0/0/0  rss=220MB
  typeorm/mysql/deep_fetch: 1019 req/s  p99=54ms  cpu=100% (kids 0%, db 70%)  err/to/n2=0/0/0  rss=224MB
  typeorm/mysql/aggregation: 3927 req/s  p99=16ms  cpu=100% (kids 0%, db 300%)  err/to/n2=0/0/0  rss=222MB
[server] adapter=typeorm engine=mysql pool=10 :3881
  typeorm/mysql/write: 1359 req/s  p99=134ms  cpu=90% (kids 0%, db 55%)  err/to/n2=0/0/0  rss=210MB

== rep 22: mysql2-tuned on mysql ==
[server] adapter=mysql2-tuned engine=mysql pool=10 :3882
  mysql2-tuned/mysql/point_read: 4220 req/s  p99=14ms  cpu=100% (kids 0%, db 35%)  err/to/n2=0/0/0  rss=203MB
  mysql2-tuned/mysql/range_scan: 3140 req/s  p99=18ms  cpu=100% (kids 0%, db 45%)  err/to/n2=0/0/0  rss=208MB
  mysql2-tuned/mysql/deep_fetch: 2464 req/s  p99=22ms  cpu=100% (kids 0%, db 70%)  err/to/n2=0/0/0  rss=209MB
  mysql2-tuned/mysql/aggregation: 4467 req/s  p99=14ms  cpu=100% (kids 0%, db 310%)  err/to/n2=0/0/0  rss=209MB
[server] adapter=mysql2-tuned engine=mysql pool=10 :3883
  mysql2-tuned/mysql/write: 1834 req/s  p99=102ms  cpu=50% (kids 0%, db 50%)  err/to/n2=0/0/0  rss=146MB

== rep 22: knex on mysql ==
[server] adapter=knex engine=mysql pool=10 :3884
  knex/mysql/point_read: 3879 req/s  p99=15ms  cpu=100% (kids 0%, db 40%)  err/to/n2=0/0/0  rss=208MB
  knex/mysql/range_scan: 3057 req/s  p99=18ms  cpu=100% (kids 0%, db 50%)  err/to/n2=0/0/0  rss=222MB
  knex/mysql/deep_fetch: 2025 req/s  p99=30ms  cpu=100% (kids 0%, db 75%)  err/to/n2=0/0/0  rss=225MB
  knex/mysql/aggregation: 4024 req/s  p99=15ms  cpu=100% (kids 0%, db 305%)  err/to/n2=0/0/0  rss=227MB
[server] adapter=knex engine=mysql pool=10 :3885
  knex/mysql/write: 1742 req/s  p99=124ms  cpu=50% (kids 0%, db 50%)  err/to/n2=0/0/0  rss=200MB

== rep 22: objection on mysql ==
[server] adapter=objection engine=mysql pool=10 :3886
  objection/mysql/point_read: 3153 req/s  p99=20ms  cpu=100% (kids 0%, db 35%)  err/to/n2=0/0/0  rss=217MB
  objection/mysql/range_scan: 2559 req/s  p99=22ms  cpu=100% (kids 0%, db 45%)  err/to/n2=0/0/0  rss=223MB
  objection/mysql/deep_fetch: 843 req/s  p99=63ms  cpu=100% (kids 0%, db 45%)  err/to/n2=0/0/0  rss=225MB
  objection/mysql/aggregation: 3013 req/s  p99=20ms  cpu=100% (kids 0%, db 225%)  err/to/n2=0/0/0  rss=225MB
[server] adapter=objection engine=mysql pool=10 :3887
  objection/mysql/write: 1791 req/s  p99=115ms  cpu=65% (kids 0%, db 50%)  err/to/n2=0/0/0  rss=212MB

== rep 22: drizzle on postgres ==
[server] adapter=drizzle engine=postgres pool=10 :3888
  drizzle/postgres/point_read: 4117 req/s  p99=14ms  cpu=100% (kids 0%, db 45%)  err/to/n2=0/0/0  rss=236MB
  drizzle/postgres/range_scan: 2790 req/s  p99=22ms  cpu=100% (kids 0%, db 40%)  err/to/n2=0/0/0  rss=239MB
  drizzle/postgres/deep_fetch: 1865 req/s  p99=30ms  cpu=100% (kids 0%, db 185%)  err/to/n2=0/0/0  rss=239MB
  drizzle/postgres/aggregation: 6368 req/s  p99=10ms  cpu=100% (kids 0%, db 390%)  err/to/n2=0/0/0  rss=234MB
[server] adapter=drizzle engine=postgres pool=10 :3889
  drizzle/postgres/write: 3988 req/s  p99=19ms  cpu=100% (kids 0%, db 70%)  err/to/n2=0/0/0  rss=242MB

== rep 22: mysql2 on mysql ==
[server] adapter=mysql2 engine=mysql pool=10 :3890
  mysql2/mysql/point_read: 4206 req/s  p99=17ms  cpu=105% (kids 0%, db 45%)  err/to/n2=0/0/0  rss=266MB
  mysql2/mysql/range_scan: 3209 req/s  p99=21ms  cpu=105% (kids 0%, db 55%)  err/to/n2=0/0/0  rss=288MB
  mysql2/mysql/deep_fetch: 2433 req/s  p99=27ms  cpu=105% (kids 0%, db 85%)  err/to/n2=0/0/0  rss=288MB
  mysql2/mysql/aggregation: 4426 req/s  p99=15ms  cpu=105% (kids 0%, db 340%)  err/to/n2=0/0/0  rss=289MB
[server] adapter=mysql2 engine=mysql pool=10 :3891
  mysql2/mysql/write: 1845 req/s  p99=94ms  cpu=50% (kids 0%, db 50%)  err/to/n2=0/0/0  rss=250MB

== rep 22: objection on postgres ==
[server] adapter=objection engine=postgres pool=10 :3892
  objection/postgres/point_read: 3587 req/s  p99=17ms  cpu=100% (kids 0%, db 35%)  err/to/n2=0/0/0  rss=204MB
  objection/postgres/range_scan: 2667 req/s  p99=21ms  cpu=100% (kids 0%, db 37%)  err/to/n2=0/0/0  rss=210MB
  objection/postgres/deep_fetch: 1040 req/s  p99=52ms  cpu=100% (kids 0%, db 50%)  err/to/n2=0/0/0  rss=209MB
  objection/postgres/aggregation: 3799 req/s  p99=16ms  cpu=100% (kids 0%, db 249%)  err/to/n2=0/0/0  rss=210MB
[server] adapter=objection engine=postgres pool=10 :3893
  objection/postgres/write: 3645 req/s  p99=20ms  cpu=100% (kids 0%, db 65%)  err/to/n2=0/0/0  rss=222MB
[checkpoint] replicate 22/25 saved (90 cells)

===== replicate 23/25 (order=shuffle: sequelize,sequelize,knex,mysql2-tuned,drizzle,objection,pg-tuned,pg,mikroorm,objection,prisma,mysql2,typeorm,prisma,knex,typeorm,mikroorm,drizzle) =====

== rep 23: sequelize on postgres ==
[server] adapter=sequelize engine=postgres pool=10 :3894
  sequelize/postgres/point_read: 3602 req/s  p99=16ms  cpu=100% (kids 0%, db 35%)  err/to/n2=0/0/0  rss=204MB
  sequelize/postgres/range_scan: 2492 req/s  p99=23ms  cpu=100% (kids 0%, db 35%)  err/to/n2=0/0/0  rss=212MB
  sequelize/postgres/deep_fetch: 997 req/s  p99=59ms  cpu=100% (kids 0%, db 50%)  err/to/n2=0/0/0  rss=281MB
  sequelize/postgres/aggregation: 4806 req/s  p99=13ms  cpu=100% (kids 0%, db 315%)  err/to/n2=0/0/0  rss=284MB
[server] adapter=sequelize engine=postgres pool=10 :3895
  sequelize/postgres/write: 2584 req/s  p99=26ms  cpu=100% (kids 0%, db 50%)  err/to/n2=0/0/0  rss=225MB

== rep 23: sequelize on mysql ==
[server] adapter=sequelize engine=mysql pool=10 :3896
  sequelize/mysql/point_read: 2546 req/s  p99=23ms  cpu=100% (kids 0%, db 30%)  err/to/n2=0/0/0  rss=217MB
  sequelize/mysql/range_scan: 2061 req/s  p99=30ms  cpu=100% (kids 0%, db 35%)  err/to/n2=0/0/0  rss=223MB
  sequelize/mysql/deep_fetch: 893 req/s  p99=67ms  cpu=105% (kids 0%, db 30%)  err/to/n2=0/0/0  rss=259MB
  sequelize/mysql/aggregation: 3425 req/s  p99=19ms  cpu=100% (kids 0%, db 262%)  err/to/n2=0/0/0  rss=260MB
[server] adapter=sequelize engine=mysql pool=10 :3897
  sequelize/mysql/write: 1402 req/s  p99=151ms  cpu=75% (kids 0%, db 35%)  err/to/n2=0/0/0  rss=210MB

== rep 23: knex on postgres ==
[server] adapter=knex engine=postgres pool=10 :3898
  knex/postgres/point_read: 4818 req/s  p99=14ms  cpu=100% (kids 0%, db 52%)  err/to/n2=0/0/0  rss=201MB
  knex/postgres/range_scan: 3117 req/s  p99=19ms  cpu=100% (kids 0%, db 43%)  err/to/n2=0/0/0  rss=209MB
  knex/postgres/deep_fetch: 2412 req/s  p99=26ms  cpu=105% (kids 0%, db 235%)  err/to/n2=0/0/0  rss=209MB
  knex/postgres/aggregation: 5609 req/s  p99=11ms  cpu=100% (kids 0%, db 342%)  err/to/n2=0/0/0  rss=209MB
[server] adapter=knex engine=postgres pool=10 :3899
  knex/postgres/write: 4576 req/s  p99=18ms  cpu=100% (kids 0%, db 80%)  err/to/n2=0/0/0  rss=201MB

== rep 23: mysql2-tuned on mysql ==
[server] adapter=mysql2-tuned engine=mysql pool=10 :3900
  mysql2-tuned/mysql/point_read: 4225 req/s  p99=14ms  cpu=100% (kids 0%, db 35%)  err/to/n2=0/0/0  rss=204MB
  mysql2-tuned/mysql/range_scan: 3326 req/s  p99=17ms  cpu=100% (kids 0%, db 45%)  err/to/n2=0/0/0  rss=208MB
  mysql2-tuned/mysql/deep_fetch: 2333 req/s  p99=26ms  cpu=100% (kids 0%, db 70%)  err/to/n2=0/0/0  rss=209MB
  mysql2-tuned/mysql/aggregation: 4461 req/s  p99=14ms  cpu=100% (kids 0%, db 315%)  err/to/n2=0/0/0  rss=210MB
[server] adapter=mysql2-tuned engine=mysql pool=10 :3901
  mysql2-tuned/mysql/write: 1287 req/s  p99=136ms  cpu=35% (kids 0%, db 30%)  err/to/n2=0/0/0  rss=145MB

== rep 23: drizzle on mysql ==
[server] adapter=drizzle engine=mysql pool=10 :3902
  drizzle/mysql/point_read: 2846 req/s  p99=22ms  cpu=105% (kids 0%, db 30%)  err/to/n2=0/0/0  rss=289MB
  drizzle/mysql/range_scan: 2150 req/s  p99=30ms  cpu=105% (kids 0%, db 40%)  err/to/n2=0/0/0  rss=298MB
  drizzle/mysql/deep_fetch: 1313 req/s  p99=46ms  cpu=105% (kids 0%, db 50%)  err/to/n2=0/0/0  rss=298MB
  drizzle/mysql/aggregation: 3975 req/s  p99=17ms  cpu=105% (kids 0%, db 305%)  err/to/n2=0/0/0  rss=301MB
[server] adapter=drizzle engine=mysql pool=10 :3903
  drizzle/mysql/write: 1803 req/s  p99=116ms  cpu=60% (kids 0%, db 50%)  err/to/n2=0/0/0  rss=279MB

== rep 23: objection on mysql ==
[server] adapter=objection engine=mysql pool=10 :3904
  objection/mysql/point_read: 3135 req/s  p99=20ms  cpu=100% (kids 0%, db 35%)  err/to/n2=0/0/0  rss=214MB
  objection/mysql/range_scan: 2488 req/s  p99=23ms  cpu=100% (kids 0%, db 45%)  err/to/n2=0/0/0  rss=218MB
  objection/mysql/deep_fetch: 858 req/s  p99=64ms  cpu=100% (kids 0%, db 50%)  err/to/n2=0/0/0  rss=219MB
  objection/mysql/aggregation: 2986 req/s  p99=22ms  cpu=100% (kids 0%, db 225%)  err/to/n2=0/0/0  rss=220MB
[server] adapter=objection engine=mysql pool=10 :3905
  objection/mysql/write: 1799 req/s  p99=104ms  cpu=60% (kids 0%, db 50%)  err/to/n2=0/0/0  rss=208MB

== rep 23: pg-tuned on postgres ==
[server] adapter=pg-tuned engine=postgres pool=10 :3906
  pg-tuned/postgres/point_read: 6807 req/s  p99=9ms  cpu=100% (kids 0%, db 35%)  err/to/n2=0/0/0  rss=191MB
  pg-tuned/postgres/range_scan: 3838 req/s  p99=17ms  cpu=100% (kids 0%, db 45%)  err/to/n2=0/0/0  rss=200MB
  pg-tuned/postgres/deep_fetch: 3453 req/s  p99=19ms  cpu=100% (kids 0%, db 200%)  err/to/n2=0/0/0  rss=200MB
  pg-tuned/postgres/aggregation: 7435 req/s  p99=9ms  cpu=100% (kids 0%, db 250%)  err/to/n2=0/0/0  rss=199MB
[server] adapter=pg-tuned engine=postgres pool=10 :3907
  pg-tuned/postgres/write: 6366 req/s  p99=11ms  cpu=100% (kids 0%, db 75%)  err/to/n2=0/0/0  rss=194MB

== rep 23: pg on postgres ==
[server] adapter=pg engine=postgres pool=10 :3908
  pg/postgres/point_read: 6529 req/s  p99=10ms  cpu=100% (kids 0%, db 65%)  err/to/n2=0/0/0  rss=197MB
  pg/postgres/range_scan: 3561 req/s  p99=19ms  cpu=100% (kids 0%, db 50%)  err/to/n2=0/0/0  rss=204MB
  pg/postgres/deep_fetch: 3618 req/s  p99=19ms  cpu=100% (kids 0%, db 345%)  err/to/n2=0/0/0  rss=201MB
  pg/postgres/aggregation: 6836 req/s  p99=9ms  cpu=100% (kids 0%, db 440%)  err/to/n2=0/0/0  rss=201MB
[server] adapter=pg engine=postgres pool=10 :3909
  pg/postgres/write: 6224 req/s  p99=11ms  cpu=100% (kids 0%, db 105%)  err/to/n2=0/0/0  rss=195MB

== rep 23: mikroorm on mysql ==
[server] adapter=mikroorm engine=mysql pool=10 :3910
  mikroorm/mysql/point_read: 2074 req/s  p99=26ms  cpu=100% (kids 0%, db 25%)  err/to/n2=0/0/0  rss=284MB
  mikroorm/mysql/range_scan: 864 req/s  p99=63ms  cpu=105% (kids 0%, db 15%)  err/to/n2=0/0/0  rss=348MB
  mikroorm/mysql/deep_fetch: 477 req/s  p99=121ms  cpu=110% (kids 0%, db 25%)  err/to/n2=0/0/0  rss=354MB
  mikroorm/mysql/aggregation: 4027 req/s  p99=15ms  cpu=100% (kids 0%, db 310%)  err/to/n2=0/0/0  rss=354MB
[server] adapter=mikroorm engine=mysql pool=10 :3911
  mikroorm/mysql/write: 1207 req/s  p99=125ms  cpu=100% (kids 0%, db 45%)  err/to/n2=0/0/0  rss=228MB

== rep 23: objection on postgres ==
[server] adapter=objection engine=postgres pool=10 :3912
  objection/postgres/point_read: 3751 req/s  p99=16ms  cpu=100% (kids 0%, db 40%)  err/to/n2=0/0/0  rss=208MB
  objection/postgres/range_scan: 2698 req/s  p99=21ms  cpu=100% (kids 0%, db 40%)  err/to/n2=0/0/0  rss=215MB
  objection/postgres/deep_fetch: 940 req/s  p99=60ms  cpu=100% (kids 0%, db 45%)  err/to/n2=0/0/0  rss=218MB
  objection/postgres/aggregation: 3434 req/s  p99=19ms  cpu=100% (kids 0%, db 220%)  err/to/n2=0/0/0  rss=218MB
[server] adapter=objection engine=postgres pool=10 :3913
  objection/postgres/write: 3654 req/s  p99=29ms  cpu=100% (kids 0%, db 65%)  err/to/n2=0/0/0  rss=216MB

== rep 23: prisma on postgres ==
[server] adapter=prisma engine=postgres pool=10 :3914
  prisma/postgres/point_read: 3259 req/s  p99=19ms  cpu=105% (kids 0%, db 40%)  err/to/n2=0/0/0  rss=300MB
  prisma/postgres/range_scan: 2322 req/s  p99=28ms  cpu=105% (kids 0%, db 35%)  err/to/n2=0/0/0  rss=299MB
  prisma/postgres/deep_fetch: 1175 req/s  p99=52ms  cpu=105% (kids 0%, db 65%)  err/to/n2=0/0/0  rss=302MB
  prisma/postgres/aggregation: 4373 req/s  p99=15ms  cpu=100% (kids 0%, db 285%)  err/to/n2=0/0/0  rss=304MB
[server] adapter=prisma engine=postgres pool=10 :3915
  prisma/postgres/write: 2722 req/s  p99=23ms  cpu=105% (kids 0%, db 57%)  err/to/n2=0/0/0  rss=303MB

== rep 23: mysql2 on mysql ==
[server] adapter=mysql2 engine=mysql pool=10 :3916
  mysql2/mysql/point_read: 4296 req/s  p99=16ms  cpu=105% (kids 0%, db 45%)  err/to/n2=0/0/0  rss=266MB
  mysql2/mysql/range_scan: 3312 req/s  p99=20ms  cpu=105% (kids 0%, db 50%)  err/to/n2=0/0/0  rss=290MB
  mysql2/mysql/deep_fetch: 2417 req/s  p99=27ms  cpu=105% (kids 0%, db 90%)  err/to/n2=0/0/0  rss=291MB
  mysql2/mysql/aggregation: 4266 req/s  p99=17ms  cpu=100% (kids 0%, db 335%)  err/to/n2=0/0/0  rss=291MB
[server] adapter=mysql2 engine=mysql pool=10 :3917
  mysql2/mysql/write: 1451 req/s  p99=132ms  cpu=40% (kids 0%, db 45%)  err/to/n2=0/0/0  rss=251MB

== rep 23: typeorm on postgres ==
[server] adapter=typeorm engine=postgres pool=10 :3918
  typeorm/postgres/point_read: 3949 req/s  p99=15ms  cpu=100% (kids 0%, db 50%)  err/to/n2=0/0/0  rss=260MB
  typeorm/postgres/range_scan: 2604 req/s  p99=23ms  cpu=105% (kids 0%, db 40%)  err/to/n2=0/0/0  rss=266MB
  typeorm/postgres/deep_fetch: 1218 req/s  p99=49ms  cpu=105% (kids 0%, db 120%)  err/to/n2=0/0/0  rss=273MB
  typeorm/postgres/aggregation: 6235 req/s  p99=11ms  cpu=100% (kids 0%, db 380%)  err/to/n2=0/0/0  rss=272MB
[server] adapter=typeorm engine=postgres pool=10 :3919
  typeorm/postgres/write: 2379 req/s  p99=38ms  cpu=100% (kids 0%, db 60%)  err/to/n2=0/0/0  rss=219MB

== rep 23: prisma on mysql ==
[server] adapter=prisma engine=mysql pool=10 :3920
  prisma/mysql/point_read: 2022 req/s  p99=29ms  cpu=105% (kids 0%, db 45%)  err/to/n2=0/0/0  rss=311MB
  prisma/mysql/range_scan: 1540 req/s  p99=40ms  cpu=105% (kids 0%, db 45%)  err/to/n2=0/0/0  rss=329MB
  prisma/mysql/deep_fetch: 628 req/s  p99=87ms  cpu=105% (kids 0%, db 65%)  err/to/n2=0/0/0  rss=335MB
  prisma/mysql/aggregation: 2359 req/s  p99=27ms  cpu=100% (kids 0%, db 225%)  err/to/n2=0/0/0  rss=345MB
[server] adapter=prisma engine=mysql pool=10 :3921
  prisma/mysql/write: 897 req/s  p99=124ms  cpu=100% (kids 0%, db 70%)  err/to/n2=0/0/0  rss=314MB

== rep 23: knex on mysql ==
[server] adapter=knex engine=mysql pool=10 :3922
  knex/mysql/point_read: 3350 req/s  p99=17ms  cpu=100% (kids 0%, db 35%)  err/to/n2=0/0/0  rss=208MB
  knex/mysql/range_scan: 3043 req/s  p99=19ms  cpu=100% (kids 0%, db 50%)  err/to/n2=0/0/0  rss=222MB
  knex/mysql/deep_fetch: 2047 req/s  p99=28ms  cpu=100% (kids 0%, db 75%)  err/to/n2=0/0/0  rss=223MB
  knex/mysql/aggregation: 4016 req/s  p99=15ms  cpu=100% (kids 0%, db 305%)  err/to/n2=0/0/0  rss=226MB
[server] adapter=knex engine=mysql pool=10 :3923
  knex/mysql/write: 1750 req/s  p99=125ms  cpu=50% (kids 0%, db 50%)  err/to/n2=0/0/0  rss=199MB

== rep 23: typeorm on mysql ==
[server] adapter=typeorm engine=mysql pool=10 :3924
  typeorm/mysql/point_read: 3029 req/s  p99=19ms  cpu=100% (kids 0%, db 35%)  err/to/n2=0/0/0  rss=218MB
  typeorm/mysql/range_scan: 2230 req/s  p99=25ms  cpu=100% (kids 0%, db 40%)  err/to/n2=0/0/0  rss=223MB
  typeorm/mysql/deep_fetch: 932 req/s  p99=59ms  cpu=100% (kids 0%, db 65%)  err/to/n2=0/0/0  rss=228MB
  typeorm/mysql/aggregation: 3821 req/s  p99=17ms  cpu=100% (kids 0%, db 295%)  err/to/n2=0/0/0  rss=228MB
[server] adapter=typeorm engine=mysql pool=10 :3925
  typeorm/mysql/write: 1383 req/s  p99=95ms  cpu=90% (kids 0%, db 55%)  err/to/n2=0/0/0  rss=216MB

== rep 23: mikroorm on postgres ==
[server] adapter=mikroorm engine=postgres pool=10 :3926
  mikroorm/postgres/point_read: 2459 req/s  p99=23ms  cpu=105% (kids 0%, db 25%)  err/to/n2=0/0/0  rss=272MB
  mikroorm/postgres/range_scan: 920 req/s  p99=62ms  cpu=105% (kids 0%, db 10%)  err/to/n2=0/0/0  rss=317MB
  mikroorm/postgres/deep_fetch: 516 req/s  p99=116ms  cpu=110% (kids 0%, db 50%)  err/to/n2=0/0/0  rss=326MB
  mikroorm/postgres/aggregation: 5752 req/s  p99=12ms  cpu=100% (kids 0%, db 355%)  err/to/n2=0/0/0  rss=332MB
[server] adapter=mikroorm engine=postgres pool=10 :3927
  mikroorm/postgres/write: 1906 req/s  p99=31ms  cpu=105% (kids 0%, db 45%)  err/to/n2=0/0/0  rss=234MB

== rep 23: drizzle on postgres ==
[server] adapter=drizzle engine=postgres pool=10 :3928
  drizzle/postgres/point_read: 4170 req/s  p99=13ms  cpu=100% (kids 0%, db 45%)  err/to/n2=0/0/0  rss=243MB
  drizzle/postgres/range_scan: 2753 req/s  p99=21ms  cpu=100% (kids 0%, db 40%)  err/to/n2=0/0/0  rss=244MB
  drizzle/postgres/deep_fetch: 1853 req/s  p99=32ms  cpu=100% (kids 0%, db 180%)  err/to/n2=0/0/0  rss=244MB
  drizzle/postgres/aggregation: 6499 req/s  p99=10ms  cpu=100% (kids 0%, db 395%)  err/to/n2=0/0/0  rss=240MB
[server] adapter=drizzle engine=postgres pool=10 :3929
  drizzle/postgres/write: 4016 req/s  p99=19ms  cpu=100% (kids 0%, db 70%)  err/to/n2=0/0/0  rss=243MB
[checkpoint] replicate 23/25 saved (90 cells)

===== replicate 24/25 (order=shuffle: prisma,pg,objection,mysql2-tuned,mikroorm,drizzle,objection,typeorm,mikroorm,mysql2,drizzle,knex,typeorm,knex,sequelize,prisma,sequelize,pg-tuned) =====

== rep 24: prisma on mysql ==
[server] adapter=prisma engine=mysql pool=10 :3930
  prisma/mysql/point_read: 2005 req/s  p99=30ms  cpu=105% (kids 0%, db 45%)  err/to/n2=0/0/0  rss=313MB
  prisma/mysql/range_scan: 1529 req/s  p99=39ms  cpu=105% (kids 0%, db 45%)  err/to/n2=0/0/0  rss=331MB
  prisma/mysql/deep_fetch: 625 req/s  p99=91ms  cpu=105% (kids 0%, db 60%)  err/to/n2=0/0/0  rss=335MB
  prisma/mysql/aggregation: 2402 req/s  p99=28ms  cpu=100% (kids 0%, db 235%)  err/to/n2=0/0/0  rss=344MB
[server] adapter=prisma engine=mysql pool=10 :3931
  prisma/mysql/write: 850 req/s  p99=138ms  cpu=95% (kids 0%, db 65%)  err/to/n2=0/0/0  rss=317MB

== rep 24: pg on postgres ==
[server] adapter=pg engine=postgres pool=10 :3932
  pg/postgres/point_read: 6841 req/s  p99=9ms  cpu=100% (kids 0%, db 70%)  err/to/n2=0/0/0  rss=196MB
  pg/postgres/range_scan: 3876 req/s  p99=18ms  cpu=110% (kids 0%, db 55%)  err/to/n2=0/0/0  rss=204MB
  pg/postgres/deep_fetch: 3626 req/s  p99=19ms  cpu=100% (kids 0%, db 345%)  err/to/n2=0/0/0  rss=203MB
  pg/postgres/aggregation: 6862 req/s  p99=10ms  cpu=100% (kids 0%, db 445%)  err/to/n2=0/0/0  rss=203MB
[server] adapter=pg engine=postgres pool=10 :3933
  pg/postgres/write: 5916 req/s  p99=13ms  cpu=100% (kids 0%, db 100%)  err/to/n2=0/0/0  rss=194MB

== rep 24: objection on postgres ==
[server] adapter=objection engine=postgres pool=10 :3934
  objection/postgres/point_read: 3986 req/s  p99=16ms  cpu=100% (kids 0%, db 40%)  err/to/n2=0/0/0  rss=204MB
  objection/postgres/range_scan: 2635 req/s  p99=24ms  cpu=100% (kids 0%, db 40%)  err/to/n2=0/0/0  rss=210MB
  objection/postgres/deep_fetch: 1030 req/s  p99=54ms  cpu=100% (kids 0%, db 50%)  err/to/n2=0/0/0  rss=212MB
  objection/postgres/aggregation: 3803 req/s  p99=16ms  cpu=100% (kids 0%, db 252%)  err/to/n2=0/0/0  rss=212MB
[server] adapter=objection engine=postgres pool=10 :3935
  objection/postgres/write: 3446 req/s  p99=31ms  cpu=95% (kids 0%, db 65%)  err/to/n2=0/0/0  rss=216MB

== rep 24: mysql2-tuned on mysql ==
[server] adapter=mysql2-tuned engine=mysql pool=10 :3936
  mysql2-tuned/mysql/point_read: 4184 req/s  p99=15ms  cpu=100% (kids 0%, db 35%)  err/to/n2=0/0/0  rss=203MB
  mysql2-tuned/mysql/range_scan: 3235 req/s  p99=19ms  cpu=100% (kids 0%, db 45%)  err/to/n2=0/0/0  rss=210MB
  mysql2-tuned/mysql/deep_fetch: 2433 req/s  p99=22ms  cpu=100% (kids 0%, db 75%)  err/to/n2=0/0/0  rss=208MB
  mysql2-tuned/mysql/aggregation: 4429 req/s  p99=14ms  cpu=100% (kids 0%, db 310%)  err/to/n2=0/0/0  rss=210MB
[server] adapter=mysql2-tuned engine=mysql pool=10 :3937
  mysql2-tuned/mysql/write: 1473 req/s  p99=131ms  cpu=40% (kids 0%, db 40%)  err/to/n2=0/0/0  rss=146MB

== rep 24: mikroorm on mysql ==
[server] adapter=mikroorm engine=mysql pool=10 :3938
  mikroorm/mysql/point_read: 1955 req/s  p99=30ms  cpu=100% (kids 0%, db 20%)  err/to/n2=0/0/0  rss=281MB
  mikroorm/mysql/range_scan: 854 req/s  p99=62ms  cpu=105% (kids 0%, db 15%)  err/to/n2=0/0/0  rss=347MB
  mikroorm/mysql/deep_fetch: 491 req/s  p99=116ms  cpu=110% (kids 0%, db 25%)  err/to/n2=0/0/0  rss=362MB
  mikroorm/mysql/aggregation: 3936 req/s  p99=17ms  cpu=100% (kids 0%, db 300%)  err/to/n2=0/0/0  rss=352MB
[server] adapter=mikroorm engine=mysql pool=10 :3939
  mikroorm/mysql/write: 1290 req/s  p99=131ms  cpu=95% (kids 0%, db 50%)  err/to/n2=0/0/0  rss=254MB

== rep 24: drizzle on mysql ==
[server] adapter=drizzle engine=mysql pool=10 :3940
  drizzle/mysql/point_read: 2928 req/s  p99=21ms  cpu=105% (kids 0%, db 35%)  err/to/n2=0/0/0  rss=285MB
  drizzle/mysql/range_scan: 2146 req/s  p99=30ms  cpu=105% (kids 0%, db 35%)  err/to/n2=0/0/0  rss=296MB
  drizzle/mysql/deep_fetch: 1332 req/s  p99=45ms  cpu=105% (kids 0%, db 50%)  err/to/n2=0/0/0  rss=296MB
  drizzle/mysql/aggregation: 3813 req/s  p99=17ms  cpu=105% (kids 0%, db 300%)  err/to/n2=0/0/0  rss=300MB
[server] adapter=drizzle engine=mysql pool=10 :3941
  drizzle/mysql/write: 1790 req/s  p99=101ms  cpu=65% (kids 0%, db 50%)  err/to/n2=0/0/0  rss=276MB

== rep 24: objection on mysql ==
[server] adapter=objection engine=mysql pool=10 :3942
  objection/mysql/point_read: 3144 req/s  p99=19ms  cpu=100% (kids 0%, db 35%)  err/to/n2=0/0/0  rss=214MB
  objection/mysql/range_scan: 2569 req/s  p99=23ms  cpu=100% (kids 0%, db 40%)  err/to/n2=0/0/0  rss=223MB
  objection/mysql/deep_fetch: 849 req/s  p99=64ms  cpu=100% (kids 0%, db 45%)  err/to/n2=0/0/0  rss=223MB
  objection/mysql/aggregation: 2989 req/s  p99=20ms  cpu=100% (kids 0%, db 225%)  err/to/n2=0/0/0  rss=224MB
[server] adapter=objection engine=mysql pool=10 :3943
  objection/mysql/write: 1793 req/s  p99=83ms  cpu=60% (kids 0%, db 50%)  err/to/n2=0/0/0  rss=211MB

== rep 24: typeorm on postgres ==
[server] adapter=typeorm engine=postgres pool=10 :3944
  typeorm/postgres/point_read: 4191 req/s  p99=15ms  cpu=100% (kids 0%, db 52%)  err/to/n2=0/0/0  rss=260MB
  typeorm/postgres/range_scan: 2579 req/s  p99=23ms  cpu=105% (kids 0%, db 40%)  err/to/n2=0/0/0  rss=269MB
  typeorm/postgres/deep_fetch: 1223 req/s  p99=49ms  cpu=105% (kids 0%, db 120%)  err/to/n2=0/0/0  rss=273MB
  typeorm/postgres/aggregation: 6034 req/s  p99=11ms  cpu=100% (kids 0%, db 370%)  err/to/n2=0/0/0  rss=273MB
[server] adapter=typeorm engine=postgres pool=10 :3945
  typeorm/postgres/write: 2628 req/s  p99=23ms  cpu=100% (kids 0%, db 67%)  err/to/n2=0/0/0  rss=238MB

== rep 24: mikroorm on postgres ==
[server] adapter=mikroorm engine=postgres pool=10 :3946
  mikroorm/postgres/point_read: 2452 req/s  p99=23ms  cpu=100% (kids 0%, db 25%)  err/to/n2=0/0/0  rss=297MB
  mikroorm/postgres/range_scan: 902 req/s  p99=68ms  cpu=105% (kids 0%, db 15%)  err/to/n2=0/0/0  rss=319MB
  mikroorm/postgres/deep_fetch: 519 req/s  p99=108ms  cpu=109% (kids 0%, db 50%)  err/to/n2=0/0/0  rss=328MB
  mikroorm/postgres/aggregation: 5619 req/s  p99=12ms  cpu=100% (kids 0%, db 345%)  err/to/n2=0/0/0  rss=330MB
[server] adapter=mikroorm engine=postgres pool=10 :3947
  mikroorm/postgres/write: 1949 req/s  p99=30ms  cpu=105% (kids 0%, db 45%)  err/to/n2=0/0/0  rss=246MB

== rep 24: mysql2 on mysql ==
[server] adapter=mysql2 engine=mysql pool=10 :3948
  mysql2/mysql/point_read: 4391 req/s  p99=15ms  cpu=105% (kids 0%, db 45%)  err/to/n2=0/0/0  rss=266MB
  mysql2/mysql/range_scan: 3268 req/s  p99=21ms  cpu=105% (kids 0%, db 55%)  err/to/n2=0/0/0  rss=290MB
  mysql2/mysql/deep_fetch: 2441 req/s  p99=28ms  cpu=105% (kids 0%, db 90%)  err/to/n2=0/0/0  rss=289MB
  mysql2/mysql/aggregation: 4446 req/s  p99=15ms  cpu=105% (kids 0%, db 340%)  err/to/n2=0/0/0  rss=289MB
[server] adapter=mysql2 engine=mysql pool=10 :3949
  mysql2/mysql/write: 1806 req/s  p99=107ms  cpu=45% (kids 0%, db 50%)  err/to/n2=0/0/0  rss=251MB

== rep 24: drizzle on postgres ==
[server] adapter=drizzle engine=postgres pool=10 :3950
  drizzle/postgres/point_read: 3936 req/s  p99=15ms  cpu=100% (kids 0%, db 42%)  err/to/n2=0/0/0  rss=237MB
  drizzle/postgres/range_scan: 2707 req/s  p99=22ms  cpu=100% (kids 0%, db 40%)  err/to/n2=0/0/0  rss=240MB
  drizzle/postgres/deep_fetch: 1760 req/s  p99=34ms  cpu=100% (kids 0%, db 175%)  err/to/n2=0/0/0  rss=240MB
  drizzle/postgres/aggregation: 6401 req/s  p99=10ms  cpu=100% (kids 0%, db 390%)  err/to/n2=0/0/0  rss=235MB
[server] adapter=drizzle engine=postgres pool=10 :3951
  drizzle/postgres/write: 3844 req/s  p99=16ms  cpu=100% (kids 0%, db 65%)  err/to/n2=0/0/0  rss=244MB

== rep 24: knex on postgres ==
[server] adapter=knex engine=postgres pool=10 :3952
  knex/postgres/point_read: 4920 req/s  p99=12ms  cpu=100% (kids 0%, db 55%)  err/to/n2=0/0/0  rss=201MB
  knex/postgres/range_scan: 3140 req/s  p99=19ms  cpu=100% (kids 0%, db 45%)  err/to/n2=0/0/0  rss=210MB
  knex/postgres/deep_fetch: 2469 req/s  p99=27ms  cpu=100% (kids 0%, db 245%)  err/to/n2=0/0/0  rss=210MB
  knex/postgres/aggregation: 5727 req/s  p99=11ms  cpu=100% (kids 0%, db 355%)  err/to/n2=0/0/0  rss=210MB
[server] adapter=knex engine=postgres pool=10 :3953
  knex/postgres/write: 4775 req/s  p99=14ms  cpu=100% (kids 0%, db 85%)  err/to/n2=0/0/0  rss=199MB

== rep 24: typeorm on mysql ==
[server] adapter=typeorm engine=mysql pool=10 :3954
  typeorm/mysql/point_read: 3033 req/s  p99=19ms  cpu=100% (kids 0%, db 35%)  err/to/n2=0/0/0  rss=218MB
  typeorm/mysql/range_scan: 2253 req/s  p99=24ms  cpu=100% (kids 0%, db 40%)  err/to/n2=0/0/0  rss=222MB
  typeorm/mysql/deep_fetch: 1009 req/s  p99=65ms  cpu=100% (kids 0%, db 70%)  err/to/n2=0/0/0  rss=225MB
  typeorm/mysql/aggregation: 3957 req/s  p99=16ms  cpu=100% (kids 0%, db 300%)  err/to/n2=0/0/0  rss=225MB
[server] adapter=typeorm engine=mysql pool=10 :3955
  typeorm/mysql/write: 1187 req/s  p99=94ms  cpu=80% (kids 0%, db 45%)  err/to/n2=0/0/0  rss=212MB

== rep 24: knex on mysql ==
[server] adapter=knex engine=mysql pool=10 :3956
  knex/mysql/point_read: 3797 req/s  p99=16ms  cpu=100% (kids 0%, db 45%)  err/to/n2=0/0/0  rss=207MB
  knex/mysql/range_scan: 3017 req/s  p99=19ms  cpu=100% (kids 0%, db 50%)  err/to/n2=0/0/0  rss=226MB
  knex/mysql/deep_fetch: 2028 req/s  p99=28ms  cpu=100% (kids 0%, db 80%)  err/to/n2=0/0/0  rss=228MB
  knex/mysql/aggregation: 3873 req/s  p99=18ms  cpu=100% (kids 0%, db 300%)  err/to/n2=0/0/0  rss=230MB
[server] adapter=knex engine=mysql pool=10 :3957
  knex/mysql/write: 1413 req/s  p99=130ms  cpu=40% (kids 0%, db 40%)  err/to/n2=0/0/0  rss=199MB

== rep 24: sequelize on mysql ==
[server] adapter=sequelize engine=mysql pool=10 :3958
  sequelize/mysql/point_read: 2710 req/s  p99=21ms  cpu=100% (kids 0%, db 30%)  err/to/n2=0/0/0  rss=217MB
  sequelize/mysql/range_scan: 2096 req/s  p99=26ms  cpu=100% (kids 0%, db 35%)  err/to/n2=0/0/0  rss=221MB
  sequelize/mysql/deep_fetch: 895 req/s  p99=63ms  cpu=102% (kids 0%, db 30%)  err/to/n2=0/0/0  rss=257MB
  sequelize/mysql/aggregation: 3384 req/s  p99=21ms  cpu=100% (kids 0%, db 255%)  err/to/n2=0/0/0  rss=257MB
[server] adapter=sequelize engine=mysql pool=10 :3959
  sequelize/mysql/write: 1357 req/s  p99=130ms  cpu=65% (kids 0%, db 35%)  err/to/n2=0/0/0  rss=212MB

== rep 24: prisma on postgres ==
[server] adapter=prisma engine=postgres pool=10 :3960
  prisma/postgres/point_read: 3084 req/s  p99=22ms  cpu=105% (kids 0%, db 40%)  err/to/n2=0/0/0  rss=301MB
  prisma/postgres/range_scan: 2453 req/s  p99=26ms  cpu=105% (kids 0%, db 40%)  err/to/n2=0/0/0  rss=301MB
  prisma/postgres/deep_fetch: 1172 req/s  p99=51ms  cpu=107% (kids 0%, db 60%)  err/to/n2=0/0/0  rss=305MB
  prisma/postgres/aggregation: 4392 req/s  p99=15ms  cpu=100% (kids 0%, db 289%)  err/to/n2=0/0/0  rss=307MB
[server] adapter=prisma engine=postgres pool=10 :3961
  prisma/postgres/write: 2741 req/s  p99=24ms  cpu=105% (kids 0%, db 55%)  err/to/n2=0/0/0  rss=303MB

== rep 24: sequelize on postgres ==
[server] adapter=sequelize engine=postgres pool=10 :3962
  sequelize/postgres/point_read: 3561 req/s  p99=16ms  cpu=100% (kids 0%, db 35%)  err/to/n2=0/0/0  rss=205MB
  sequelize/postgres/range_scan: 2438 req/s  p99=24ms  cpu=100% (kids 0%, db 35%)  err/to/n2=0/0/0  rss=211MB
  sequelize/postgres/deep_fetch: 1006 req/s  p99=58ms  cpu=100% (kids 0%, db 50%)  err/to/n2=0/0/0  rss=250MB
  sequelize/postgres/aggregation: 4689 req/s  p99=14ms  cpu=100% (kids 0%, db 305%)  err/to/n2=0/0/0  rss=254MB
[server] adapter=sequelize engine=postgres pool=10 :3963
  sequelize/postgres/write: 2605 req/s  p99=24ms  cpu=100% (kids 0%, db 50%)  err/to/n2=0/0/0  rss=205MB

== rep 24: pg-tuned on postgres ==
[server] adapter=pg-tuned engine=postgres pool=10 :3964
  pg-tuned/postgres/point_read: 6733 req/s  p99=10ms  cpu=100% (kids 0%, db 35%)  err/to/n2=0/0/0  rss=196MB
  pg-tuned/postgres/range_scan: 3884 req/s  p99=17ms  cpu=102% (kids 0%, db 50%)  err/to/n2=0/0/0  rss=204MB
  pg-tuned/postgres/deep_fetch: 3758 req/s  p99=17ms  cpu=100% (kids 0%, db 220%)  err/to/n2=0/0/0  rss=228MB
  pg-tuned/postgres/aggregation: 7527 req/s  p99=9ms  cpu=100% (kids 0%, db 250%)  err/to/n2=0/0/0  rss=228MB
[server] adapter=pg-tuned engine=postgres pool=10 :3965
  pg-tuned/postgres/write: 5881 req/s  p99=17ms  cpu=95% (kids 0%, db 70%)  err/to/n2=0/0/0  rss=195MB
[checkpoint] replicate 24/25 saved (90 cells)

===== replicate 25/25 (order=shuffle: mysql2-tuned,sequelize,pg,mikroorm,mikroorm,typeorm,drizzle,prisma,mysql2,drizzle,objection,objection,typeorm,pg-tuned,prisma,sequelize,knex,knex) =====

== rep 25: mysql2-tuned on mysql ==
[server] adapter=mysql2-tuned engine=mysql pool=10 :3966
  mysql2-tuned/mysql/point_read: 4245 req/s  p99=15ms  cpu=100% (kids 0%, db 35%)  err/to/n2=0/0/0  rss=206MB
  mysql2-tuned/mysql/range_scan: 3250 req/s  p99=18ms  cpu=100% (kids 0%, db 40%)  err/to/n2=0/0/0  rss=212MB
  mysql2-tuned/mysql/deep_fetch: 2240 req/s  p99=26ms  cpu=100% (kids 0%, db 65%)  err/to/n2=0/0/0  rss=212MB
  mysql2-tuned/mysql/aggregation: 4441 req/s  p99=14ms  cpu=100% (kids 0%, db 310%)  err/to/n2=0/0/0  rss=212MB
[server] adapter=mysql2-tuned engine=mysql pool=10 :3967
  mysql2-tuned/mysql/write: 1540 req/s  p99=123ms  cpu=40% (kids 0%, db 40%)  err/to/n2=0/0/0  rss=144MB

== rep 25: sequelize on postgres ==
[server] adapter=sequelize engine=postgres pool=10 :3968
  sequelize/postgres/point_read: 3373 req/s  p99=17ms  cpu=100% (kids 0%, db 30%)  err/to/n2=0/0/0  rss=206MB
  sequelize/postgres/range_scan: 2260 req/s  p99=26ms  cpu=100% (kids 0%, db 30%)  err/to/n2=0/0/0  rss=213MB
  sequelize/postgres/deep_fetch: 916 req/s  p99=65ms  cpu=104% (kids 0%, db 50%)  err/to/n2=0/0/0  rss=242MB
  sequelize/postgres/aggregation: 4451 req/s  p99=14ms  cpu=100% (kids 0%, db 299%)  err/to/n2=0/0/0  rss=243MB
[server] adapter=sequelize engine=postgres pool=10 :3969
  sequelize/postgres/write: 2493 req/s  p99=36ms  cpu=100% (kids 0%, db 50%)  err/to/n2=0/0/0  rss=224MB

== rep 25: pg on postgres ==
[server] adapter=pg engine=postgres pool=10 :3970
  pg/postgres/point_read: 6714 req/s  p99=9ms  cpu=100% (kids 0%, db 70%)  err/to/n2=0/0/0  rss=196MB
  pg/postgres/range_scan: 3803 req/s  p99=18ms  cpu=105% (kids 0%, db 55%)  err/to/n2=0/0/0  rss=205MB
  pg/postgres/deep_fetch: 3682 req/s  p99=16ms  cpu=100% (kids 0%, db 355%)  err/to/n2=0/0/0  rss=202MB
  pg/postgres/aggregation: 6920 req/s  p99=9ms  cpu=100% (kids 0%, db 445%)  err/to/n2=0/0/0  rss=202MB
[server] adapter=pg engine=postgres pool=10 :3971
  pg/postgres/write: 6255 req/s  p99=11ms  cpu=100% (kids 0%, db 110%)  err/to/n2=0/0/0  rss=196MB

== rep 25: mikroorm on postgres ==
[server] adapter=mikroorm engine=postgres pool=10 :3972
  mikroorm/postgres/point_read: 2414 req/s  p99=23ms  cpu=100% (kids 0%, db 25%)  err/to/n2=0/0/0  rss=267MB
  mikroorm/postgres/range_scan: 863 req/s  p99=70ms  cpu=105% (kids 0%, db 15%)  err/to/n2=0/0/0  rss=320MB
  mikroorm/postgres/deep_fetch: 530 req/s  p99=104ms  cpu=110% (kids 0%, db 50%)  err/to/n2=0/0/0  rss=329MB
  mikroorm/postgres/aggregation: 5621 req/s  p99=13ms  cpu=100% (kids 0%, db 352%)  err/to/n2=0/0/0  rss=327MB
[server] adapter=mikroorm engine=postgres pool=10 :3973
  mikroorm/postgres/write: 1819 req/s  p99=43ms  cpu=100% (kids 0%, db 45%)  err/to/n2=0/0/0  rss=244MB

== rep 25: mikroorm on mysql ==
[server] adapter=mikroorm engine=mysql pool=10 :3974
  mikroorm/mysql/point_read: 2030 req/s  p99=28ms  cpu=105% (kids 0%, db 25%)  err/to/n2=0/0/0  rss=247MB
  mikroorm/mysql/range_scan: 835 req/s  p99=75ms  cpu=100% (kids 0%, db 15%)  err/to/n2=0/0/0  rss=337MB
  mikroorm/mysql/deep_fetch: 416 req/s  p99=134ms  cpu=105% (kids 0%, db 20%)  err/to/n2=0/0/0  rss=344MB
  mikroorm/mysql/aggregation: 3924 req/s  p99=17ms  cpu=100% (kids 0%, db 300%)  err/to/n2=0/0/0  rss=343MB
[server] adapter=mikroorm engine=mysql pool=10 :3975
  mikroorm/mysql/write: 1109 req/s  p99=145ms  cpu=90% (kids 0%, db 45%)  err/to/n2=0/0/0  rss=251MB

== rep 25: typeorm on mysql ==
[server] adapter=typeorm engine=mysql pool=10 :3976
  typeorm/mysql/point_read: 2849 req/s  p99=20ms  cpu=100% (kids 0%, db 35%)  err/to/n2=0/0/0  rss=215MB
  typeorm/mysql/range_scan: 2276 req/s  p99=25ms  cpu=100% (kids 0%, db 40%)  err/to/n2=0/0/0  rss=221MB
  typeorm/mysql/deep_fetch: 1017 req/s  p99=58ms  cpu=100% (kids 0%, db 70%)  err/to/n2=0/0/0  rss=223MB
  typeorm/mysql/aggregation: 3808 req/s  p99=18ms  cpu=100% (kids 0%, db 295%)  err/to/n2=0/0/0  rss=223MB
[server] adapter=typeorm engine=mysql pool=10 :3977
  typeorm/mysql/write: 1348 req/s  p99=127ms  cpu=95% (kids 0%, db 50%)  err/to/n2=0/0/0  rss=216MB

== rep 25: drizzle on mysql ==
[server] adapter=drizzle engine=mysql pool=10 :3978
  drizzle/mysql/point_read: 2675 req/s  p99=25ms  cpu=105% (kids 0%, db 30%)  err/to/n2=0/0/0  rss=285MB
  drizzle/mysql/range_scan: 2129 req/s  p99=29ms  cpu=105% (kids 0%, db 35%)  err/to/n2=0/0/0  rss=297MB
  drizzle/mysql/deep_fetch: 1294 req/s  p99=47ms  cpu=105% (kids 0%, db 45%)  err/to/n2=0/0/0  rss=299MB
  drizzle/mysql/aggregation: 3934 req/s  p99=18ms  cpu=105% (kids 0%, db 305%)  err/to/n2=0/0/0  rss=300MB
[server] adapter=drizzle engine=mysql pool=10 :3979
  drizzle/mysql/write: 1784 req/s  p99=117ms  cpu=60% (kids 0%, db 50%)  err/to/n2=0/0/0  rss=279MB

== rep 25: prisma on mysql ==
[server] adapter=prisma engine=mysql pool=10 :3980
  prisma/mysql/point_read: 1998 req/s  p99=30ms  cpu=105% (kids 0%, db 45%)  err/to/n2=0/0/0  rss=313MB
  prisma/mysql/range_scan: 1535 req/s  p99=38ms  cpu=105% (kids 0%, db 40%)  err/to/n2=0/0/0  rss=329MB
  prisma/mysql/deep_fetch: 617 req/s  p99=91ms  cpu=105% (kids 0%, db 60%)  err/to/n2=0/0/0  rss=334MB
  prisma/mysql/aggregation: 2420 req/s  p99=26ms  cpu=100% (kids 0%, db 234%)  err/to/n2=0/0/0  rss=342MB
[server] adapter=prisma engine=mysql pool=10 :3981
  prisma/mysql/write: 909 req/s  p99=102ms  cpu=100% (kids 0%, db 70%)  err/to/n2=0/0/0  rss=317MB

== rep 25: mysql2 on mysql ==
[server] adapter=mysql2 engine=mysql pool=10 :3982
  mysql2/mysql/point_read: 4318 req/s  p99=17ms  cpu=105% (kids 0%, db 45%)  err/to/n2=0/0/0  rss=267MB
  mysql2/mysql/range_scan: 3371 req/s  p99=20ms  cpu=105% (kids 0%, db 55%)  err/to/n2=0/0/0  rss=292MB
  mysql2/mysql/deep_fetch: 2296 req/s  p99=30ms  cpu=105% (kids 0%, db 80%)  err/to/n2=0/0/0  rss=292MB
  mysql2/mysql/aggregation: 4349 req/s  p99=17ms  cpu=100% (kids 0%, db 340%)  err/to/n2=0/0/0  rss=292MB
[server] adapter=mysql2 engine=mysql pool=10 :3983
  mysql2/mysql/write: 1803 req/s  p99=115ms  cpu=45% (kids 0%, db 50%)  err/to/n2=0/0/0  rss=250MB

== rep 25: drizzle on postgres ==
[server] adapter=drizzle engine=postgres pool=10 :3984
  drizzle/postgres/point_read: 4153 req/s  p99=14ms  cpu=100% (kids 0%, db 45%)  err/to/n2=0/0/0  rss=237MB
  drizzle/postgres/range_scan: 2815 req/s  p99=19ms  cpu=100% (kids 0%, db 42%)  err/to/n2=0/0/0  rss=240MB
  drizzle/postgres/deep_fetch: 1892 req/s  p99=29ms  cpu=100% (kids 0%, db 185%)  err/to/n2=0/0/0  rss=238MB
  drizzle/postgres/aggregation: 6356 req/s  p99=10ms  cpu=100% (kids 0%, db 390%)  err/to/n2=0/0/0  rss=234MB
[server] adapter=drizzle engine=postgres pool=10 :3985
  drizzle/postgres/write: 4104 req/s  p99=14ms  cpu=100% (kids 0%, db 75%)  err/to/n2=0/0/0  rss=242MB

== rep 25: objection on postgres ==
[server] adapter=objection engine=postgres pool=10 :3986
  objection/postgres/point_read: 3981 req/s  p99=15ms  cpu=100% (kids 0%, db 40%)  err/to/n2=0/0/0  rss=210MB
  objection/postgres/range_scan: 2665 req/s  p99=23ms  cpu=100% (kids 0%, db 40%)  err/to/n2=0/0/0  rss=218MB
  objection/postgres/deep_fetch: 1035 req/s  p99=58ms  cpu=100% (kids 0%, db 55%)  err/to/n2=0/0/0  rss=219MB
  objection/postgres/aggregation: 3817 req/s  p99=17ms  cpu=100% (kids 0%, db 255%)  err/to/n2=0/0/0  rss=219MB
[server] adapter=objection engine=postgres pool=10 :3987
  objection/postgres/write: 3794 req/s  p99=16ms  cpu=100% (kids 0%, db 70%)  err/to/n2=0/0/0  rss=210MB

== rep 25: objection on mysql ==
[server] adapter=objection engine=mysql pool=10 :3988
  objection/mysql/point_read: 3152 req/s  p99=19ms  cpu=100% (kids 0%, db 35%)  err/to/n2=0/0/0  rss=215MB
  objection/mysql/range_scan: 2569 req/s  p99=21ms  cpu=100% (kids 0%, db 40%)  err/to/n2=0/0/0  rss=222MB
  objection/mysql/deep_fetch: 851 req/s  p99=69ms  cpu=100% (kids 0%, db 45%)  err/to/n2=0/0/0  rss=222MB
  objection/mysql/aggregation: 3024 req/s  p99=20ms  cpu=100% (kids 0%, db 230%)  err/to/n2=0/0/0  rss=222MB
[server] adapter=objection engine=mysql pool=10 :3989
  objection/mysql/write: 1805 req/s  p99=104ms  cpu=60% (kids 0%, db 50%)  err/to/n2=0/0/0  rss=209MB

== rep 25: typeorm on postgres ==
[server] adapter=typeorm engine=postgres pool=10 :3990
  typeorm/postgres/point_read: 3742 req/s  p99=16ms  cpu=100% (kids 0%, db 45%)  err/to/n2=0/0/0  rss=260MB
  typeorm/postgres/range_scan: 2562 req/s  p99=25ms  cpu=105% (kids 0%, db 45%)  err/to/n2=0/0/0  rss=265MB
  typeorm/postgres/deep_fetch: 1218 req/s  p99=49ms  cpu=105% (kids 0%, db 120%)  err/to/n2=0/0/0  rss=273MB
  typeorm/postgres/aggregation: 6153 req/s  p99=12ms  cpu=100% (kids 0%, db 380%)  err/to/n2=0/0/0  rss=273MB
[server] adapter=typeorm engine=postgres pool=10 :3991
  typeorm/postgres/write: 2499 req/s  p99=26ms  cpu=100% (kids 0%, db 65%)  err/to/n2=0/0/0  rss=239MB

== rep 25: pg-tuned on postgres ==
[server] adapter=pg-tuned engine=postgres pool=10 :3992
  pg-tuned/postgres/point_read: 6830 req/s  p99=9ms  cpu=100% (kids 0%, db 35%)  err/to/n2=0/0/0  rss=193MB
  pg-tuned/postgres/range_scan: 3774 req/s  p99=18ms  cpu=105% (kids 0%, db 45%)  err/to/n2=0/0/0  rss=203MB
  pg-tuned/postgres/deep_fetch: 3654 req/s  p99=19ms  cpu=100% (kids 0%, db 220%)  err/to/n2=0/0/0  rss=203MB
  pg-tuned/postgres/aggregation: 7283 req/s  p99=10ms  cpu=100% (kids 0%, db 248%)  err/to/n2=0/0/0  rss=203MB
[server] adapter=pg-tuned engine=postgres pool=10 :3993
  pg-tuned/postgres/write: 6190 req/s  p99=13ms  cpu=100% (kids 0%, db 75%)  err/to/n2=0/0/0  rss=198MB

== rep 25: prisma on postgres ==
[server] adapter=prisma engine=postgres pool=10 :3994
  prisma/postgres/point_read: 3213 req/s  p99=21ms  cpu=105% (kids 0%, db 40%)  err/to/n2=0/0/0  rss=303MB
  prisma/postgres/range_scan: 2385 req/s  p99=27ms  cpu=105% (kids 0%, db 40%)  err/to/n2=0/0/0  rss=300MB
  prisma/postgres/deep_fetch: 1164 req/s  p99=54ms  cpu=105% (kids 0%, db 60%)  err/to/n2=0/0/0  rss=303MB
  prisma/postgres/aggregation: 4287 req/s  p99=17ms  cpu=100% (kids 0%, db 289%)  err/to/n2=0/0/0  rss=307MB
[server] adapter=prisma engine=postgres pool=10 :3995
  prisma/postgres/write: 2807 req/s  p99=24ms  cpu=105% (kids 0%, db 57%)  err/to/n2=0/0/0  rss=304MB

== rep 25: sequelize on mysql ==
[server] adapter=sequelize engine=mysql pool=10 :3996
  sequelize/mysql/point_read: 2741 req/s  p99=21ms  cpu=100% (kids 0%, db 30%)  err/to/n2=0/0/0  rss=219MB
  sequelize/mysql/range_scan: 2118 req/s  p99=25ms  cpu=100% (kids 0%, db 35%)  err/to/n2=0/0/0  rss=224MB
  sequelize/mysql/deep_fetch: 889 req/s  p99=65ms  cpu=100% (kids 0%, db 30%)  err/to/n2=0/0/0  rss=264MB
  sequelize/mysql/aggregation: 3433 req/s  p99=20ms  cpu=100% (kids 0%, db 260%)  err/to/n2=0/0/0  rss=273MB
[server] adapter=sequelize engine=mysql pool=10 :3997
  sequelize/mysql/write: 1526 req/s  p99=114ms  cpu=75% (kids 0%, db 40%)  err/to/n2=0/0/0  rss=211MB

== rep 25: knex on postgres ==
[server] adapter=knex engine=postgres pool=10 :3998
  knex/postgres/point_read: 4292 req/s  p99=14ms  cpu=100% (kids 0%, db 45%)  err/to/n2=0/0/0  rss=203MB
  knex/postgres/range_scan: 3097 req/s  p99=21ms  cpu=100% (kids 0%, db 45%)  err/to/n2=0/0/0  rss=211MB
  knex/postgres/deep_fetch: 2480 req/s  p99=23ms  cpu=100% (kids 0%, db 240%)  err/to/n2=0/0/0  rss=211MB
  knex/postgres/aggregation: 5581 req/s  p99=12ms  cpu=100% (kids 0%, db 345%)  err/to/n2=0/0/0  rss=211MB
[server] adapter=knex engine=postgres pool=10 :3999
  knex/postgres/write: 4421 req/s  p99=21ms  cpu=95% (kids 0%, db 77%)  err/to/n2=0/0/0  rss=200MB

== rep 25: knex on mysql ==
[server] adapter=knex engine=mysql pool=10 :4000
  knex/mysql/point_read: 3762 req/s  p99=15ms  cpu=100% (kids 0%, db 40%)  err/to/n2=0/0/0  rss=208MB
  knex/mysql/range_scan: 2914 req/s  p99=21ms  cpu=100% (kids 0%, db 50%)  err/to/n2=0/0/0  rss=222MB
  knex/mysql/deep_fetch: 2024 req/s  p99=29ms  cpu=100% (kids 0%, db 75%)  err/to/n2=0/0/0  rss=223MB
  knex/mysql/aggregation: 3934 req/s  p99=17ms  cpu=100% (kids 0%, db 300%)  err/to/n2=0/0/0  rss=226MB
[server] adapter=knex engine=mysql pool=10 :4001
  knex/mysql/write: 1369 req/s  p99=154ms  cpu=40% (kids 0%, db 40%)  err/to/n2=0/0/0  rss=200MB
[checkpoint] replicate 25/25 saved (90 cells)

Wrote 90 rows → results/rq2-campaign2.json (25 repeated runs, order=shuffle, paired streams, write-rebuild=true, 12s runs).

> express-db-access-performance-experiments@0.1.0 verify:campaign-state
> ENGINE=postgres node bench/verify-campaign-state.mjs && ENGINE=mysql node bench/verify-campaign-state.mjs

postgres campaign-state preflight: PASS
{
  "expected": {
    "authors": 2000,
    "posts": 100006,
    "comments": 1000661,
    "nextPostId": 300001
  },
  "actual": {
    "authors": 2000,
    "posts": 100006,
    "comments": 1000661,
    "strayPosts": 0,
    "nextPostId": 300001,
    "fanout": [
      {
        "id": 250001,
        "comments": 0
      },
      {
        "id": 250002,
        "comments": 1
      },
      {
        "id": 250003,
        "comments": 10
      },
      {
        "id": 250004,
        "comments": 50
      },
      {
        "id": 250005,
        "comments": 100
      },
      {
        "id": 250006,
        "comments": 500
      }
    ]
  },
  "checks": {
    "authors": true,
    "posts": true,
    "comments": true,
    "noStrayPosts": true,
    "writeSequence": true,
    "fanout": true
  },
  "status": "PASS"
}
mysql campaign-state preflight: PASS
{
  "expected": {
    "authors": 2000,
    "posts": 100006,
    "comments": 1000661,
    "nextPostId": 300001
  },
  "actual": {
    "authors": 2000,
    "posts": 100006,
    "comments": 1000661,
    "strayPosts": 0,
    "nextPostId": 300001,
    "fanout": [
      {
        "id": 250001,
        "comments": 0
      },
      {
        "id": 250002,
        "comments": 1
      },
      {
        "id": 250003,
        "comments": 10
      },
      {
        "id": 250004,
        "comments": 50
      },
      {
        "id": 250005,
        "comments": 100
      },
      {
        "id": 250006,
        "comments": 500
      }
    ]
  },
  "checks": {
    "authors": true,
    "posts": true,
    "comments": true,
    "noStrayPosts": true,
    "writeSequence": true,
    "fanout": true
  },
  "status": "PASS"
}

> express-db-access-performance-experiments@0.1.0 verify:seed-parity
> node bench/verify-seed-parity.mjs

{
  "scope": "fan-out posts/comments; database-generated timestamps excluded",
  "rows": 662,
  "sha256": "402e0aebbbc99f6ca32f6e176182fbb4fe753fe273f2e79fb00d5b73a99fe5ca",
  "status": "IDENTICAL ACROSS ENGINES"
}
